bus_id,route,passengers,speed_kmph,traffic,weather,time_period,day_type,congestion_score,delay_minutes
B039,R08,27,19,Medium,Rain,Morning,Weekday,49.93,13.05
B029,R01,49,48,Low,Clear,Morning,Weekday,43.87,6.61
B015,R04,22,11,High,Clear,Evening,Weekday,69.83,11.61
B043,R05,53,8,High,Rain,Night,Weekday,84.86,15.42
B008,R04,29,27,Medium,Cloudy,Night,Weekday,63.1,6.19
B021,R06,5,19,Medium,Cloudy,Night,Weekday,39.11,6.16
B039,R03,58,8,High,Clear,Night,Weekend,87.86,12.12
B019,R04,19,31,Medium,Clear,Morning,Weekday,51.31,9.2
B023,R05,38,36,Medium,Cloudy,Evening,Weekend,56.88,9.06
B011,R07,52,8,High,Clear,Morning,Weekday,83.06,16.79
B011,R01,24,23,Medium,Clear,Morning,Weekday,53.7,9.48
B024,R02,58,21,Medium,Clear,Night,Weekend,72.92,7.64
B036,R03,41,8,High,Clear,Night,Weekday,87.01,11.19
B040,R05,31,30,Medium,Cloudy,Afternoon,Weekday,54.51,4.29
B024,R08,26,14,Medium,Rain,Evening,Weekday,49.15,13.6
B003,R06,55,48,Low,Cloudy,Night,Weekend,43.61,6.28
B022,R06,9,32,Medium,Rain,Night,Weekday,51.51,8.38
B002,R06,38,48,Low,Cloudy,Morning,Weekend,40.63,6.95
B024,R08,43,30,Medium,Cloudy,Morning,Weekday,57.4,7.97
B044,R08,7,30,Medium,Clear,Morning,Weekday,40.1,6.81
B030,R03,21,14,High,Clear,Night,Weekday,64.95,8.95
B038,R04,28,34,Medium,Cloudy,Evening,Weekend,53.6,5.8
B002,R03,28,16,High,Clear,Night,Weekday,76.41,12.43
B021,R06,7,40,Low,Cloudy,Night,Weekday,31.23,4.65
B033,R07,49,28,High,Clear,Evening,Weekday,89.92,13.05
B012,R05,11,8,Medium,Rain,Night,Weekday,45.68,9.81
B022,R02,29,18,Medium,Rain,Night,Weekday,51.04,12.02
B044,R02,60,39,Low,Clear,Evening,Weekday,52.29,7.32
B025,R03,7,29,Medium,Clear,Night,Weekday,34.65,5.87
B049,R06,19,38,Medium,Cloudy,Afternoon,Weekday,45.56,7.93
B027,R08,33,27,Medium,Clear,Afternoon,Weekend,59.68,5.49
B042,R01,54,27,High,Clear,Morning,Weekday,91.38,10.4
B028,R07,33,8,High,Rain,Night,Weekday,83.04,11.9
B016,R03,14,8,High,Rain,Evening,Weekend,66.43,13.6
B015,R06,36,37,Medium,Cloudy,Evening,Weekday,64.48,12.17
B047,R04,27,8,High,Clear,Afternoon,Weekday,71.58,10.45
B044,R02,43,15,High,Clear,Morning,Weekend,79.18,9.47
B003,R02,13,42,Low,Clear,Night,Weekday,28.04,3.02
B037,R07,41,39,Medium,Clear,Evening,Weekday,66.21,8.42
B007,R02,56,22,Low,Clear,Evening,Weekday,52.7,9.35
B021,R01,44,40,Low,Clear,Night,Weekday,47.17,5.9
B009,R06,18,43,Low,Rain,Morning,Weekday,31.63,4.94
B039,R06,8,37,Low,Cloudy,Afternoon,Weekday,28.8,2.32
B018,R07,24,42,Medium,Cloudy,Night,Weekday,52.14,4.25
B004,R06,32,28,Medium,Rain,Night,Weekday,57.58,11.67
B025,R08,18,23,Low,Clear,Night,Weekend,42.94,3.16
B014,R07,48,32,High,Clear,Afternoon,Weekday,88.39,10.18
B050,R06,38,13,High,Rain,Evening,Weekday,79.1,16.08
B009,R01,17,8,High,Rain,Night,Weekday,72.52,12.18
B026,R05,35,31,Medium,Cloudy,Night,Weekend,52.22,2.88
B002,R03,37,42,Medium,Clear,Night,Weekday,56.89,8.48
B020,R03,56,27,Low,Cloudy,Night,Weekday,46.99,8.85
B028,R06,43,44,Low,Clear,Morning,Weekday,37.91,6.47
B047,R04,32,36,Low,Clear,Morning,Weekend,44.85,4.67
B007,R02,29,25,Medium,Clear,Morning,Weekday,56.87,11.95
B044,R01,36,18,High,Rain,Evening,Weekday,80.93,13.83
B008,R04,13,39,Low,Clear,Night,Weekday,25.98,5.39
B047,R08,32,23,Low,Rain,Night,Weekday,30.24,6.5
B035,R04,35,27,Low,Clear,Night,Weekend,37.18,5.73
B014,R06,21,12,Medium,Clear,Night,Weekend,48.39,5.53
B017,R01,57,25,Medium,Rain,Afternoon,Weekday,63.42,11.95
B036,R03,27,28,Medium,Clear,Afternoon,Weekend,57.3,6.45
B050,R02,17,39,Low,Cloudy,Afternoon,Weekday,27.17,3.81
B040,R03,59,39,Medium,Clear,Night,Weekend,60.6,6.25
B004,R04,14,37,Low,Cloudy,Afternoon,Weekday,27.0,6.03
B002,R08,20,40,Medium,Clear,Afternoon,Weekday,50.1,6.07
B006,R02,10,29,Low,Clear,Evening,Weekend,28.77,6.47
B042,R05,52,12,High,Cloudy,Evening,Weekend,86.6,16.79
B004,R04,15,13,Medium,Clear,Afternoon,Weekend,44.44,5.28
B029,R03,56,31,Medium,Clear,Afternoon,Weekday,70.49,7.2
B018,R03,7,42,Medium,Cloudy,Evening,Weekday,40.26,5.04
B026,R06,32,14,Medium,Clear,Afternoon,Weekday,59.53,6.21
B044,R03,45,20,Low,Clear,Night,Weekday,48.28,9.86
B034,R01,19,39,Medium,Cloudy,Afternoon,Weekday,37.1,5.61
B010,R04,17,8,Medium,Rain,Night,Weekday,44.75,7.19
B036,R07,46,29,Medium,Clear,Afternoon,Weekday,65.32,7.7
B014,R07,56,19,Medium,Cloudy,Morning,Weekday,68.46,10.08
B031,R08,60,21,High,Cloudy,Afternoon,Weekday,96.49,9.55
B048,R02,49,33,High,Clear,Morning,Weekday,90.75,10.56
B015,R03,21,20,Low,Clear,Afternoon,Weekday,35.13,6.28
B008,R06,11,33,Medium,Clear,Afternoon,Weekday,37.07,5.78
B014,R06,32,36,Low,Cloudy,Night,Weekend,35.18,5.48
B023,R03,42,21,Medium,Clear,Evening,Weekday,64.2,10.51
B040,R01,17,13,Medium,Rain,Evening,Weekday,48.37,12.76
B021,R06,21,41,Low,Cloudy,Night,Weekday,29.87,4.07
B016,R07,19,13,High,Clear,Evening,Weekend,75.69,9.27
B045,R02,40,33,Medium,Clear,Morning,Weekday,61.79,7.27
B018,R04,32,8,Medium,Rain,Morning,Weekend,54.74,12.42
B047,R05,19,35,Low,Clear,Afternoon,Weekday,23.57,3.62
B024,R01,50,18,Medium,Clear,Morning,Weekday,73.6,11.56
B026,R08,57,8,High,Cloudy,Evening,Weekday,90.01,13.54
B025,R08,15,28,Medium,Clear,Morning,Weekend,45.17,6.3
B045,R06,60,12,High,Clear,Afternoon,Weekday,94.66,12.23
B041,R04,35,34,Low,Clear,Morning,Weekday,29.48,7.02
B029,R05,8,19,Medium,Clear,Evening,Weekday,52.76,6.91
B015,R08,39,8,High,Clear,Night,Weekday,82.56,8.59
B045,R03,38,23,Medium,Rain,Afternoon,Weekend,69.97,10.64
B001,R03,56,14,Low,Rain,Night,Weekday,51.17,9.31
B025,R02,31,13,Medium,Clear,Morning,Weekday,56.69,10.53
B007,R05,14,24,Medium,Clear,Afternoon,Weekday,43.98,7.59
B009,R03,34,38,Medium,Clear,Afternoon,Weekday,54.81,8.72
B024,R08,49,22,High,Clear,Morning,Weekday,78.3,14.57
B001,R03,24,8,High,Clear,Afternoon,Weekday,81.89,9.0
B044,R07,33,39,Medium,Clear,Morning,Weekday,57.16,8.08
B008,R06,57,43,Low,Rain,Night,Weekend,52.85,6.95
B024,R08,33,37,Medium,Clear,Night,Weekday,61.65,9.24
B011,R08,27,26,High,Clear,Evening,Weekend,72.38,8.24
B017,R08,54,18,High,Clear,Evening,Weekend,82.99,14.27
B008,R02,25,21,Low,Clear,Morning,Weekday,28.92,8.46
B035,R04,52,35,Medium,Rain,Morning,Weekday,58.26,11.06
B035,R08,47,47,Low,Clear,Night,Weekend,37.91,5.23
B033,R03,14,28,Low,Rain,Afternoon,Weekday,29.68,7.06
B005,R07,45,33,Medium,Clear,Morning,Weekday,67.62,6.84
B042,R08,16,39,Medium,Cloudy,Afternoon,Weekday,48.03,6.3
B039,R01,34,26,Low,Rain,Evening,Weekday,41.62,10.18
B041,R01,55,9,High,Clear,Night,Weekday,92.24,11.15
B028,R04,37,14,High,Clear,Morning,Weekday,76.93,11.07
B007,R05,22,17,High,Cloudy,Evening,Weekday,76.44,12.84
B009,R02,18,39,Low,Clear,Morning,Weekend,28.19,4.88
B008,R07,26,15,Medium,Cloudy,Evening,Weekday,50.86,9.73
B012,R06,25,28,Medium,Clear,Night,Weekday,52.93,6.45
B034,R07,5,35,Low,Clear,Morning,Weekday,15.45,5.01
B033,R01,53,38,Medium,Clear,Morning,Weekday,66.32,8.31
B048,R01,47,8,High,Rain,Afternoon,Weekend,71.96,12.53
B023,R04,56,27,Low,Clear,Afternoon,Weekday,51.38,7.97
B024,R05,19,32,High,Clear,Morning,Weekend,63.03,8.54
B037,R05,40,16,High,Cloudy,Night,Weekend,79.97,9.95
B035,R04,51,29,High,Clear,Afternoon,Weekday,92.92,9.54
B044,R08,58,8,High,Clear,Morning,Weekday,89.36,10.92
B040,R07,26,27,Medium,Clear,Morning,Weekend,43.53,8.31
B022,R01,36,20,High,Cloudy,Evening,Weekday,78.65,11.17
B027,R07,50,15,Medium,Cloudy,Night,Weekend,63.72,9.4
B035,R07,58,19,High,Clear,Afternoon,Weekday,93.66,13.68
B001,R02,37,21,Low,Clear,Afternoon,Weekday,37.93,5.61
B035,R01,45,39,Low,Cloudy,Evening,Weekend,48.08,7.84
B037,R05,43,35,Medium,Cloudy,Morning,Weekend,63.68,7.4
B047,R06,27,32,Low,Clear,Afternoon,Weekend,37.87,3.86
B014,R07,47,14,Medium,Clear,Morning,Weekday,63.03,11.43
B003,R01,59,39,Medium,Clear,Afternoon,Weekend,75.92,3.89
B001,R07,6,33,High,Cloudy,Afternoon,Weekday,60.44,5.41
B005,R02,6,33,Medium,Rain,Morning,Weekday,33.84,10.29
B026,R08,42,32,Medium,Clear,Morning,Weekend,55.52,4.29
B014,R03,59,29,Low,Clear,Afternoon,Weekday,50.1,8.47
B039,R01,55,38,Medium,Clear,Evening,Weekday,68.85,11.76
B027,R04,33,29,Medium,Clear,Evening,Weekday,57.28,10.13
B009,R03,56,36,Medium,Clear,Evening,Weekday,74.09,9.76
B015,R07,50,42,Low,Rain,Evening,Weekend,45.95,10.6
B015,R04,7,22,Low,Clear,Evening,Weekday,25.15,6.62
B026,R04,43,12,Medium,Cloudy,Morning,Weekend,66.4,9.29
B042,R04,11,34,Medium,Clear,Afternoon,Weekend,37.12,5.11
B013,R01,40,15,Medium,Rain,Evening,Weekday,63.61,12.26
B032,R05,33,8,High,Clear,Night,Weekday,83.08,13.02
B039,R07,59,50,Low,Clear,Afternoon,Weekday,53.09,7.05
B049,R03,41,29,Medium,Rain,Night,Weekend,62.08,8.01
B032,R02,53,14,Medium,Clear,Morning,Weekday,70.51,9.98
B004,R05,40,30,Low,Cloudy,Afternoon,Weekend,29.27,4.48
B030,R07,27,8,Medium,Rain,Morning,Weekday,52.85,14.84
B037,R08,49,26,Medium,Clear,Night,Weekday,58.01,7.95
B023,R08,20,18,Medium,Cloudy,Afternoon,Weekday,51.92,8.2
B039,R01,52,20,High,Rain,Afternoon,Weekday,80.98,11.78
B045,R04,35,39,Low,Rain,Morning,Weekday,41.75,11.36
B015,R02,38,8,High,Cloudy,Afternoon,Weekend,76.92,8.53
B043,R07,54,26,Medium,Clear,Night,Weekday,60.56,8.06
B029,R03,5,29,Medium,Cloudy,Morning,Weekday,37.78,5.42
B036,R07,22,28,High,Cloudy,Night,Weekday,64.43,10.89
B013,R05,44,32,High,Cloudy,Afternoon,Weekday,81.82,9.55
B032,R08,47,8,Medium,Rain,Night,Weekday,66.58,15.01
B007,R06,60,8,High,Clear,Afternoon,Weekday,86.78,10.69
B022,R05,60,41,Medium,Clear,Night,Weekday,62.71,9.29
B028,R07,19,20,Medium,Cloudy,Night,Weekday,49.43,8.35
B002,R02,52,21,Low,Rain,Evening,Weekend,45.82,9.51
B042,R07,53,50,Low,Clear,Afternoon,Weekday,44.01,3.93
B045,R07,21,18,High,Rain,Evening,Weekday,66.58,15.12
B006,R01,48,18,Low,Rain,Evening,Weekday,50.4,11.72
B028,R03,14,26,Low,Rain,Morning,Weekend,24.04,7.25
B028,R02,24,8,High,Rain,Morning,Weekday,64.79,17.34
B044,R07,10,14,Low,Rain,Night,Weekday,24.56,8.65
B044,R04,12,21,Low,Rain,Afternoon,Weekend,28.64,6.54
B020,R03,49,24,Medium,Cloudy,Morning,Weekday,66.8,8.52
B030,R05,38,31,Medium,Clear,Evening,Weekday,51.0,8.86
B011,R02,36,23,High,Clear,Afternoon,Weekday,84.09,6.79
B028,R05,55,40,Medium,Clear,Night,Weekday,68.55,7.6
B025,R08,58,36,Medium,Clear,Night,Weekday,71.85,9.14
B039,R07,46,34,Medium,Clear,Morning,Weekday,76.26,11.37
B033,R05,8,16,Medium,Rain,Morning,Weekday,47.79,11.01
B001,R05,48,21,Medium,Cloudy,Morning,Weekday,66.86,11.06
B027,R01,54,31,High,Clear,Night,Weekday,85.87,9.56
B013,R05,43,41,Medium,Cloudy,Evening,Weekday,61.47,6.35
B041,R04,24,16,Medium,Clear,Morning,Weekday,45.98,6.72
B003,R04,28,43,Low,Clear,Night,Weekday,34.42,4.32
B039,R03,28,16,Medium,Rain,Afternoon,Weekday,62.13,7.9
B006,R07,59,48,Low,Clear,Night,Weekday,51.63,4.94
B008,R06,30,12,Medium,Cloudy,Afternoon,Weekday,66.15,8.2
B027,R08,29,26,High,Clear,Afternoon,Weekday,77.15,6.84
B009,R05,40,15,Medium,Clear,Evening,Weekday,61.4,6.93
B037,R05,11,25,Low,Rain,Morning,Weekday,24.81,8.13
B033,R02,14,21,High,Clear,Afternoon,Weekday,76.86,11.48
B042,R01,51,14,Low,Rain,Morning,Weekend,43.18,11.09
B044,R06,16,22,Medium,Clear,Night,Weekday,44.36,6.36
B024,R03,5,39,Medium,Clear,Morning,Weekday,38.09,5.95
B015,R08,56,37,Low,Rain,Night,Weekday,59.31,9.08
B032,R06,54,18,High,Rain,Afternoon,Weekday,87.74,13.72
B032,R05,29,46,Low,Clear,Evening,Weekday,34.92,7.26
B024,R02,20,8,High,Clear,Afternoon,Weekday,72.6,13.18
B041,R07,9,37,Low,Cloudy,Night,Weekend,23.24,4.83
B049,R01,23,26,Low,Clear,Afternoon,Weekday,27.68,7.24
B049,R07,8,28,Low,Clear,Evening,Weekday,19.94,6.67
B012,R03,10,21,Low,Cloudy,Morning,Weekday,20.77,3.6
B039,R06,30,15,Medium,Cloudy,Night,Weekend,44.99,4.35
B002,R03,53,25,Medium,Clear,Morning,Weekend,66.79,9.89
B003,R05,43,20,High,Clear,Evening,Weekend,73.71,10.62
B049,R03,60,13,Low,Rain,Afternoon,Weekday,52.75,13.06
B037,R07,59,14,Medium,Cloudy,Evening,Weekday,73.68,13.98
B049,R02,43,12,Medium,Cloudy,Night,Weekday,58.49,9.48
B017,R03,13,31,Medium,Clear,Night,Weekday,48.18,5.85
B049,R04,49,41,Medium,Clear,Afternoon,Weekend,68.13,4.85
B002,R02,56,33,Medium,Clear,Night,Weekday,75.52,10.56
B002,R06,18,48,Low,Clear,Evening,Weekday,27.05,5.87
B028,R01,52,24,High,Clear,Night,Weekday,78.94,9.45
B023,R01,59,36,Medium,Clear,Morning,Weekday,64.97,9.39
B037,R05,13,24,Medium,Cloudy,Evening,Weekday,38.19,8.79
B032,R05,19,33,Low,Cloudy,Evening,Weekday,31.88,9.57
B033,R04,41,31,Low,Clear,Night,Weekday,24.39,6.22
B001,R06,54,22,Medium,Cloudy,Afternoon,Weekday,61.99,9.02
B019,R07,57,37,Low,Cloudy,Afternoon,Weekday,48.56,4.07
B002,R01,24,21,Low,Clear,Afternoon,Weekend,26.61,5.77
B044,R01,12,31,High,Clear,Night,Weekday,61.7,8.46
B026,R01,36,14,Medium,Cloudy,Night,Weekday,62.15,9.71
B032,R07,51,15,Medium,Clear,Night,Weekday,59.9,9.52
B006,R01,25,28,Low,Clear,Evening,Weekday,30.21,7.04
B032,R03,45,14,High,Clear,Evening,Weekend,87.14,12.15
B004,R06,23,41,Low,Clear,Night,Weekend,29.64,2.28
B011,R02,33,25,High,Rain,Afternoon,Weekday,88.52,12.45
B017,R02,35,28,High,Cloudy,Morning,Weekday,82.98,13.0
B038,R04,58,32,Medium,Clear,Afternoon,Weekday,74.74,9.68
B024,R03,10,21,High,Rain,Evening,Weekday,58.06,13.18
B005,R01,8,20,Medium,Cloudy,Evening,Weekend,43.51,8.01
B034,R01,47,36,Low,Cloudy,Afternoon,Weekday,42.08,6.68
B006,R05,33,34,Low,Clear,Afternoon,Weekday,34.46,5.96
B022,R05,46,28,Low,Cloudy,Evening,Weekday,40.32,8.4
B011,R04,7,26,Low,Clear,Evening,Weekday,22.83,6.16
B048,R01,5,38,Medium,Clear,Night,Weekday,30.49,4.43
B016,R04,48,27,Low,Clear,Morning,Weekend,39.37,5.71
B033,R03,59,8,High,Clear,Night,Weekday,97.91,11.88
B009,R02,19,12,Medium,Clear,Night,Weekend,46.82,7.91
B006,R01,51,15,Medium,Clear,Afternoon,Weekday,62.23,6.86
B016,R06,25,13,High,Rain,Afternoon,Weekday,72.17,13.96
B029,R07,50,20,Low,Clear,Morning,Weekday,45.16,7.1
B003,R03,35,8,Medium,Rain,Night,Weekday,46.24,10.83
B020,R01,11,11,High,Cloudy,Night,Weekday,66.2,9.58
B036,R07,21,47,Low,Clear,Evening,Weekday,33.24,6.46
B019,R06,60,28,Medium,Clear,Evening,Weekday,72.94,13.02
B026,R05,23,30,Medium,Rain,Morning,Weekday,46.81,10.42
B003,R04,43,29,High,Clear,Afternoon,Weekday,89.21,11.42
B019,R05,7,23,Medium,Cloudy,Evening,Weekday,50.64,8.44
B020,R02,34,36,Medium,Cloudy,Morning,Weekend,63.7,9.57
B032,R05,39,25,High,Clear,Night,Weekday,83.44,9.85
B007,R01,33,35,Low,Clear,Morning,Weekday,34.76,4.59
B041,R06,54,32,High,Clear,Morning,Weekday,87.02,10.43
B033,R05,56,8,High,Rain,Evening,Weekend,95.12,15.51
B040,R01,58,21,High,Rain,Evening,Weekend,77.59,14.23
B039,R02,18,21,High,Rain,Night,Weekday,65.35,10.42
B018,R07,39,36,Medium,Clear,Night,Weekend,61.8,4.3
B040,R06,32,16,High,Clear,Night,Weekend,74.86,10.6
B001,R05,34,24,Medium,Clear,Morning,Weekday,55.0,6.08
B011,R04,30,16,Medium,Rain,Morning,Weekday,63.13,13.28
B028,R04,11,22,Low,Clear,Evening,Weekday,29.68,5.83
B025,R06,43,31,High,Clear,Night,Weekday,86.31,12.48
B050,R04,35,16,Medium,Rain,Evening,Weekday,53.64,10.18
B023,R05,9,34,High,Clear,Night,Weekday,61.73,4.88
B031,R05,39,43,Low,Cloudy,Night,Weekday,41.5,4.28
B030,R06,54,29,High,Clear,Evening,Weekday,89.16,13.76
B042,R05,51,33,High,Clear,Evening,Weekend,94.75,14.06
B035,R07,56,24,Medium,Rain,Evening,Weekday,69.86,14.9
B007,R01,18,39,Low,Cloudy,Night,Weekday,37.29,4.62
B016,R02,40,39,Medium,Clear,Morning,Weekend,63.25,6.12
B026,R07,31,42,Low,Clear,Evening,Weekday,34.35,5.53
B048,R07,28,42,Medium,Clear,Evening,Weekday,50.11,7.37
B049,R04,44,43,Low,Cloudy,Morning,Weekday,46.02,6.01
B002,R01,33,39,Low,Clear,Morning,Weekend,34.66,5.12
B001,R06,57,30,Low,Cloudy,Afternoon,Weekday,47.93,6.98
B048,R08,49,29,Low,Clear,Evening,Weekday,40.37,7.56
B012,R04,26,48,Low,Cloudy,Afternoon,Weekend,33.02,3.24
B005,R01,12,19,High,Clear,Afternoon,Weekday,68.97,9.93
B037,R05,19,17,Medium,Cloudy,Morning,Weekday,47.48,7.85
B032,R06,53,28,Medium,Clear,Night,Weekday,62.94,6.6
B009,R08,9,24,Medium,Clear,Night,Weekday,44.83,8.69
B041,R06,56,22,Medium,Rain,Morning,Weekday,70.34,13.27
B035,R08,8,15,High,Clear,Afternoon,Weekend,63.95,8.29
B019,R08,15,24,Low,Clear,Afternoon,Weekday,36.96,3.34
B048,R04,22,39,Low,Clear,Afternoon,Weekday,31.5,5.71
B016,R05,46,19,High,Clear,Afternoon,Weekday,85.58,10.72
B003,R04,53,41,Medium,Cloudy,Evening,Weekday,70.92,11.68
B020,R08,34,22,Low,Clear,Afternoon,Weekday,38.98,6.69
B024,R08,19,35,Low,Cloudy,Morning,Weekday,24.66,5.87
B033,R03,10,30,Low,Cloudy,Afternoon,Weekend,20.87,2.87
B024,R01,59,17,High,Cloudy,Afternoon,Weekday,83.98,13.77
B011,R03,57,41,Low,Clear,Morning,Weekend,41.9,7.79
B049,R01,20,29,High,Clear,Afternoon,Weekend,71.37,8.21
B008,R02,51,25,High,Cloudy,Night,Weekday,91.7,11.85
B036,R07,44,24,Medium,Clear,Morning,Weekday,65.59,10.44
B038,R06,13,30,Low,Cloudy,Evening,Weekday,30.02,4.2
B040,R04,47,33,Low,Clear,Evening,Weekday,38.37,9.45
B020,R02,38,21,Medium,Clear,Morning,Weekday,61.47,10.99
B035,R02,31,28,Medium,Rain,Evening,Weekday,58.15,10.46
B048,R06,17,42,Medium,Cloudy,Evening,Weekday,56.88,8.8
B025,R06,40,29,Medium,Cloudy,Evening,Weekday,61.69,8.62
B035,R01,31,8,High,Rain,Morning,Weekday,84.19,14.36
B025,R03,13,34,Medium,Cloudy,Afternoon,Weekday,47.12,6.63
B029,R05,9,29,Medium,Clear,Evening,Weekday,46.74,8.79
B018,R01,55,25,High,Rain,Night,Weekday,93.32,12.98
B046,R05,26,41,Low,Cloudy,Afternoon,Weekend,34.25,1.13
B018,R02,35,40,Low,Cloudy,Afternoon,Weekday,29.93,5.07
B002,R05,7,21,Low,Clear,Evening,Weekend,18.54,8.91
B035,R03,34,37,Low,Rain,Evening,Weekday,50.32,10.11
B016,R01,25,19,Medium,Clear,Afternoon,Weekday,53.0,7.81
B041,R08,39,42,Low,Clear,Evening,Weekday,42.97,8.04
B036,R06,10,26,Medium,Clear,Morning,Weekend,39.67,7.64
B033,R08,32,33,High,Clear,Morning,Weekday,77.7,9.91
B004,R03,36,25,Low,Clear,Evening,Weekend,44.65,8.61
B033,R07,46,25,Medium,Rain,Afternoon,Weekday,53.66,11.33
B014,R03,41,32,Low,Cloudy,Evening,Weekday,41.54,8.49
B021,R07,29,44,Low,Clear,Night,Weekday,35.5,4.14
B048,R01,36,16,Medium,Cloudy,Morning,Weekend,59.62,9.11
B020,R06,39,32,High,Clear,Afternoon,Weekend,90.08,9.6
B008,R03,26,33,Medium,Clear,Night,Weekday,51.69,6.24
B007,R08,28,22,Low,Clear,Evening,Weekend,31.64,10.64
B003,R07,43,29,Medium,Rain,Morning,Weekday,60.63,11.11
B017,R06,58,34,Low,Clear,Night,Weekday,60.84,5.49
B033,R04,34,46,Low,Clear,Afternoon,Weekday,37.79,6.03
B048,R04,54,41,Medium,Clear,Morning,Weekday,69.89,8.95
B012,R04,36,43,Low,Cloudy,Evening,Weekday,26.53,7.7
B022,R05,35,20,Medium,Cloudy,Evening,Weekend,58.06,11.68
B022,R03,27,28,Medium,Clear,Morning,Weekday,52.64,9.55
B046,R01,44,28,Medium,Clear,Night,Weekend,62.46,7.62
B030,R08,37,32,Low,Cloudy,Morning,Weekend,36.89,5.39
B038,R01,29,21,High,Cloudy,Morning,Weekend,68.04,9.1
B038,R05,40,31,Medium,Clear,Morning,Weekday,58.64,6.91
B045,R01,28,22,High,Rain,Night,Weekday,81.54,11.19
B008,R07,35,17,Low,Rain,Morning,Weekday,38.12,10.13
B027,R04,43,24,Medium,Clear,Afternoon,Weekend,52.52,6.28
B027,R08,50,42,Medium,Cloudy,Evening,Weekday,59.13,8.86
B034,R03,17,26,Low,Clear,Night,Weekday,29.9,4.69
B021,R01,14,23,Low,Cloudy,Afternoon,Weekday,21.69,6.78
B030,R01,27,24,Medium,Clear,Morning,Weekday,54.67,7.29
B033,R02,22,20,High,Clear,Afternoon,Weekday,77.25,11.16
B028,R02,36,19,Medium,Cloudy,Night,Weekday,60.36,9.54
B047,R02,37,39,Low,Rain,Evening,Weekday,33.59,8.27
B033,R03,40,14,Medium,Clear,Night,Weekend,60.85,6.17
B005,R04,32,28,High,Clear,Morning,Weekday,79.71,11.78
B048,R06,20,42,Medium,Clear,Morning,Weekday,46.37,8.38
B019,R04,20,35,Low,Cloudy,Evening,Weekday,24.6,5.61
B004,R08,22,8,High,Cloudy,Night,Weekend,70.55,7.65
B035,R04,12,46,Low,Clear,Night,Weekend,33.75,2.0
B049,R03,46,12,Medium,Cloudy,Night,Weekend,58.08,3.66
B017,R07,20,37,Medium,Cloudy,Afternoon,Weekday,47.82,7.26
B044,R07,59,11,High,Clear,Evening,Weekend,83.55,11.93
B028,R03,60,33,High,Cloudy,Night,Weekday,86.23,10.46
B030,R02,15,8,High,Clear,Evening,Weekday,66.85,15.05
B029,R01,10,29,Low,Rain,Afternoon,Weekday,24.26,6.79
B046,R05,5,30,High,Clear,Night,Weekday,48.74,9.22
B006,R05,16,38,Low,Clear,Afternoon,Weekday,26.85,4.02
B035,R06,42,43,Low,Clear,Morning,Weekday,49.82,5.88
B041,R01,32,20,Medium,Rain,Morning,Weekend,56.71,13.57
B037,R06,49,38,Medium,Clear,Morning,Weekday,63.28,8.19
B024,R02,21,31,Medium,Clear,Evening,Weekday,47.66,9.78
B029,R06,5,14,Medium,Rain,Night,Weekday,37.88,10.65
B049,R01,36,23,High,Rain,Night,Weekday,78.53,13.13
B046,R08,12,35,Low,Rain,Afternoon,Weekday,28.26,7.92
B031,R01,58,43,Low,Clear,Afternoon,Weekday,57.69,6.46
B035,R05,44,11,High,Rain,Morning,Weekend,78.29,13.43
B033,R07,60,26,Low,Clear,Evening,Weekend,56.48,7.47
B021,R02,47,27,Medium,Clear,Evening,Weekday,69.79,10.73
B032,R08,50,28,Medium,Clear,Afternoon,Weekday,62.98,5.58
B023,R03,28,31,Medium,Clear,Afternoon,Weekday,50.35,7.79
B033,R08,14,24,Medium,Clear,Night,Weekday,39.82,6.38
B003,R08,51,48,Low,Clear,Night,Weekday,45.66,6.57
B018,R06,43,8,High,Rain,Afternoon,Weekday,80.06,11.04
B025,R05,43,28,Low,Clear,Night,Weekday,46.86,6.98
B042,R06,14,18,Medium,Clear,Afternoon,Weekday,48.76,8.13
B031,R06,40,31,Low,Clear,Evening,Weekday,30.09,8.15
B003,R03,29,35,Medium,Rain,Morning,Weekend,54.18,11.94
B040,R02,54,12,Medium,Clear,Afternoon,Weekend,68.53,8.82
B046,R01,14,27,High,Clear,Afternoon,Weekend,65.85,8.18
B024,R04,23,27,Medium,Clear,Night,Weekend,55.95,4.53
B050,R06,50,8,Medium,Rain,Afternoon,Weekday,62.18,12.65
B032,R04,49,33,High,Clear,Evening,Weekday,89.69,11.34
B047,R02,19,25,Medium,Clear,Morning,Weekday,46.73,8.45
B022,R04,20,41,Medium,Clear,Night,Weekend,48.35,2.72
B023,R06,6,32,Medium,Rain,Evening,Weekend,52.74,12.37
B002,R03,33,34,Medium,Clear,Morning,Weekday,49.91,7.27
B027,R04,8,32,High,Cloudy,Night,Weekday,64.47,7.72
B042,R02,57,41,Low,Clear,Evening,Weekday,50.24,5.57
B002,R02,54,27,Medium,Rain,Afternoon,Weekday,63.92,8.93
B026,R07,33,37,Medium,Cloudy,Night,Weekend,58.84,3.81
B017,R07,35,29,High,Cloudy,Afternoon,Weekend,81.18,10.8
B040,R03,21,20,High,Clear,Night,Weekday,71.9,7.23
B033,R04,14,23,Medium,Clear,Morning,Weekday,47.98,7.96
B009,R04,31,26,Medium,Clear,Night,Weekday,58.12,7.16
B043,R07,57,33,Medium,Cloudy,Night,Weekend,64.74,6.13
B048,R01,45,16,Medium,Rain,Evening,Weekend,59.35,11.32
B039,R05,19,8,High,Clear,Night,Weekday,71.81,9.88
B029,R02,48,8,High,Rain,Morning,Weekday,82.16,13.82
B042,R01,35,23,High,Clear,Evening,Weekday,77.25,13.36
B026,R02,25,29,Low,Rain,Afternoon,Weekday,19.88,10.32
B035,R08,45,17,High,Clear,Night,Weekend,85.86,11.72
B050,R08,50,16,High,Clear,Morning,Weekday,91.63,9.73
B025,R01,49,41,Medium,Clear,Morning,Weekday,67.56,5.79
B024,R08,30,24,Medium,Cloudy,Night,Weekday,58.83,5.53
B013,R07,42,29,High,Cloudy,Night,Weekday,85.63,10.57
B007,R07,55,19,Medium,Clear,Afternoon,Weekday,66.58,8.5
B036,R05,40,17,High,Clear,Afternoon,Weekday,75.55,14.24
B045,R01,56,13,Medium,Clear,Afternoon,Weekend,70.6,8.84
B020,R02,21,30,Medium,Clear,Afternoon,Weekend,55.83,7.64
B001,R04,55,26,High,Clear,Afternoon,Weekday,82.08,12.15
B008,R02,7,13,Medium,Cloudy,Afternoon,Weekday,47.09,6.34
B046,R06,18,15,High,Cloudy,Evening,Weekday,70.44,10.66
B016,R07,53,31,Medium,Cloudy,Evening,Weekday,65.95,12.56
B014,R03,17,23,Medium,Cloudy,Morning,Weekday,47.18,6.37
B012,R03,45,42,Low,Clear,Evening,Weekend,43.86,6.0
B023,R07,31,39,Medium,Cloudy,Night,Weekend,52.29,6.77
B015,R06,5,30,Medium,Clear,Night,Weekday,57.63,7.11
B028,R03,21,19,High,Cloudy,Night,Weekend,63.86,8.12
B034,R08,52,21,Low,Clear,Morning,Weekday,33.27,8.04
B002,R07,54,19,Medium,Cloudy,Evening,Weekend,68.46,8.35
B032,R03,38,21,Low,Clear,Night,Weekday,39.45,5.26
B023,R07,18,21,Medium,Clear,Evening,Weekday,51.67,12.09
B022,R05,58,19,High,Cloudy,Night,Weekday,74.72,11.51
B025,R04,59,18,Medium,Clear,Afternoon,Weekday,60.33,8.6
B022,R04,21,38,Medium,Clear,Evening,Weekday,48.27,9.33
B022,R02,7,30,Medium,Cloudy,Evening,Weekday,47.89,7.79
B049,R06,38,32,Low,Rain,Night,Weekday,29.92,6.62
B042,R07,44,33,Medium,Clear,Evening,Weekday,64.24,8.85
B006,R01,29,38,Medium,Clear,Afternoon,Weekday,53.27,4.6
B015,R02,6,14,Medium,Clear,Night,Weekday,43.79,10.11
B043,R02,38,20,High,Cloudy,Afternoon,Weekend,78.87,10.26
B037,R07,30,31,High,Clear,Night,Weekday,74.91,10.05
B033,R07,35,8,High,Rain,Evening,Weekend,77.39,13.85
B008,R02,13,8,High,Clear,Night,Weekday,72.02,10.19
B044,R02,34,8,High,Clear,Morning,Weekday,77.17,11.87
B044,R04,24,29,Medium,Clear,Night,Weekday,57.09,5.12
B005,R01,25,41,Low,Clear,Evening,Weekday,30.3,7.87
B039,R08,33,42,Medium,Cloudy,Afternoon,Weekday,62.09,7.75
B004,R02,29,8,High,Clear,Afternoon,Weekend,73.32,10.52
B006,R08,42,21,Low,Rain,Morning,Weekday,39.88,10.84
B045,R04,48,33,Low,Clear,Night,Weekend,35.12,3.75
B032,R02,29,26,Low,Clear,Night,Weekend,29.99,5.38
B030,R03,13,19,Medium,Clear,Afternoon,Weekday,42.99,6.14
B047,R02,43,12,Medium,Rain,Afternoon,Weekday,52.45,10.61
B035,R07,48,33,Medium,Cloudy,Evening,Weekend,59.68,7.43
B040,R06,30,43,Low,Clear,Morning,Weekend,38.43,4.08
B016,R06,41,27,Medium,Rain,Afternoon,Weekend,64.48,8.45
B013,R02,20,20,Low,Clear,Night,Weekend,21.57,6.09
B050,R05,41,22,Low,Cloudy,Afternoon,Weekday,48.81,5.16
B042,R03,16,13,Medium,Rain,Evening,Weekend,52.2,11.68
B030,R01,28,19,Medium,Cloudy,Night,Weekday,64.4,9.11
B019,R02,30,9,Medium,Rain,Evening,Weekday,60.53,15.4
B017,R08,24,8,Medium,Rain,Evening,Weekday,61.46,13.99
B019,R01,13,14,Low,Rain,Evening,Weekday,28.59,7.84
B028,R03,27,13,High,Clear,Morning,Weekday,69.62,11.6
B026,R02,43,33,Low,Clear,Night,Weekend,42.81,5.95
B037,R05,33,34,Low,Cloudy,Night,Weekend,25.31,2.92
B026,R04,35,13,High,Cloudy,Evening,Weekday,76.7,14.75
B023,R05,23,20,Medium,Clear,Morning,Weekday,51.27,11.38
B009,R07,24,31,Low,Clear,Afternoon,Weekend,36.83,5.03
B012,R05,27,22,Low,Rain,Night,Weekday,34.54,10.05
B001,R08,47,20,High,Rain,Afternoon,Weekday,81.29,14.99
B001,R04,31,12,High,Clear,Night,Weekday,68.51,10.77
B047,R07,34,37,Low,Clear,Evening,Weekend,33.24,7.52
B034,R04,25,30,Medium,Clear,Night,Weekday,51.38,5.47
B032,R06,48,38,Low,Clear,Evening,Weekend,40.48,7.77
B048,R04,39,28,Medium,Cloudy,Night,Weekday,46.39,8.51
B025,R02,53,14,Low,Rain,Evening,Weekday,46.44,16.04
B040,R01,11,21,Medium,Clear,Afternoon,Weekday,43.17,6.78
B045,R06,26,24,Low,Cloudy,Afternoon,Weekday,30.58,7.83
B001,R06,14,18,Medium,Cloudy,Afternoon,Weekday,47.82,9.15
B016,R01,27,17,Medium,Clear,Night,Weekday,51.22,8.16
B039,R08,19,41,Medium,Cloudy,Morning,Weekday,54.89,4.86
B005,R06,34,21,Low,Cloudy,Afternoon,Weekday,33.31,5.88
B022,R04,38,12,Medium,Rain,Night,Weekend,54.89,10.49
B029,R05,17,8,High,Clear,Evening,Weekend,64.71,12.87
B003,R03,8,38,Medium,Cloudy,Morning,Weekday,44.89,7.8
B012,R08,22,29,Medium,Clear,Morning,Weekend,51.81,7.71
B026,R04,60,42,Medium,Clear,Morning,Weekday,67.2,10.38
B016,R07,27,15,Medium,Clear,Afternoon,Weekday,53.43,9.64
B037,R07,37,19,Medium,Clear,Afternoon,Weekday,60.4,10.01
B022,R05,38,33,High,Clear,Afternoon,Weekday,82.0,8.0
B029,R08,38,50,Low,Clear,Afternoon,Weekday,38.42,5.78
B014,R08,40,36,Low,Cloudy,Evening,Weekend,36.06,8.47
B028,R05,39,38,Medium,Cloudy,Night,Weekend,55.56,10.13
B005,R08,21,28,High,Clear,Morning,Weekday,71.81,11.24
B047,R06,32,17,High,Clear,Night,Weekday,79.62,11.96
B049,R02,18,19,Medium,Cloudy,Morning,Weekday,49.75,9.99
B030,R02,38,25,Medium,Clear,Morning,Weekend,57.07,9.57
B046,R08,52,19,Medium,Clear,Morning,Weekday,63.15,12.3
B005,R06,15,37,Medium,Cloudy,Morning,Weekday,51.53,5.31
B012,R06,17,36,Medium,Clear,Evening,Weekend,42.36,7.84
B016,R01,37,17,High,Clear,Evening,Weekend,76.12,12.01
B026,R01,59,34,Medium,Clear,Morning,Weekday,76.7,8.83
B026,R03,6,22,Medium,Clear,Morning,Weekday,48.85,6.28
B048,R03,38,13,Medium,Rain,Afternoon,Weekday,60.0,10.88
B021,R03,57,42,Medium,Clear,Morning,Weekend,66.07,8.49
B039,R03,33,28,Medium,Clear,Night,Weekday,55.23,7.36
B036,R05,41,28,Medium,Cloudy,Evening,Weekend,60.93,9.43
B033,R05,8,31,Low,Clear,Night,Weekday,34.54,3.24
B030,R01,16,39,Low,Clear,Afternoon,Weekday,33.12,4.55
B037,R02,30,8,Medium,Rain,Evening,Weekday,59.46,14.17
B023,R06,32,20,High,Rain,Afternoon,Weekday,75.22,10.69
B010,R07,7,36,Low,Clear,Afternoon,Weekday,21.02,2.15
B005,R02,24,31,Medium,Clear,Night,Weekday,51.02,8.28
B036,R04,14,30,Low,Cloudy,Morning,Weekend,31.98,5.66
B034,R05,56,46,Low,Clear,Evening,Weekday,56.13,5.83
B031,R03,22,33,High,Clear,Evening,Weekday,66.73,10.02
B010,R03,57,12,High,Clear,Morning,Weekday,77.02,13.93
B019,R04,57,37,Low,Clear,Night,Weekday,47.25,4.74
B032,R02,57,17,Medium,Clear,Afternoon,Weekend,73.81,10.84
B001,R03,31,23,Low,Clear,Night,Weekday,32.65,7.04
B005,R02,35,17,High,Cloudy,Afternoon,Weekday,79.76,11.68
B045,R06,31,47,Low,Clear,Evening,Weekday,29.88,6.54
B004,R04,46,39,Low,Clear,Morning,Weekday,41.53,7.93
B016,R07,5,33,Medium,Clear,Morning,Weekday,38.56,10.83
B024,R02,10,13,High,Cloudy,Evening,Weekend,64.24,10.1
B016,R06,15,48,Low,Clear,Afternoon,Weekday,28.52,2.98
B002,R08,38,15,Medium,Clear,Night,Weekday,62.45,12.08
B049,R08,43,34,Low,Clear,Afternoon,Weekday,39.4,7.75
B028,R02,24,12,High,Clear,Morning,Weekday,66.32,11.64
B032,R08,57,24,Low,Rain,Night,Weekday,40.9,8.48
B027,R02,25,31,High,Cloudy,Night,Weekday,77.91,8.3
B020,R03,25,19,Medium,Clear,Afternoon,Weekday,48.43,11.13
B024,R01,22,35,Medium,Cloudy,Afternoon,Weekend,53.58,5.82
B012,R08,25,8,High,Clear,Afternoon,Weekend,64.54,11.34
B050,R05,23,19,High,Clear,Night,Weekday,79.35,10.16
B035,R02,8,33,Medium,Clear,Evening,Weekday,57.92,8.76
B033,R02,17,34,Low,Cloudy,Night,Weekend,30.15,4.65
B033,R02,22,28,Medium,Clear,Morning,Weekday,49.55,8.56
B043,R01,56,12,Medium,Clear,Evening,Weekend,75.19,10.5
B037,R06,33,42,Medium,Clear,Evening,Weekday,54.02,10.93
B012,R08,29,36,Medium,Clear,Afternoon,Weekday,54.75,6.56
B003,R07,60,31,Low,Cloudy,Night,Weekday,36.17,7.51
B001,R07,17,24,Medium,Rain,Morning,Weekday,48.11,12.97
B033,R04,31,30,Medium,Cloudy,Night,Weekday,61.28,8.3
B040,R03,23,24,Low,Cloudy,Afternoon,Weekday,29.2,6.94
B010,R01,53,34,Medium,Rain,Night,Weekday,64.28,8.05
B043,R06,5,26,Medium,Clear,Morning,Weekday,40.32,8.57
B044,R02,42,20,Medium,Clear,Afternoon,Weekday,70.81,10.61
B029,R06,23,44,Low,Clear,Night,Weekday,32.64,7.59
B013,R01,56,14,Medium,Clear,Morning,Weekday,68.19,12.97
B012,R01,5,31,Low,Clear,Morning,Weekday,20.48,6.41
B031,R01,44,34,Medium,Clear,Afternoon,Weekday,67.14,8.52
B046,R04,21,34,High,Clear,Afternoon,Weekday,66.47,9.61
B002,R05,25,30,Medium,Clear,Evening,Weekday,58.79,6.15
B050,R03,26,27,Low,Rain,Evening,Weekend,32.41,7.45
B035,R04,19,14,Medium,Clear,Morning,Weekend,55.36,8.96
B023,R04,54,23,High,Clear,Afternoon,Weekday,85.16,10.6
B017,R08,43,37,Low,Cloudy,Afternoon,Weekday,45.59,5.0
B026,R05,52,25,High,Clear,Night,Weekday,88.7,11.06
B008,R04,43,27,Medium,Clear,Night,Weekday,61.2,8.92
B029,R01,36,18,High,Clear,Night,Weekday,84.84,8.1
B026,R01,53,24,Low,Cloudy,Night,Weekday,52.98,4.94
B010,R08,8,22,Low,Rain,Evening,Weekday,20.78,9.24
B026,R06,48,13,High,Cloudy,Night,Weekday,80.42,12.12
B034,R02,49,24,Medium,Clear,Afternoon,Weekday,63.29,8.33
B041,R04,36,37,Low,Clear,Morning,Weekday,36.51,5.97
B007,R02,8,39,Medium,Clear,Morning,Weekday,49.2,9.44
B004,R03,57,22,Low,Rain,Morning,Weekday,50.29,12.32
B050,R07,5,19,High,Cloudy,Evening,Weekday,58.0,10.82
B045,R01,37,42,Medium,Clear,Morning,Weekday,54.23,10.93
B011,R06,11,8,High,Cloudy,Evening,Weekday,66.06,12.35
B029,R03,13,33,High,Clear,Evening,Weekday,70.83,11.71
B036,R08,5,30,Low,Rain,Morning,Weekend,30.32,6.16
B025,R06,20,8,Medium,Rain,Evening,Weekday,50.86,11.16
B021,R07,22,22,High,Clear,Night,Weekday,70.38,8.31
B036,R07,58,36,Medium,Cloudy,Night,Weekday,67.88,8.84
B010,R08,51,32,High,Clear,Night,Weekday,81.86,9.69
B037,R05,10,16,Medium,Clear,Evening,Weekend,44.61,8.46
B009,R08,6,47,Low,Cloudy,Night,Weekend,20.57,2.63
B024,R01,13,20,High,Clear,Morning,Weekday,64.46,11.05
B035,R03,8,21,Low,Clear,Morning,Weekday,26.97,8.78
B049,R05,49,34,Low,Cloudy,Evening,Weekday,37.3,7.21
B035,R07,27,34,Medium,Cloudy,Evening,Weekend,43.92,5.83
B048,R03,58,27,High,Clear,Night,Weekend,84.24,12.01
B036,R06,47,17,Medium,Clear,Afternoon,Weekday,67.46,8.42
B018,R05,49,48,Low,Cloudy,Morning,Weekday,46.25,8.23
B049,R05,47,34,Medium,Clear,Afternoon,Weekend,68.2,7.36
B039,R01,55,30,Low,Rain,Night,Weekday,39.25,11.3
B032,R08,12,33,Low,Clear,Evening,Weekday,28.56,5.71
B024,R02,43,31,Low,Clear,Night,Weekday,34.31,7.35
B023,R06,29,17,Medium,Clear,Afternoon,Weekday,49.09,7.98
B032,R06,20,31,High,Clear,Night,Weekend,63.51,6.72
B037,R08,39,41,Low,Cloudy,Evening,Weekend,33.85,8.6
B012,R05,21,39,Low,Clear,Afternoon,Weekday,43.71,3.4
B049,R05,22,30,High,Clear,Night,Weekday,73.65,7.69
B013,R01,31,24,Medium,Rain,Evening,Weekday,46.26,10.74
B023,R02,19,21,High,Clear,Night,Weekday,61.64,8.81
B025,R06,21,22,Low,Clear,Night,Weekday,30.9,6.12
B035,R07,47,45,Low,Clear,Evening,Weekday,44.34,6.84
B041,R04,9,17,Medium,Clear,Evening,Weekend,41.32,9.18
B030,R04,20,15,Medium,Clear,Night,Weekday,58.45,5.83
B017,R02,19,30,Medium,Clear,Morning,Weekday,45.05,8.4
B049,R03,46,41,Medium,Clear,Night,Weekday,67.65,5.02
B020,R01,50,29,Low,Rain,Evening,Weekday,49.06,10.32
B048,R02,38,39,Medium,Clear,Morning,Weekday,71.02,8.14
B025,R08,52,42,Medium,Cloudy,Evening,Weekday,78.23,9.27
B022,R08,23,22,Medium,Cloudy,Night,Weekday,54.97,8.3
B013,R04,12,25,Medium,Clear,Afternoon,Weekday,46.18,5.19
B019,R05,51,38,Medium,Clear,Evening,Weekday,67.29,8.93
B049,R04,14,30,Low,Clear,Evening,Weekday,30.07,10.39
B036,R05,9,48,Low,Clear,Afternoon,Weekday,15.2,3.2
B012,R01,56,23,Medium,Rain,Evening,Weekday,60.51,13.21
B041,R05,52,36,Low,Cloudy,Evening,Weekday,50.87,5.11
B019,R02,57,8,Medium,Rain,Evening,Weekday,75.33,14.99
B012,R05,30,8,High,Rain,Afternoon,Weekday,82.44,11.08
B009,R03,26,15,Medium,Clear,Night,Weekday,51.94,4.72
B007,R08,48,46,Low,Clear,Evening,Weekday,45.64,7.7
B028,R02,27,15,High,Clear,Morning,Weekday,71.21,12.43
B014,R08,17,29,Low,Rain,Night,Weekday,37.7,5.24
B031,R01,13,27,Low,Rain,Night,Weekday,24.56,5.55
B019,R02,53,18,Medium,Clear,Morning,Weekday,62.59,9.61
B047,R03,24,32,Medium,Clear,Morning,Weekend,51.2,10.41
B016,R01,32,20,Low,Clear,Morning,Weekday,34.04,8.4
B005,R04,48,9,Medium,Rain,Afternoon,Weekend,63.64,12.16
B035,R03,41,16,Medium,Rain,Evening,Weekday,65.01,15.3
B012,R01,28,26,Low,Clear,Night,Weekday,34.64,8.12
B025,R07,48,41,Low,Clear,Morning,Weekend,41.04,6.16
B021,R05,37,37,Medium,Clear,Evening,Weekend,55.23,8.81
B036,R02,24,42,Medium,Clear,Evening,Weekday,49.32,8.23
B023,R01,52,27,Low,Rain,Afternoon,Weekday,36.28,6.26
B016,R02,34,24,Low,Clear,Night,Weekday,41.52,6.67
B039,R05,48,35,Medium,Cloudy,Evening,Weekend,67.09,7.9
B045,R01,13,12,High,Clear,Morning,Weekday,74.29,7.07
B042,R04,49,20,Low,Clear,Morning,Weekday,46.4,7.49
B039,R07,53,17,Medium,Clear,Afternoon,Weekday,58.97,8.62
B014,R07,21,35,Low,Cloudy,Morning,Weekday,31.26,7.71
B031,R03,40,50,Low,Cloudy,Morning,Weekday,40.92,5.66
B005,R01,18,34,Low,Clear,Afternoon,Weekday,32.71,3.68
B035,R05,23,8,High,Clear,Afternoon,Weekday,80.49,8.7
B023,R01,11,24,Medium,Clear,Morning,Weekday,39.32,8.27
B029,R02,7,27,High,Clear,Night,Weekend,66.33,7.73
B043,R06,37,16,Medium,Cloudy,Night,Weekday,57.66,9.63
B011,R08,48,19,High,Clear,Afternoon,Weekday,96.84,12.02
B018,R01,36,20,Low,Clear,Night,Weekday,42.41,4.49
B047,R07,51,33,Low,Rain,Night,Weekday,44.19,9.07
B012,R07,15,13,High,Clear,Night,Weekend,74.3,8.7
B009,R08,46,27,Medium,Clear,Afternoon,Weekday,61.77,7.89
B010,R07,6,16,High,Clear,Night,Weekday,66.4,9.66
B044,R04,30,33,Low,Rain,Morning,Weekday,33.07,11.92
B017,R01,8,13,Medium,Cloudy,Morning,Weekday,44.37,8.93
B038,R03,21,15,Medium,Clear,Afternoon,Weekday,56.87,8.39
B007,R01,21,48,Low,Cloudy,Night,Weekend,28.67,1.3
B046,R06,32,33,Medium,Clear,Evening,Weekday,40.82,7.58
B013,R07,34,8,Medium,Rain,Evening,Weekday,53.22,12.08
B040,R02,44,23,Low,Rain,Morning,Weekday,49.42,8.32
B042,R07,27,28,Low,Cloudy,Morning,Weekday,41.43,6.13
B009,R01,50,42,Low,Cloudy,Evening,Weekend,41.42,9.08
B050,R04,28,25,Low,Clear,Afternoon,Weekday,26.03,4.72
B027,R05,33,12,Medium,Cloudy,Night,Weekend,54.16,7.45
B002,R01,8,27,Low,Cloudy,Evening,Weekday,28.83,4.83
B005,R01,42,27,Low,Clear,Night,Weekend,39.9,4.98
B029,R03,33,8,High,Cloudy,Evening,Weekday,66.55,11.44
B037,R04,23,8,Medium,Rain,Morning,Weekday,54.34,12.36
B038,R06,31,12,Medium,Clear,Night,Weekend,60.66,7.35
B019,R05,33,40,Medium,Clear,Afternoon,Weekday,64.41,6.54
B008,R07,60,34,High,Cloudy,Night,Weekday,79.69,11.74
B048,R02,40,37,Low,Rain,Night,Weekend,45.72,9.61
B045,R01,39,34,Medium,Rain,Evening,Weekend,60.43,13.6
B001,R06,56,19,Medium,Cloudy,Afternoon,Weekend,64.7,8.48
B022,R05,10,41,Low,Rain,Morning,Weekday,16.76,8.18
B017,R02,27,29,High,Cloudy,Night,Weekday,64.22,9.3
B007,R06,43,26,High,Clear,Night,Weekday,77.66,11.19
B025,R04,50,21,High,Cloudy,Evening,Weekday,80.92,11.69
B045,R04,48,42,Low,Clear,Morning,Weekday,43.47,5.33
B004,R05,52,39,Low,Clear,Evening,Weekday,53.4,4.75
B036,R07,56,22,High,Clear,Afternoon,Weekday,87.65,12.22
B006,R08,12,22,Medium,Clear,Morning,Weekday,38.29,9.16
B031,R02,59,49,Low,Clear,Afternoon,Weekday,44.41,4.01
B019,R04,6,39,Medium,Clear,Evening,Weekday,44.68,10.13
B044,R08,17,45,Low,Clear,Morning,Weekend,24.74,3.39
B039,R05,44,39,Low,Clear,Afternoon,Weekday,41.42,7.7
B027,R04,25,13,High,Clear,Afternoon,Weekday,78.27,9.05
B010,R04,35,48,Low,Cloudy,Evening,Weekday,40.75,6.63
B026,R06,56,18,Low,Rain,Morning,Weekday,45.26,12.26
B019,R08,52,19,Low,Rain,Afternoon,Weekday,41.09,9.06
B039,R06,40,13,Medium,Clear,Night,Weekday,69.85,7.22
B003,R04,52,42,Low,Cloudy,Morning,Weekday,42.5,7.07
B045,R08,56,37,Medium,Clear,Morning,Weekend,79.96,7.22
B013,R03,42,29,Medium,Clear,Night,Weekday,69.1,5.58
B050,R08,31,30,High,Cloudy,Morning,Weekday,75.05,8.02
B028,R06,40,37,Low,Cloudy,Morning,Weekday,33.9,7.22
B020,R02,52,13,High,Rain,Night,Weekend,86.19,9.49
B028,R05,27,32,Low,Cloudy,Evening,Weekday,40.09,6.88
B008,R05,59,26,Medium,Clear,Afternoon,Weekend,67.6,9.02
B041,R07,25,15,Medium,Rain,Night,Weekday,45.91,8.63
B039,R02,17,26,Low,Cloudy,Morning,Weekday,25.7,4.87
B001,R02,41,21,Medium,Rain,Afternoon,Weekday,62.45,11.53
B003,R02,51,38,Low,Cloudy,Afternoon,Weekday,47.86,1.82
B013,R07,30,46,Low,Clear,Afternoon,Weekday,35.41,4.21
B028,R02,44,19,Medium,Clear,Evening,Weekday,59.67,10.1
B049,R01,11,28,Medium,Clear,Morning,Weekend,44.89,9.46
B025,R07,50,35,Low,Clear,Morning,Weekday,42.7,9.89
B033,R05,43,50,Low,Clear,Afternoon,Weekday,42.18,5.01
B038,R01,26,47,Low,Clear,Afternoon,Weekday,34.31,3.02
B006,R07,43,34,Medium,Rain,Evening,Weekday,60.28,12.21
B044,R04,27,18,Medium,Rain,Evening,Weekday,49.29,14.05
B045,R04,34,41,Low,Cloudy,Afternoon,Weekday,43.26,5.92
B032,R05,22,47,Low,Clear,Morning,Weekday,32.49,1.88
B045,R04,46,29,Medium,Clear,Night,Weekday,66.58,5.9
B047,R02,22,12,High,Cloudy,Evening,Weekend,67.29,12.44
B021,R07,50,29,Medium,Clear,Morning,Weekday,64.55,7.85
B016,R01,14,18,High,Rain,Evening,Weekday,63.18,14.52
B021,R02,43,32,Low,Rain,Morning,Weekend,48.57,10.18
B011,R04,34,28,High,Clear,Afternoon,Weekend,71.59,9.41
B037,R06,30,35,Low,Cloudy,Evening,Weekday,29.96,7.91
B036,R08,11,20,High,Clear,Night,Weekday,65.84,8.5
B035,R01,11,36,Low,Cloudy,Afternoon,Weekend,19.66,1.28
B019,R02,9,27,Medium,Clear,Evening,Weekend,51.56,10.49
B020,R07,5,37,Medium,Clear,Afternoon,Weekday,35.45,2.92
B018,R05,50,30,Medium,Cloudy,Night,Weekday,63.81,8.37
B047,R02,22,14,High,Cloudy,Evening,Weekday,68.91,11.3
B041,R06,17,17,Medium,Cloudy,Evening,Weekday,50.0,11.9
B049,R04,29,22,High,Clear,Evening,Weekday,70.49,11.84
B014,R01,44,18,Medium,Cloudy,Morning,Weekday,63.29,9.1
B015,R05,12,20,Medium,Cloudy,Morning,Weekday,41.7,8.26
B031,R01,14,24,Low,Rain,Evening,Weekday,21.95,11.26
B001,R05,36,22,High,Rain,Afternoon,Weekend,76.87,13.17
B003,R08,21,13,Medium,Cloudy,Afternoon,Weekday,49.98,9.36
B016,R07,42,15,Medium,Cloudy,Evening,Weekday,59.6,11.23
B023,R01,19,14,Medium,Cloudy,Night,Weekday,47.56,6.77
B011,R04,19,33,Medium,Clear,Night,Weekday,56.32,5.62
B012,R07,52,24,High,Clear,Night,Weekday,87.51,11.24
B010,R07,44,24,Low,Rain,Morning,Weekday,43.22,12.15
B032,R08,55,15,Low,Rain,Morning,Weekday,52.87,9.57
B016,R05,24,28,Low,Cloudy,Morning,Weekday,25.2,4.45
B008,R03,19,15,High,Clear,Morning,Weekday,79.89,11.14
B038,R01,39,27,Low,Clear,Afternoon,Weekday,31.1,6.54
B012,R01,10,38,Low,Clear,Evening,Weekend,31.16,5.4
B024,R02,34,45,Low,Clear,Evening,Weekday,28.6,7.35
B028,R05,12,16,Medium,Clear,Evening,Weekend,45.68,7.98
B008,R06,35,25,Medium,Rain,Afternoon,Weekday,54.41,12.34
B028,R03,52,24,Low,Clear,Night,Weekday,53.64,9.22
B036,R04,51,11,High,Clear,Night,Weekday,89.36,12.35
B026,R02,36,8,High,Clear,Morning,Weekday,76.56,11.92
B008,R08,49,31,Low,Rain,Morning,Weekend,47.16,5.08
B050,R03,56,28,Medium,Rain,Afternoon,Weekday,69.41,10.09
B028,R05,19,20,Medium,Clear,Afternoon,Weekday,53.01,7.95
B028,R03,22,33,Low,Rain,Night,Weekday,30.02,8.48
B037,R08,17,50,Low,Clear,Evening,Weekday,25.03,4.94
B041,R07,28,37,Medium,Clear,Evening,Weekday,43.14,8.59
B036,R01,44,35,Medium,Cloudy,Afternoon,Weekday,60.28,10.08
B027,R07,18,33,Low,Clear,Afternoon,Weekend,29.67,2.22
B017,R01,32,24,High,Cloudy,Afternoon,Weekday,71.0,7.25
B009,R02,15,32,Medium,Rain,Morning,Weekday,47.12,7.03
B033,R08,10,31,Medium,Cloudy,Evening,Weekday,50.57,9.94
B020,R05,60,21,Low,Clear,Afternoon,Weekday,50.45,5.5
B013,R05,29,38,Medium,Clear,Afternoon,Weekend,50.81,5.18
B028,R03,5,49,Low,Clear,Morning,Weekday,27.12,5.8
B048,R02,29,26,Medium,Clear,Afternoon,Weekday,55.6,9.99
B029,R05,6,32,High,Clear,Evening,Weekday,63.95,10.14
B013,R06,36,33,High,Clear,Morning,Weekday,75.86,9.18
B046,R06,17,15,Medium,Cloudy,Afternoon,Weekday,42.2,8.59
B035,R07,37,13,Medium,Cloudy,Evening,Weekend,59.72,8.44
B006,R01,36,26,High,Clear,Evening,Weekday,79.84,11.64
B018,R03,60,34,Medium,Clear,Morning,Weekday,66.42,7.67
B005,R04,28,28,Low,Clear,Evening,Weekend,34.78,5.41
B047,R08,31,39,Medium,Clear,Morning,Weekday,60.17,11.58
B025,R01,8,23,Low,Clear,Evening,Weekday,18.92,8.88
B002,R02,28,8,High,Clear,Afternoon,Weekday,76.11,9.86
B010,R05,27,22,Medium,Cloudy,Morning,Weekday,53.0,8.75
B030,R01,33,8,Medium,Rain,Evening,Weekday,61.3,14.85
B050,R04,38,23,Low,Clear,Morning,Weekday,44.39,7.35
B045,R04,25,26,Medium,Cloudy,Evening,Weekday,52.81,11.34
B005,R06,34,8,High,Clear,Morning,Weekday,76.99,10.26
B033,R02,30,15,Low,Rain,Afternoon,Weekday,33.88,9.19
B001,R01,24,27,Medium,Clear,Morning,Weekday,46.71,7.69
B018,R03,20,33,High,Clear,Morning,Weekday,71.97,10.44
B032,R01,7,36,Medium,Clear,Afternoon,Weekday,43.81,6.18
B047,R06,53,41,Medium,Clear,Evening,Weekday,62.72,9.47
B049,R07,41,34,Medium,Cloudy,Night,Weekday,50.67,8.15
B011,R04,44,8,Medium,Rain,Afternoon,Weekend,64.75,11.63
B021,R02,48,20,Low,Cloudy,Morning,Weekend,42.22,5.91
B026,R02,29,20,Low,Clear,Afternoon,Weekday,37.92,6.19
B025,R03,27,14,Medium,Cloudy,Afternoon,Weekend,46.68,7.39
B022,R02,48,12,High,Cloudy,Morning,Weekday,84.36,12.78
B027,R06,5,41,Low,Rain,Morning,Weekday,22.34,11.01
B049,R06,37,32,Low,Cloudy,Night,Weekday,37.45,5.76
B013,R06,19,35,Medium,Cloudy,Afternoon,Weekday,57.4,9.01
B033,R02,21,16,High,Cloudy,Morning,Weekday,71.3,8.53
B034,R02,38,50,Low,Cloudy,Evening,Weekday,30.35,5.44
B041,R06,21,28,High,Clear,Evening,Weekday,68.5,10.62
B035,R02,56,40,Low,Clear,Evening,Weekday,39.93,10.15
B001,R08,45,26,High,Cloudy,Evening,Weekday,89.58,8.83
B021,R02,48,17,Medium,Rain,Afternoon,Weekday,65.23,13.11
B048,R08,8,37,Medium,Clear,Afternoon,Weekday,43.2,6.76
B006,R04,17,29,Medium,Rain,Night,Weekday,41.45,10.27
B028,R01,8,24,High,Clear,Afternoon,Weekday,64.86,8.49
B017,R05,11,27,Low,Clear,Morning,Weekend,30.74,5.81
B005,R08,50,27,Low,Clear,Night,Weekday,47.96,6.56
B031,R08,13,34,Medium,Rain,Afternoon,Weekday,49.26,7.88
B005,R02,27,22,High,Clear,Afternoon,Weekday,80.67,11.07
B038,R05,37,8,High,Clear,Morning,Weekend,86.14,11.86
B003,R07,37,35,Medium,Clear,Morning,Weekday,59.04,7.6
B023,R05,24,21,Medium,Clear,Morning,Weekday,54.94,9.99
B037,R04,8,31,Low,Rain,Evening,Weekday,32.57,8.82
B037,R08,5,8,High,Clear,Afternoon,Weekday,57.48,9.29
B010,R02,58,18,High,Rain,Afternoon,Weekday,91.39,11.23
B010,R06,46,11,Medium,Rain,Afternoon,Weekday,57.89,11.27
B019,R05,38,34,Medium,Clear,Night,Weekday,57.13,6.54
B017,R02,31,9,High,Cloudy,Night,Weekday,82.19,11.38
B021,R03,25,10,High,Clear,Night,Weekday,68.28,10.02
B014,R07,28,41,Medium,Clear,Night,Weekday,59.45,10.47
B009,R06,19,18,Medium,Cloudy,Night,Weekday,46.46,5.62
B046,R03,39,31,Medium,Cloudy,Morning,Weekend,65.0,6.31
B001,R03,29,19,Medium,Clear,Night,Weekend,61.82,6.43
B045,R05,59,35,Medium,Clear,Afternoon,Weekend,64.97,7.71
B013,R03,13,14,Low,Rain,Evening,Weekend,29.69,9.21
B004,R04,21,26,Medium,Cloudy,Afternoon,Weekday,56.05,6.44
B001,R04,25,21,Medium,Clear,Afternoon,Weekend,50.34,5.13
B049,R05,17,32,Medium,Clear,Morning,Weekday,51.34,8.86
B040,R02,7,34,Low,Clear,Evening,Weekday,17.52,10.46
B032,R01,8,8,High,Clear,Afternoon,Weekday,74.96,8.49
B034,R02,8,14,Medium,Clear,Morning,Weekday,40.28,10.16
B028,R02,47,38,Low,Clear,Evening,Weekend,42.06,8.99
B031,R02,32,16,Medium,Clear,Evening,Weekday,55.33,10.81
B008,R02,11,27,High,Cloudy,Morning,Weekend,65.91,9.69
B039,R06,30,22,High,Clear,Night,Weekday,77.24,9.72
B026,R01,15,26,Low,Cloudy,Morning,Weekday,29.66,9.5
B034,R06,28,24,High,Clear,Morning,Weekday,68.45,12.3
B003,R03,47,33,Low,Clear,Night,Weekday,37.26,7.75
B050,R07,14,15,High,Clear,Morning,Weekend,75.49,10.06
B012,R02,41,45,Low,Cloudy,Morning,Weekend,46.29,6.36
B001,R07,17,29,Low,Clear,Morning,Weekday,21.99,6.55
B044,R04,48,21,Medium,Clear,Afternoon,Weekend,65.98,9.0
B005,R05,46,15,Medium,Clear,Morning,Weekday,67.06,10.13
B030,R05,43,29,Medium,Clear,Morning,Weekday,71.82,11.25
B030,R06,23,9,High,Clear,Evening,Weekday,69.13,13.42
B017,R06,55,23,High,Cloudy,Evening,Weekday,92.61,12.07
B048,R04,23,15,Medium,Clear,Evening,Weekday,55.13,11.63
B047,R02,16,16,Medium,Cloudy,Morning,Weekday,44.56,8.99
B023,R07,56,26,Low,Rain,Night,Weekday,46.28,7.61
B015,R08,26,28,Low,Clear,Morning,Weekday,29.24,6.68
B037,R07,51,26,Medium,Cloudy,Afternoon,Weekday,67.3,8.15
B021,R01,41,20,Low,Cloudy,Afternoon,Weekday,32.77,5.1
B014,R03,60,25,Medium,Rain,Afternoon,Weekend,68.91,11.25
B002,R05,34,32,Medium,Clear,Afternoon,Weekday,55.21,8.03
B011,R03,50,25,Low,Rain,Morning,Weekday,34.78,10.78
B039,R01,16,8,Medium,Rain,Evening,Weekend,49.54,13.33
B038,R06,33,34,Low,Clear,Morning,Weekday,39.89,6.35
B034,R07,25,26,Medium,Clear,Morning,Weekday,45.25,6.79
B038,R05,15,12,High,Rain,Morning,Weekday,67.51,13.07
B050,R03,41,14,Medium,Cloudy,Morning,Weekday,53.62,9.37
B034,R08,52,32,Low,Clear,Night,Weekday,46.61,5.77
B018,R06,22,31,Medium,Cloudy,Evening,Weekday,56.85,9.15
B030,R01,48,20,Low,Clear,Evening,Weekday,41.46,12.15
B015,R08,31,37,Medium,Clear,Afternoon,Weekday,54.03,4.57
B027,R03,41,25,Medium,Clear,Morning,Weekday,71.07,11.07
B034,R08,52,14,Medium,Cloudy,Afternoon,Weekend,62.28,7.06
B038,R07,16,13,High,Rain,Evening,Weekday,63.32,15.19
B033,R02,27,28,Medium,Clear,Evening,Weekday,53.47,8.48
B024,R08,38,21,Low,Rain,Afternoon,Weekday,51.08,9.49
B015,R06,42,39,Low,Clear,Evening,Weekend,42.27,8.81
B030,R01,27,23,High,Cloudy,Evening,Weekday,70.21,9.42
B042,R03,57,23,Low,Clear,Night,Weekday,51.48,7.71
B017,R07,29,22,Medium,Clear,Morning,Weekday,58.23,10.03
B005,R02,8,19,Medium,Rain,Morning,Weekday,47.03,12.94
B029,R02,34,36,Medium,Clear,Evening,Weekday,60.91,9.19
B004,R01,34,9,High,Rain,Evening,Weekday,81.68,20.71
B010,R04,17,38,Medium,Clear,Night,Weekday,47.86,8.02
B017,R07,46,39,Medium,Clear,Afternoon,Weekday,62.36,8.27
B010,R07,53,27,High,Clear,Night,Weekday,90.71,10.91
B017,R05,18,31,Medium,Cloudy,Night,Weekday,36.78,7.73
B020,R01,60,23,Medium,Clear,Afternoon,Weekday,57.04,9.37
B024,R02,51,26,Medium,Cloudy,Evening,Weekday,62.51,10.78
B005,R02,12,17,Medium,Cloudy,Morning,Weekend,44.28,5.94
B034,R08,59,21,High,Clear,Night,Weekday,92.97,11.96
B006,R01,28,41,Low,Clear,Night,Weekend,31.6,4.5
B002,R04,22,36,Low,Clear,Morning,Weekday,36.86,6.83
B013,R05,39,17,High,Rain,Night,Weekday,80.22,13.67
B043,R03,29,35,Medium,Clear,Afternoon,Weekday,50.6,8.1
B043,R01,21,36,Low,Clear,Morning,Weekday,36.82,6.95
B048,R05,36,22,Medium,Clear,Morning,Weekday,59.39,9.91
B011,R07,60,21,High,Cloudy,Afternoon,Weekday,83.51,11.62
B047,R05,28,8,High,Cloudy,Afternoon,Weekday,77.82,12.73
B023,R08,11,27,Medium,Rain,Morning,Weekend,49.32,12.08
B016,R06,17,43,Low,Rain,Afternoon,Weekday,22.11,5.07
B031,R02,31,31,High,Clear,Night,Weekend,76.04,7.57
B011,R08,52,35,Medium,Clear,Evening,Weekend,69.02,10.31
B016,R03,9,8,High,Cloudy,Night,Weekday,56.17,10.96
B008,R01,40,25,Low,Rain,Afternoon,Weekday,45.28,7.94
B004,R08,30,43,Low,Clear,Night,Weekday,31.56,4.65
B040,R02,46,12,Medium,Clear,Evening,Weekday,58.67,12.66
B004,R06,49,31,Low,Rain,Evening,Weekday,43.08,13.66
B025,R08,35,41,Medium,Clear,Evening,Weekday,61.0,12.25
B003,R06,14,23,High,Clear,Afternoon,Weekday,71.99,6.4
B032,R08,50,9,Medium,Rain,Afternoon,Weekday,73.33,13.66
B003,R02,30,9,High,Rain,Afternoon,Weekday,70.53,12.44
B027,R04,26,27,Medium,Clear,Evening,Weekday,54.83,11.21
B029,R05,16,19,High,Clear,Afternoon,Weekday,71.41,7.46
B032,R01,36,14,High,Clear,Morning,Weekend,80.42,10.19
B050,R01,31,13,Medium,Rain,Night,Weekend,50.6,10.04
B019,R01,37,22,Medium,Rain,Night,Weekday,59.78,11.83
B021,R02,57,26,Medium,Cloudy,Morning,Weekend,70.11,8.74
B005,R07,56,24,Medium,Clear,Afternoon,Weekday,64.86,7.83
B018,R04,24,26,Low,Clear,Night,Weekend,34.42,2.12
B028,R03,43,8,High,Cloudy,Evening,Weekday,82.54,12.48
B042,R06,45,15,High,Clear,Night,Weekday,75.74,12.01
B022,R02,44,37,Medium,Cloudy,Night,Weekday,65.17,9.63
B021,R07,17,29,Medium,Cloudy,Night,Weekday,49.07,5.4
B006,R03,18,20,Medium,Clear,Afternoon,Weekend,39.54,5.3
B001,R06,48,8,Medium,Rain,Morning,Weekday,62.5,12.77
B005,R06,44,35,Medium,Clear,Night,Weekday,62.62,7.38
B041,R04,57,8,High,Cloudy,Evening,Weekday,84.9,14.33
B012,R05,26,32,Medium,Clear,Night,Weekday,54.56,6.62
B026,R01,22,40,Low,Cloudy,Afternoon,Weekday,29.56,2.11
B046,R08,52,25,High,Cloudy,Afternoon,Weekend,91.13,6.43
B034,R03,33,18,Medium,Clear,Evening,Weekday,57.86,9.74
B049,R02,47,22,High,Clear,Night,Weekday,93.02,11.32
B014,R03,20,31,Low,Clear,Night,Weekend,22.79,4.13
B026,R05,50,49,Low,Clear,Evening,Weekday,46.6,9.41
B045,R01,39,17,High,Cloudy,Morning,Weekday,79.58,9.82
B027,R03,57,32,Low,Clear,Afternoon,Weekday,50.6,6.67
B009,R05,38,8,High,Clear,Morning,Weekday,85.54,14.87
B026,R02,7,15,High,Clear,Morning,Weekday,56.34,10.53
B047,R04,8,19,Medium,Cloudy,Night,Weekday,47.04,5.48
B022,R07,58,25,Low,Cloudy,Evening,Weekday,50.68,5.06
B047,R06,9,29,Medium,Clear,Afternoon,Weekend,39.95,5.16
B030,R02,14,10,High,Cloudy,Morning,Weekday,72.94,10.89
B043,R01,56,23,Medium,Rain,Morning,Weekend,68.3,11.03
B048,R06,33,26,Medium,Clear,Night,Weekday,52.79,8.29
B017,R07,36,21,Medium,Cloudy,Night,Weekday,60.14,11.08
B026,R02,35,28,Low,Clear,Night,Weekday,42.28,3.9
B036,R08,6,23,High,Clear,Evening,Weekday,64.59,9.36
B001,R02,16,19,High,Clear,Afternoon,Weekday,65.86,9.3
B008,R02,31,30,High,Clear,Afternoon,Weekday,71.53,10.32
B049,R08,9,24,Medium,Rain,Night,Weekend,40.43,7.96
B035,R02,41,8,High,Clear,Morning,Weekday,84.47,13.77
B015,R06,31,29,Low,Clear,Night,Weekday,40.22,3.56
B047,R01,27,21,Medium,Clear,Night,Weekday,52.24,8.07
B022,R07,37,19,Medium,Cloudy,Evening,Weekend,70.17,9.54
B014,R05,8,8,High,Cloudy,Night,Weekday,62.81,12.43
B026,R03,25,8,High,Clear,Afternoon,Weekday,72.13,12.46
B028,R08,28,20,High,Rain,Night,Weekend,72.02,11.59
B023,R04,48,8,High,Rain,Afternoon,Weekend,83.41,11.75
B014,R08,35,10,High,Clear,Morning,Weekday,77.31,9.0
B024,R07,48,41,Low,Cloudy,Afternoon,Weekday,46.9,4.11
B002,R03,52,26,High,Clear,Afternoon,Weekday,85.03,13.68
B045,R03,28,12,Medium,Clear,Night,Weekend,57.03,5.04
B026,R04,53,35,Medium,Clear,Afternoon,Weekday,58.52,6.55
B014,R07,57,39,Low,Clear,Afternoon,Weekday,45.38,6.15
B007,R06,14,35,Medium,Rain,Morning,Weekday,45.4,12.26
B003,R01,53,20,Low,Clear,Afternoon,Weekday,45.23,5.4
B047,R04,53,15,Medium,Cloudy,Afternoon,Weekday,57.33,10.22
B023,R01,54,29,Medium,Clear,Night,Weekday,71.47,7.26
B046,R06,6,8,High,Cloudy,Evening,Weekday,55.66,10.17
B043,R03,35,8,High,Clear,Night,Weekend,74.34,9.27
B047,R01,29,12,Medium,Cloudy,Morning,Weekend,54.36,9.23
B045,R06,8,16,Medium,Clear,Night,Weekend,54.21,4.74
B018,R06,55,30,Low,Rain,Afternoon,Weekend,47.24,9.77
B038,R05,15,13,Medium,Rain,Evening,Weekday,49.74,14.83
B035,R04,21,29,Low,Cloudy,Night,Weekday,23.08,4.25
B015,R05,48,34,High,Clear,Night,Weekday,79.82,10.77
B025,R08,6,18,Medium,Clear,Morning,Weekday,39.52,6.61
B037,R03,10,43,Low,Rain,Afternoon,Weekday,22.33,5.98
B028,R04,13,26,Medium,Clear,Night,Weekday,51.58,8.3
B010,R03,9,25,Medium,Clear,Night,Weekend,41.76,7.04
B039,R05,24,15,Medium,Clear,Evening,Weekday,55.04,10.58
B017,R07,33,33,Low,Clear,Morning,Weekday,32.65,8.78
B039,R06,25,10,High,Clear,Afternoon,Weekday,71.1,9.5
B022,R03,13,27,Low,Cloudy,Night,Weekend,14.51,4.29
B026,R04,32,43,Low,Clear,Evening,Weekend,35.65,5.72
B044,R08,59,27,Low,Clear,Night,Weekday,49.43,7.63
B025,R04,12,39,Medium,Clear,Night,Weekday,45.03,6.87
B017,R03,35,24,Low,Clear,Morning,Weekday,47.33,5.84
B013,R04,24,42,Low,Cloudy,Evening,Weekend,31.67,6.42
B020,R08,31,22,Medium,Clear,Evening,Weekday,41.89,8.27
B025,R06,12,34,Medium,Cloudy,Afternoon,Weekday,39.9,7.74
B004,R07,58,21,Low,Clear,Night,Weekday,48.78,10.07
B010,R06,25,34,Low,Clear,Evening,Weekday,32.1,6.33
B003,R04,32,30,Medium,Clear,Night,Weekday,51.94,6.07
B041,R08,27,46,Low,Clear,Night,Weekend,28.39,5.69
B045,R08,10,22,Medium,Rain,Afternoon,Weekend,51.93,8.64
B018,R03,7,34,Low,Clear,Afternoon,Weekend,28.45,1.34
B047,R05,9,38,Low,Cloudy,Evening,Weekday,30.13,4.74
B036,R04,13,29,Medium,Rain,Night,Weekday,43.36,8.0
B047,R04,11,26,Low,Cloudy,Evening,Weekend,29.0,7.97
B022,R04,8,23,Low,Clear,Night,Weekday,11.16,3.76
B034,R04,43,25,Medium,Clear,Evening,Weekend,59.42,5.81
B047,R03,9,8,High,Rain,Evening,Weekday,61.74,14.54
B008,R05,15,40,Medium,Cloudy,Night,Weekend,46.24,5.44
B040,R05,19,26,High,Cloudy,Morning,Weekend,70.08,10.44
B049,R01,38,13,High,Clear,Afternoon,Weekday,78.14,6.81
B044,R04,17,9,High,Rain,Night,Weekday,62.86,12.58
B019,R04,58,9,High,Cloudy,Evening,Weekday,85.28,13.35
B042,R01,52,15,Medium,Clear,Morning,Weekday,68.59,11.61
B041,R05,11,16,Medium,Cloudy,Evening,Weekday,47.27,6.78
B037,R08,44,29,Low,Clear,Morning,Weekday,49.96,7.97
B006,R08,10,35,Medium,Clear,Night,Weekday,46.56,6.47
B026,R02,60,9,High,Rain,Afternoon,Weekday,97.44,16.28
B034,R06,43,30,Medium,Clear,Evening,Weekend,54.26,9.45
B045,R02,54,22,Medium,Clear,Morning,Weekday,69.95,11.54
B006,R05,34,39,Medium,Clear,Morning,Weekend,60.79,5.48
B037,R07,26,42,Medium,Clear,Afternoon,Weekday,55.42,6.12
B033,R04,29,30,Medium,Clear,Evening,Weekend,48.5,10.31
B022,R02,32,9,Medium,Rain,Night,Weekday,57.59,10.91
B021,R03,58,36,Medium,Clear,Night,Weekday,67.19,9.2
B006,R08,24,16,Medium,Clear,Evening,Weekday,54.89,8.83
B006,R03,43,8,High,Cloudy,Afternoon,Weekend,81.07,10.13
B048,R01,7,24,High,Clear,Afternoon,Weekday,60.66,6.33
B004,R05,9,28,Low,Clear,Afternoon,Weekday,35.91,4.78
B030,R05,5,10,High,Clear,Morning,Weekend,58.78,9.03
B011,R02,19,28,Low,Clear,Morning,Weekday,30.9,8.53
B030,R04,30,45,Low,Clear,Afternoon,Weekday,37.76,7.44
B031,R05,7,21,Medium,Clear,Evening,Weekday,42.03,6.6
B024,R02,44,49,Low,Clear,Night,Weekday,47.7,2.77
B009,R02,45,40,Low,Cloudy,Morning,Weekday,46.82,8.28
B003,R06,51,14,Medium,Clear,Afternoon,Weekday,57.07,8.36
B031,R06,46,22,Medium,Rain,Morning,Weekday,66.09,12.54
B040,R05,38,28,Low,Cloudy,Morning,Weekday,47.86,9.84
B037,R02,56,16,Medium,Clear,Afternoon,Weekday,64.19,11.86
B036,R01,9,15,Medium,Rain,Evening,Weekend,37.61,9.29
B024,R01,35,40,Medium,Clear,Night,Weekend,55.99,8.69
B031,R06,55,8,High,Clear,Evening,Weekday,87.34,14.96
B006,R05,17,13,Medium,Clear,Morning,Weekend,48.66,10.24
B002,R08,47,37,Low,Cloudy,Evening,Weekend,48.74,5.71
B020,R04,5,47,Low,Clear,Evening,Weekday,19.03,4.08
B028,R07,26,31,Medium,Clear,Night,Weekend,55.65,3.54
B011,R08,19,25,Medium,Clear,Afternoon,Weekday,53.35,5.49
B004,R01,30,41,Low,Cloudy,Afternoon,Weekend,35.51,4.74
B015,R01,22,27,Low,Clear,Afternoon,Weekday,27.88,6.2
B006,R08,52,33,High,Clear,Evening,Weekday,80.22,13.02
B049,R06,13,40,Medium,Clear,Evening,Weekday,38.82,8.27
B030,R06,5,33,Medium,Rain,Night,Weekday,35.15,8.62
B038,R05,47,22,High,Clear,Afternoon,Weekday,75.45,9.46
B002,R06,13,17,High,Clear,Night,Weekday,74.12,9.13
B015,R03,27,30,Medium,Rain,Night,Weekday,52.59,11.12
B011,R07,47,25,Medium,Clear,Evening,Weekday,73.71,11.7
B008,R08,49,29,High,Cloudy,Afternoon,Weekday,86.34,10.41
B026,R08,6,26,Medium,Rain,Morning,Weekday,35.32,9.35
B045,R02,18,32,Low,Rain,Morning,Weekday,28.01,8.23
B044,R01,42,27,Low,Clear,Evening,Weekday,44.13,6.29
B005,R08,44,20,Medium,Clear,Evening,Weekend,63.55,9.22
B006,R03,22,28,High,Clear,Evening,Weekend,68.82,7.53
B026,R08,20,26,Low,Rain,Evening,Weekday,34.44,9.51
B004,R04,57,24,Low,Rain,Morning,Weekend,43.24,9.15
B019,R03,33,16,High,Clear,Afternoon,Weekend,77.36,9.42
B020,R05,48,9,High,Cloudy,Night,Weekday,87.94,10.43
B033,R04,15,43,Low,Rain,Morning,Weekday,25.62,9.06
B020,R04,10,25,Medium,Clear,Afternoon,Weekday,47.46,4.53
B049,R08,7,42,Medium,Clear,Evening,Weekday,42.85,5.13
B012,R06,18,34,Low,Clear,Night,Weekend,29.98,3.39
B047,R08,6,8,High,Clear,Afternoon,Weekday,65.07,10.39
B001,R03,36,30,Low,Rain,Afternoon,Weekend,36.51,6.72
B026,R05,35,42,Low,Rain,Night,Weekday,44.43,6.85
B014,R01,15,29,Low,Clear,Afternoon,Weekday,28.77,5.22
B038,R07,26,44,Low,Clear,Afternoon,Weekday,35.75,5.07
B037,R06,7,40,Low,Clear,Night,Weekday,29.16,3.24
B011,R03,54,26,Low,Cloudy,Night,Weekday,49.94,7.16
B036,R01,35,25,High,Cloudy,Morning,Weekend,72.74,11.77
B013,R03,37,44,Low,Clear,Evening,Weekend,42.1,3.71
B043,R06,28,8,High,Cloudy,Evening,Weekday,75.26,14.78
B003,R01,5,19,Medium,Clear,Afternoon,Weekday,38.98,9.06
B033,R06,48,31,Medium,Clear,Evening,Weekday,69.7,8.79
B006,R03,19,25,Low,Rain,Morning,Weekend,24.35,9.34
B050,R04,41,26,Low,Clear,Afternoon,Weekday,37.74,4.06
B010,R07,31,36,Medium,Clear,Evening,Weekday,53.4,9.41
B005,R02,42,29,Medium,Clear,Evening,Weekday,54.62,12.01
B023,R07,52,12,High,Clear,Afternoon,Weekday,85.91,9.95
B010,R04,31,15,High,Cloudy,Night,Weekday,72.18,9.3
B044,R06,48,35,Medium,Cloudy,Morning,Weekend,65.13,8.76
B002,R07,16,30,Medium,Rain,Afternoon,Weekend,56.63,7.82
B013,R06,7,20,High,Clear,Afternoon,Weekend,63.3,8.37
B040,R06,34,21,Medium,Clear,Evening,Weekday,59.41,13.95
B002,R01,36,10,High,Clear,Night,Weekday,77.9,10.42
B020,R05,27,31,High,Cloudy,Evening,Weekend,71.92,7.65
B001,R06,6,40,Low,Clear,Afternoon,Weekday,26.65,2.85
B037,R07,11,17,Low,Rain,Afternoon,Weekday,20.81,8.66
B009,R07,38,34,Medium,Clear,Evening,Weekday,63.98,7.48
B017,R07,36,26,Medium,Clear,Night,Weekday,54.13,6.93
B009,R04,57,27,Medium,Clear,Afternoon,Weekday,75.24,10.5
B011,R02,43,23,High,Rain,Morning,Weekend,79.66,15.73
B015,R06,36,35,Low,Clear,Night,Weekend,33.88,3.85
B024,R08,47,29,Low,Clear,Afternoon,Weekday,44.01,5.81
B038,R06,47,33,Low,Clear,Night,Weekday,35.64,4.2
B035,R06,18,31,Medium,Clear,Night,Weekday,43.63,7.22
B030,R08,7,28,Medium,Clear,Morning,Weekday,45.87,11.73
B031,R01,50,25,Low,Clear,Afternoon,Weekend,50.89,5.25
B049,R06,36,12,Medium,Clear,Night,Weekday,55.06,8.58
B005,R04,47,30,Low,Clear,Afternoon,Weekday,49.88,7.02
B044,R03,40,20,Low,Clear,Afternoon,Weekday,37.94,6.12
B050,R05,21,42,Medium,Clear,Night,Weekend,51.41,4.43
B014,R07,52,23,Medium,Cloudy,Evening,Weekday,66.95,12.91
B011,R06,7,35,Medium,Clear,Night,Weekday,51.15,4.14
B009,R01,14,23,High,Clear,Evening,Weekday,71.42,9.5
B034,R04,57,18,High,Clear,Evening,Weekday,87.48,14.21
B012,R06,51,24,Low,Clear,Evening,Weekday,57.68,8.7
B035,R08,44,21,Medium,Cloudy,Evening,Weekend,61.72,8.07
B035,R01,22,37,Medium,Cloudy,Night,Weekday,51.08,6.96
B001,R03,7,20,High,Cloudy,Evening,Weekday,65.16,10.58
B040,R02,43,13,High,Clear,Afternoon,Weekday,79.4,11.34
B022,R06,14,26,Low,Clear,Night,Weekday,33.92,4.86
B029,R04,56,46,Low,Clear,Morning,Weekend,47.52,3.64
B008,R01,13,29,Medium,Clear,Evening,Weekday,49.74,10.39
B011,R08,50,17,Medium,Clear,Night,Weekday,51.29,11.78
B041,R01,59,50,Low,Clear,Evening,Weekend,50.16,4.78
B037,R06,50,28,Low,Cloudy,Afternoon,Weekday,43.32,8.98
B014,R01,15,13,Medium,Clear,Evening,Weekday,47.86,10.0
B030,R02,37,34,Low,Rain,Night,Weekend,32.71,2.52
B035,R01,40,47,Low,Clear,Afternoon,Weekend,39.09,4.28
B021,R07,30,31,Low,Cloudy,Evening,Weekday,35.92,4.22
B037,R05,31,24,Low,Clear,Morning,Weekday,33.72,6.89
B005,R07,42,19,Medium,Rain,Evening,Weekday,63.99,14.32
B019,R05,26,24,Medium,Clear,Evening,Weekend,53.32,9.43
B014,R01,30,48,Low,Clear,Afternoon,Weekend,38.18,2.08
B026,R08,26,48,Low,Clear,Evening,Weekday,37.88,6.94
B004,R08,9,14,Low,Rain,Night,Weekday,29.78,9.89
B025,R06,39,35,Medium,Rain,Night,Weekend,57.59,7.96
B045,R08,6,34,Low,Clear,Afternoon,Weekday,21.01,3.81
B042,R05,39,25,Medium,Cloudy,Night,Weekday,67.52,8.46
B025,R04,13,28,Low,Clear,Morning,Weekday,21.91,4.84
B018,R05,55,35,Low,Clear,Evening,Weekday,45.4,6.98
B040,R07,55,21,Low,Clear,Afternoon,Weekend,46.69,7.82
B008,R01,53,13,Low,Rain,Night,Weekend,42.22,12.83
B039,R06,22,36,Medium,Clear,Morning,Weekday,51.56,9.01
B040,R03,47,20,Medium,Clear,Morning,Weekend,69.58,9.78
B014,R06,16,28,High,Clear,Afternoon,Weekday,58.44,11.54
B032,R06,7,43,Low,Clear,Afternoon,Weekend,20.92,1.25
B038,R06,22,39,Low,Clear,Night,Weekday,31.6,4.68
B033,R04,60,33,Low,Clear,Evening,Weekend,57.82,8.8
B023,R02,42,28,High,Clear,Morning,Weekday,73.53,10.09
B015,R07,11,21,Low,Clear,Morning,Weekday,29.84,4.6
B033,R01,37,12,Medium,Clear,Afternoon,Weekend,57.68,9.35
B025,R02,10,47,Low,Clear,Morning,Weekday,25.81,6.37
B017,R03,22,22,Low,Rain,Afternoon,Weekend,37.14,8.69
B033,R02,49,26,High,Clear,Evening,Weekday,83.84,13.57
B047,R01,26,33,Medium,Cloudy,Afternoon,Weekday,52.84,7.13
B002,R07,55,22,High,Clear,Evening,Weekend,88.17,12.05
B014,R07,43,29,Medium,Clear,Night,Weekday,62.51,8.34
B040,R01,55,35,Medium,Clear,Afternoon,Weekday,62.06,9.66
B040,R03,13,50,Low,Cloudy,Night,Weekday,27.31,3.74
B039,R01,39,24,Medium,Rain,Evening,Weekday,61.67,12.87
B006,R03,27,41,Low,Clear,Morning,Weekday,25.43,6.6
B006,R03,16,31,Medium,Clear,Night,Weekday,52.32,7.43
B003,R01,56,40,Medium,Cloudy,Afternoon,Weekday,72.58,6.05
B007,R05,28,14,High,Clear,Afternoon,Weekday,75.26,12.48
B008,R07,54,20,Medium,Cloudy,Night,Weekend,60.28,7.17
B042,R03,44,26,Medium,Clear,Night,Weekday,58.76,8.39
B015,R01,13,47,Low,Cloudy,Night,Weekday,14.87,2.15
B047,R08,17,35,Low,Clear,Afternoon,Weekday,26.71,4.38
B029,R05,44,32,Low,Clear,Night,Weekday,37.43,6.8
B033,R07,58,32,Medium,Cloudy,Night,Weekday,68.66,8.83
B030,R03,46,9,High,Clear,Evening,Weekday,88.01,12.72
B039,R07,21,44,Low,Clear,Night,Weekend,27.99,2.09
B027,R05,11,50,Low,Clear,Night,Weekend,27.56,2.63
B036,R07,21,26,Medium,Clear,Afternoon,Weekday,50.06,8.98
B029,R04,59,18,High,Clear,Afternoon,Weekday,84.98,13.47
B038,R06,54,26,Medium,Rain,Morning,Weekday,74.05,15.7
B033,R04,28,37,Low,Cloudy,Afternoon,Weekday,38.14,3.91
B037,R05,6,14,High,Clear,Afternoon,Weekend,57.46,7.36
B027,R03,39,8,High,Rain,Afternoon,Weekday,81.74,13.64
B033,R01,32,33,Low,Clear,Afternoon,Weekday,34.96,5.18
B004,R02,23,28,High,Cloudy,Night,Weekday,74.06,6.93
B022,R01,37,13,Medium,Clear,Morning,Weekday,51.79,11.8
B002,R07,25,13,Medium,Cloudy,Afternoon,Weekday,50.76,7.4
B010,R02,57,31,Medium,Cloudy,Night,Weekday,70.27,7.43
B005,R02,14,29,High,Cloudy,Afternoon,Weekend,61.56,8.29
B010,R07,57,21,Medium,Clear,Morning,Weekday,69.79,8.91
B033,R07,50,35,Low,Clear,Evening,Weekend,43.33,6.62
B038,R03,49,8,High,Clear,Evening,Weekday,84.72,14.83
B013,R05,13,33,Low,Clear,Morning,Weekday,31.6,6.25
B031,R08,42,41,Medium,Clear,Night,Weekday,74.53,8.12
B047,R01,10,34,Medium,Cloudy,Night,Weekday,45.39,7.75
B036,R05,55,19,Low,Rain,Morning,Weekday,46.56,11.35
B045,R04,57,38,Low,Clear,Evening,Weekend,58.16,2.01
B024,R03,46,22,High,Clear,Afternoon,Weekday,88.67,12.32
B015,R03,59,29,Medium,Rain,Evening,Weekend,78.38,12.07
B029,R08,39,27,Medium,Rain,Afternoon,Weekday,60.69,11.69
B008,R04,22,30,Medium,Clear,Morning,Weekday,55.08,10.63
B005,R01,57,14,Medium,Clear,Morning,Weekday,68.74,8.52
B029,R06,23,24,Medium,Cloudy,Morning,Weekday,51.78,9.09
B047,R04,9,38,Low,Cloudy,Evening,Weekday,25.05,8.44
B004,R01,29,36,Medium,Clear,Morning,Weekday,56.58,8.07
B012,R02,15,17,High,Cloudy,Evening,Weekday,67.87,13.1
B045,R07,14,19,Medium,Cloudy,Night,Weekday,53.94,6.0
B002,R03,21,48,Low,Clear,Afternoon,Weekday,33.38,4.52
B027,R01,40,26,High,Cloudy,Afternoon,Weekday,81.01,8.04
B031,R05,30,11,High,Clear,Afternoon,Weekend,75.81,11.07
B036,R08,35,36,Low,Cloudy,Morning,Weekend,35.37,5.14
B036,R07,36,28,High,Clear,Afternoon,Weekday,72.58,11.74
B026,R05,25,32,Medium,Clear,Morning,Weekend,57.5,9.74
B043,R07,22,48,Low,Cloudy,Evening,Weekday,35.98,4.93
B027,R03,22,24,Low,Cloudy,Morning,Weekday,25.47,9.78
B005,R04,5,9,Medium,Rain,Afternoon,Weekday,37.07,9.7
B020,R06,18,28,High,Clear,Morning,Weekday,72.5,11.4
B011,R04,12,40,Low,Clear,Morning,Weekday,24.4,5.53
B010,R01,6,14,Low,Rain,Evening,Weekday,18.05,9.79
B040,R08,55,41,Low,Cloudy,Morning,Weekday,39.48,8.42
B038,R04,19,27,Medium,Rain,Afternoon,Weekday,47.19,8.93
B006,R03,38,30,Low,Clear,Morning,Weekday,39.65,6.57
B008,R08,40,34,Low,Clear,Night,Weekend,38.59,4.69
B023,R01,5,34,Medium,Clear,Morning,Weekday,35.87,8.94
B047,R02,55,8,High,Rain,Night,Weekend,84.56,13.81
B026,R04,25,15,Medium,Rain,Afternoon,Weekend,55.28,9.36
B046,R04,46,41,Medium,Clear,Night,Weekday,70.92,6.39
B043,R06,5,13,Medium,Clear,Night,Weekday,42.73,7.45
B012,R01,36,17,Medium,Clear,Night,Weekday,63.16,9.5
B026,R05,24,12,High,Cloudy,Night,Weekday,75.6,8.79
B013,R04,58,20,High,Clear,Night,Weekday,86.1,10.13
B040,R03,51,38,Low,Cloudy,Morning,Weekday,50.19,8.48
B018,R04,40,23,Medium,Clear,Evening,Weekday,65.62,9.12
B025,R06,43,17,Medium,Clear,Night,Weekday,59.08,8.1
B033,R02,34,27,Medium,Clear,Afternoon,Weekday,57.09,7.75
B047,R06,11,34,Medium,Cloudy,Afternoon,Weekday,42.67,5.1
B040,R04,26,8,High,Clear,Morning,Weekday,66.71,11.61
B043,R08,54,22,High,Rain,Evening,Weekday,92.12,15.5
B012,R05,49,35,Medium,Cloudy,Evening,Weekday,72.51,10.84
B044,R07,14,14,High,Clear,Night,Weekday,66.69,8.69
B036,R04,60,18,High,Clear,Afternoon,Weekday,87.33,10.13
B048,R01,12,25,High,Rain,Afternoon,Weekday,71.34,13.09
B004,R04,31,9,High,Clear,Morning,Weekday,81.38,11.45
B005,R05,14,47,Low,Clear,Night,Weekday,22.67,2.48
B037,R01,18,37,Low,Rain,Afternoon,Weekend,29.7,3.07
B008,R03,50,12,High,Cloudy,Night,Weekday,94.9,13.1
B042,R08,56,12,High,Clear,Evening,Weekday,97.11,15.74
B049,R01,58,28,High,Clear,Night,Weekend,84.38,9.45
B028,R06,15,30,Low,Rain,Night,Weekend,20.54,6.79
B031,R02,10,37,Medium,Clear,Morning,Weekend,46.76,6.54
B009,R06,25,32,Low,Clear,Morning,Weekday,36.06,5.1
B029,R07,37,37,Medium,Clear,Evening,Weekday,62.1,10.05
B014,R01,23,48,Low,Clear,Evening,Weekday,34.23,7.93
B040,R03,43,35,Low,Rain,Night,Weekday,42.92,8.22
B041,R04,28,24,Low,Cloudy,Afternoon,Weekend,31.88,6.07
B022,R08,22,42,Medium,Cloudy,Night,Weekday,47.83,4.81
B011,R01,39,29,Medium,Rain,Evening,Weekday,63.52,10.89
B023,R06,56,36,Low,Clear,Morning,Weekday,44.47,8.36
B001,R01,47,45,Low,Clear,Morning,Weekend,35.16,7.87
B046,R01,41,42,Low,Cloudy,Evening,Weekday,41.22,6.17
B037,R01,23,29,High,Clear,Night,Weekend,72.93,7.73
B021,R03,57,40,Low,Clear,Afternoon,Weekday,58.12,6.67
B026,R08,28,30,Low,Clear,Morning,Weekend,34.17,5.35
B046,R05,60,12,High,Clear,Night,Weekday,83.37,12.57
B036,R05,38,34,Medium,Clear,Afternoon,Weekend,65.1,4.97
B023,R01,26,31,Medium,Clear,Evening,Weekday,52.75,9.81
B001,R03,8,38,Medium,Clear,Night,Weekend,43.2,4.53
B040,R03,14,27,High,Clear,Afternoon,Weekday,61.18,6.4
B015,R07,6,28,Low,Clear,Night,Weekday,25.55,3.25
B021,R01,12,12,High,Clear,Morning,Weekday,66.78,11.91
B047,R06,37,8,High,Rain,Evening,Weekday,78.9,17.77
B009,R06,42,24,Medium,Rain,Morning,Weekday,65.69,10.39
B009,R02,47,17,Medium,Cloudy,Morning,Weekday,68.79,12.15
B010,R08,32,8,Medium,Rain,Night,Weekday,57.6,12.36
B026,R01,14,13,Low,Rain,Evening,Weekday,29.69,12.26
B041,R02,49,25,Low,Clear,Night,Weekday,46.23,6.53
B035,R06,5,27,High,Clear,Afternoon,Weekday,70.86,9.39
B025,R06,38,10,Medium,Rain,Evening,Weekday,54.47,16.59
B026,R01,7,40,Medium,Cloudy,Morning,Weekday,38.07,7.47
B011,R02,13,15,High,Clear,Morning,Weekday,60.56,9.75
B038,R02,9,14,Medium,Cloudy,Morning,Weekday,47.09,11.51
B002,R01,46,32,Low,Clear,Night,Weekday,42.43,6.88
B007,R08,14,35,Medium,Clear,Night,Weekday,41.47,6.73
B018,R07,16,21,Medium,Clear,Night,Weekday,47.03,10.24
B027,R02,22,28,Low,Clear,Evening,Weekend,41.79,8.55
B034,R07,25,20,High,Clear,Evening,Weekday,74.64,12.52
B027,R04,25,23,Low,Rain,Evening,Weekend,39.87,8.1
B017,R08,5,38,Medium,Clear,Evening,Weekday,35.98,7.21
B043,R06,7,25,Low,Clear,Afternoon,Weekday,24.96,5.37
B044,R05,9,21,Medium,Clear,Morning,Weekday,47.06,8.74
B024,R08,29,35,Medium,Cloudy,Night,Weekday,57.96,6.25
B025,R07,53,22,Medium,Rain,Night,Weekday,65.23,11.17
B007,R07,12,17,High,Clear,Afternoon,Weekend,70.93,10.1
B006,R07,21,49,Low,Clear,Morning,Weekday,32.96,5.53
B024,R03,13,8,High,Clear,Morning,Weekday,66.94,11.07
B033,R08,36,24,Medium,Cloudy,Afternoon,Weekday,55.86,9.11
B049,R02,10,8,High,Clear,Evening,Weekend,57.57,12.0
B029,R02,53,31,Medium,Clear,Morning,Weekend,56.92,8.69
B043,R03,44,21,Low,Clear,Evening,Weekday,38.63,7.22
B022,R02,25,22,Low,Clear,Afternoon,Weekend,31.73,4.86
B026,R03,11,16,High,Rain,Night,Weekday,62.12,12.04
B028,R07,11,8,High,Clear,Night,Weekday,67.22,11.52
B050,R01,51,25,Low,Clear,Night,Weekday,49.61,5.77
B021,R08,43,33,Medium,Rain,Night,Weekday,55.25,9.77
B049,R04,58,11,Medium,Rain,Morning,Weekday,71.75,16.35
B007,R07,31,14,High,Clear,Evening,Weekend,75.37,11.16
B017,R04,12,27,High,Rain,Night,Weekend,57.38,10.18
B020,R06,13,10,High,Cloudy,Night,Weekend,71.04,11.86
B041,R07,32,20,High,Clear,Night,Weekday,71.32,8.74
B049,R05,19,24,High,Clear,Afternoon,Weekday,82.35,11.21
B020,R02,6,38,Low,Clear,Morning,Weekday,28.84,4.93
B022,R05,11,15,High,Clear,Afternoon,Weekend,64.79,8.97
B028,R01,51,12,Medium,Clear,Evening,Weekend,65.49,11.12
B040,R04,22,8,High,Cloudy,Night,Weekday,64.04,10.29
B049,R08,26,22,Medium,Rain,Morning,Weekday,61.78,10.47
B007,R07,54,29,Low,Clear,Morning,Weekday,42.75,7.15
B001,R08,14,35,Medium,Clear,Morning,Weekday,47.21,7.55
B032,R01,58,31,Medium,Clear,Afternoon,Weekday,65.79,7.27
B013,R01,54,49,Low,Cloudy,Afternoon,Weekday,49.31,5.03
B030,R02,37,37,Medium,Cloudy,Afternoon,Weekday,58.4,5.98
B023,R01,11,14,Medium,Clear,Afternoon,Weekend,42.37,5.57
B019,R07,7,25,Medium,Cloudy,Evening,Weekend,45.82,5.51
B032,R07,18,19,Medium,Clear,Night,Weekday,56.52,10.33
B030,R08,48,35,Low,Cloudy,Night,Weekday,44.24,5.77
B029,R08,50,21,High,Clear,Afternoon,Weekday,74.05,9.71
B049,R04,40,12,High,Clear,Afternoon,Weekend,81.88,8.57
B045,R07,17,23,Low,Clear,Afternoon,Weekday,21.12,4.82
B029,R05,20,23,High,Rain,Evening,Weekday,63.15,11.07
B030,R04,20,36,Medium,Cloudy,Evening,Weekend,42.63,6.62
B016,R02,58,13,Low,Rain,Morning,Weekend,52.53,12.14
B040,R04,9,32,Medium,Clear,Night,Weekend,37.24,4.43
B019,R03,56,37,Medium,Clear,Afternoon,Weekend,72.94,7.81
B018,R08,29,34,Medium,Clear,Morning,Weekday,58.55,9.91
B001,R05,42,17,High,Cloudy,Night,Weekend,76.69,10.69
B014,R08,42,15,Medium,Rain,Morning,Weekday,63.4,13.13
B047,R03,54,16,Low,Rain,Evening,Weekday,52.89,13.94
B050,R03,42,31,High,Cloudy,Evening,Weekday,78.09,13.29
B002,R06,43,47,Low,Cloudy,Morning,Weekday,47.66,5.2
B028,R07,60,25,Medium,Rain,Morning,Weekday,70.84,11.7
B049,R02,60,35,Low,Clear,Night,Weekend,46.55,4.74
B050,R01,52,39,Low,Rain,Afternoon,Weekday,50.13,7.79
B030,R03,45,13,Medium,Rain,Night,Weekend,58.87,12.62
B038,R04,30,41,Low,Clear,Night,Weekday,41.93,5.92
B004,R01,17,40,Medium,Cloudy,Evening,Weekday,42.74,8.28
B001,R04,48,33,Low,Clear,Evening,Weekday,50.55,8.34
B008,R08,55,17,Medium,Clear,Morning,Weekday,68.59,9.3
B029,R04,30,13,Medium,Cloudy,Evening,Weekday,58.56,12.41
B039,R01,59,20,Low,Clear,Night,Weekend,47.53,6.83
B003,R01,59,23,High,Clear,Morning,Weekday,91.46,10.85
B032,R07,5,38,Low,Rain,Morning,Weekend,9.85,4.43
B010,R04,12,38,Low,Clear,Evening,Weekday,27.09,4.33
B010,R02,8,38,Medium,Clear,Afternoon,Weekday,37.43,5.99
B019,R07,25,34,Medium,Cloudy,Evening,Weekend,56.24,4.06
B046,R05,26,18,Medium,Clear,Morning,Weekday,50.33,7.95
B034,R06,55,41,Low,Clear,Morning,Weekday,44.78,7.94
B033,R05,57,18,High,Clear,Afternoon,Weekday,82.68,10.58
B023,R02,41,16,Medium,Clear,Night,Weekend,61.42,5.3
B028,R07,53,22,Low,Clear,Morning,Weekday,42.26,7.71
B032,R06,7,19,Medium,Rain,Afternoon,Weekday,43.24,9.71
B050,R07,23,8,High,Clear,Night,Weekday,69.87,12.09
B007,R01,5,40,Medium,Clear,Evening,Weekend,37.38,7.28
B029,R06,33,17,Low,Rain,Afternoon,Weekday,34.56,9.89
B008,R08,27,8,Medium,Rain,Night,Weekday,50.55,12.62
B001,R04,37,22,Low,Clear,Morning,Weekday,43.35,5.51
B003,R05,59,13,Medium,Clear,Morning,Weekday,75.18,13.29
B024,R06,56,8,High,Cloudy,Afternoon,Weekday,81.4,13.87
B023,R04,45,29,Medium,Cloudy,Evening,Weekday,63.47,9.16
B008,R07,27,13,Medium,Cloudy,Afternoon,Weekday,52.1,4.15
B047,R02,9,18,High,Clear,Morning,Weekday,60.1,12.81
B037,R06,11,29,Medium,Clear,Night,Weekday,46.23,2.59
B003,R04,10,41,Medium,Clear,Evening,Weekend,47.35,7.29
B033,R07,53,37,Low,Cloudy,Night,Weekday,33.19,5.28
B028,R07,26,19,Medium,Cloudy,Afternoon,Weekday,58.02,7.22
B047,R07,53,23,Medium,Clear,Afternoon,Weekday,70.05,8.23
B008,R02,17,34,Medium,Clear,Night,Weekday,48.37,6.76
B034,R01,16,8,High,Rain,Night,Weekday,63.61,9.68
B035,R02,8,22,High,Clear,Night,Weekend,66.45,7.67
B032,R02,12,12,Medium,Clear,Afternoon,Weekday,42.73,5.98
B024,R08,41,33,Medium,Cloudy,Night,Weekend,66.85,5.84
B014,R05,35,36,Medium,Clear,Morning,Weekend,61.99,7.86
B032,R07,41,48,Low,Clear,Night,Weekday,40.6,5.91
B046,R04,49,36,Low,Clear,Morning,Weekday,40.47,6.28
B043,R06,30,8,High,Cloudy,Morning,Weekday,77.48,15.15
B016,R05,47,31,Medium,Clear,Night,Weekend,67.46,5.66
B004,R07,12,22,High,Rain,Evening,Weekday,64.33,12.32
B037,R03,44,36,Low,Clear,Evening,Weekday,44.06,9.22
B021,R02,37,36,Medium,Cloudy,Evening,Weekend,56.1,7.83
B014,R03,49,17,Medium,Clear,Morning,Weekday,55.79,10.97
B031,R07,33,16,Medium,Clear,Evening,Weekday,48.19,9.91
B048,R05,9,30,High,Cloudy,Evening,Weekday,65.28,9.8
B018,R04,32,8,High,Clear,Night,Weekday,83.62,11.56
B007,R05,57,30,Low,Cloudy,Afternoon,Weekday,43.66,8.59
B010,R08,44,30,Low,Clear,Morning,Weekday,37.98,7.87
B007,R04,21,30,Low,Clear,Afternoon,Weekday,32.0,5.88
B033,R04,59,23,Medium,Clear,Morning,Weekend,69.68,11.09
B023,R07,27,23,Medium,Cloudy,Morning,Weekday,54.93,8.64
B021,R01,49,13,Medium,Clear,Evening,Weekday,67.09,10.05
B019,R07,13,8,Medium,Rain,Night,Weekday,46.41,9.44
B048,R02,6,39,Medium,Clear,Afternoon,Weekend,43.68,3.39
B019,R05,36,10,High,Clear,Afternoon,Weekend,72.37,8.47
B036,R04,55,31,Medium,Clear,Evening,Weekday,65.41,11.97
B029,R07,56,25,Medium,Clear,Afternoon,Weekday,74.31,6.01
B018,R07,53,41,Low,Clear,Afternoon,Weekend,48.86,5.53
B002,R05,35,27,Medium,Cloudy,Morning,Weekday,58.9,7.5
B001,R05,11,35,Medium,Clear,Night,Weekday,41.14,8.93
B047,R08,34,42,Medium,Clear,Night,Weekday,52.98,7.2
B005,R04,7,10,High,Rain,Afternoon,Weekend,58.13,10.07
B020,R06,55,20,High,Clear,Afternoon,Weekend,78.32,9.19
B011,R08,55,18,High,Clear,Morning,Weekday,86.15,12.53
B042,R03,60,22,Medium,Clear,Evening,Weekday,68.05,12.19
B002,R02,13,24,Medium,Clear,Morning,Weekend,47.42,8.2
B003,R02,14,17,Medium,Clear,Evening,Weekday,52.18,9.78
B023,R06,50,36,Low,Clear,Evening,Weekday,41.87,6.86
B012,R01,54,31,Low,Clear,Morning,Weekday,53.25,7.55
B020,R08,51,47,Low,Cloudy,Night,Weekday,48.07,7.09
B005,R06,30,47,Low,Cloudy,Morning,Weekend,42.11,7.93
B037,R01,5,35,Medium,Cloudy,Evening,Weekday,36.8,9.65
B038,R01,34,8,High,Clear,Night,Weekday,82.86,9.69
B030,R06,42,40,Low,Clear,Night,Weekday,37.63,7.43
B009,R02,19,13,High,Clear,Morning,Weekend,65.52,10.12
B034,R03,29,37,Low,Clear,Night,Weekend,34.2,4.0
B044,R02,10,38,Low,Clear,Night,Weekday,20.76,2.27
B035,R07,22,18,Medium,Clear,Morning,Weekend,53.15,8.71
B022,R02,5,34,Medium,Clear,Afternoon,Weekday,46.71,4.9
B044,R02,60,49,Low,Cloudy,Night,Weekend,52.47,6.34
B024,R08,7,31,Low,Clear,Morning,Weekday,23.22,9.92
B017,R06,21,15,Medium,Rain,Morning,Weekday,56.4,12.24
B010,R06,52,43,Low,Cloudy,Afternoon,Weekday,48.14,6.16
B030,R07,12,40,Medium,Clear,Night,Weekday,45.27,5.42
B046,R07,53,14,Medium,Clear,Evening,Weekend,65.86,10.78
B023,R08,44,21,Low,Cloudy,Evening,Weekend,37.58,6.99
B032,R06,21,8,High,Cloudy,Night,Weekday,65.68,11.07
B017,R02,29,50,Low,Clear,Night,Weekday,32.23,4.56
B050,R03,45,33,Medium,Clear,Morning,Weekend,57.24,8.71
B017,R01,16,8,High,Clear,Morning,Weekday,62.25,13.02
B014,R05,33,30,High,Clear,Evening,Weekday,71.92,10.77
B009,R01,29,19,Medium,Rain,Night,Weekend,59.87,13.77
B040,R07,55,15,Medium,Clear,Morning,Weekday,63.46,10.12
B002,R07,40,44,Low,Clear,Evening,Weekday,44.12,5.89
B045,R01,57,37,Medium,Clear,Evening,Weekday,65.3,6.15
B025,R05,58,8,Medium,Rain,Afternoon,Weekday,69.95,13.92
B039,R02,29,28,Medium,Cloudy,Night,Weekday,50.43,3.23
B009,R03,33,8,High,Cloudy,Afternoon,Weekday,77.48,10.57
B022,R03,15,38,Low,Rain,Morning,Weekday,38.89,7.23
B043,R01,8,25,High,Rain,Morning,Weekday,60.51,10.56
B046,R05,18,13,High,Cloudy,Evening,Weekday,67.53,12.18
B004,R08,50,18,Medium,Clear,Morning,Weekday,59.06,13.31
B026,R07,42,20,Medium,Clear,Afternoon,Weekend,66.5,8.77
B029,R04,21,36,Medium,Cloudy,Night,Weekday,56.8,5.42
B045,R02,6,23,High,Clear,Evening,Weekend,58.34,12.79
B034,R08,12,34,Low,Cloudy,Evening,Weekday,25.21,5.46
B023,R01,40,19,Medium,Clear,Morning,Weekday,62.1,11.82
B037,R03,14,28,Medium,Cloudy,Evening,Weekend,47.34,5.31
B011,R07,11,30,High,Clear,Evening,Weekday,60.87,10.09
B006,R08,40,14,High,Clear,Night,Weekday,75.17,9.1
B018,R08,20,27,Medium,Cloudy,Evening,Weekday,43.84,12.36
B021,R06,18,49,Low,Clear,Night,Weekday,34.12,2.56
B042,R06,20,33,Medium,Cloudy,Afternoon,Weekend,53.32,4.23
B036,R05,29,49,Low,Clear,Evening,Weekday,42.84,6.74
B041,R05,45,20,High,Rain,Afternoon,Weekend,77.46,11.73
B038,R01,8,22,Medium,Rain,Night,Weekday,45.5,12.88
B034,R08,33,27,High,Clear,Evening,Weekday,77.18,12.02
B017,R04,60,15,Medium,Cloudy,Morning,Weekend,71.86,10.4
B037,R03,10,29,Medium,Clear,Morning,Weekend,48.05,8.26
B025,R01,5,39,Low,Clear,Evening,Weekend,38.49,4.55
B038,R04,43,27,Low,Cloudy,Night,Weekday,57.29,6.72
B012,R07,5,34,Low,Cloudy,Morning,Weekday,24.3,4.52
B023,R05,55,24,Medium,Clear,Afternoon,Weekday,75.57,7.95
B042,R06,44,23,Low,Clear,Night,Weekday,37.69,5.35
B022,R02,7,33,Medium,Rain,Night,Weekday,43.0,9.33
B021,R08,5,25,Medium,Clear,Evening,Weekday,38.51,7.8
B027,R07,5,19,Medium,Rain,Afternoon,Weekend,43.76,9.95
B031,R06,43,34,Low,Cloudy,Night,Weekday,44.13,4.5
B006,R03,25,43,Low,Clear,Evening,Weekday,44.0,4.91
B027,R03,49,42,Low,Clear,Afternoon,Weekend,39.84,4.76
B040,R06,34,16,Medium,Clear,Night,Weekday,63.63,8.89
B034,R07,36,36,Low,Rain,Morning,Weekday,35.93,10.65
B012,R06,37,11,High,Rain,Afternoon,Weekday,75.71,11.73
B045,R04,52,21,High,Cloudy,Night,Weekday,84.82,8.49
B007,R01,26,22,Low,Clear,Afternoon,Weekday,42.9,7.9
B010,R05,34,31,Medium,Cloudy,Morning,Weekday,47.19,6.95
B045,R04,58,21,Medium,Clear,Night,Weekday,71.26,10.48
B017,R02,50,16,Medium,Cloudy,Morning,Weekday,70.63,7.29
B026,R06,8,24,Low,Clear,Evening,Weekday,19.16,8.05
B021,R02,27,27,Low,Rain,Evening,Weekday,36.17,10.2
B028,R02,59,20,Low,Cloudy,Night,Weekend,45.88,7.17
B046,R04,48,12,Medium,Clear,Night,Weekday,73.81,10.71
B002,R05,29,12,High,Rain,Afternoon,Weekday,68.06,14.52
B043,R07,16,39,Medium,Clear,Night,Weekend,50.9,5.82
B001,R03,21,30,High,Clear,Evening,Weekday,68.34,12.09
B036,R01,57,36,Low,Clear,Night,Weekday,47.8,7.88
B026,R08,19,33,Low,Cloudy,Afternoon,Weekend,28.06,5.83
B029,R03,14,19,Medium,Rain,Evening,Weekday,52.55,12.92
B021,R05,39,26,Low,Rain,Night,Weekend,40.47,6.36
B011,R08,59,40,Low,Cloudy,Morning,Weekend,42.47,6.08
B040,R03,56,42,Medium,Clear,Morning,Weekday,69.91,8.83
B011,R06,56,21,Low,Clear,Morning,Weekday,49.41,7.84
B036,R06,33,14,Medium,Clear,Morning,Weekday,61.76,8.58
B049,R04,16,36,Low,Rain,Afternoon,Weekday,29.74,8.45
B039,R02,5,16,Medium,Rain,Morning,Weekend,34.96,10.97
B040,R08,5,29,High,Clear,Morning,Weekday,68.44,8.78
B035,R05,14,43,Low,Cloudy,Night,Weekday,32.77,3.98
B034,R05,22,31,High,Cloudy,Morning,Weekday,73.68,10.75
B047,R03,51,37,Medium,Clear,Morning,Weekday,67.02,7.45
B024,R04,6,34,High,Clear,Night,Weekday,64.94,6.72
B022,R03,53,14,Low,Rain,Evening,Weekday,52.34,11.83
B005,R03,12,19,Medium,Clear,Afternoon,Weekend,52.88,6.33
B033,R05,26,31,Medium,Rain,Afternoon,Weekday,55.74,7.27
B036,R03,26,15,High,Clear,Evening,Weekday,76.25,13.36
B047,R02,30,20,Medium,Clear,Night,Weekday,56.07,8.25
B020,R03,30,37,Medium,Clear,Evening,Weekday,67.1,8.47
B019,R08,13,10,High,Rain,Afternoon,Weekday,56.37,11.55
B035,R02,25,37,Medium,Clear,Afternoon,Weekday,49.27,5.12
B043,R05,35,25,Low,Cloudy,Evening,Weekday,33.59,8.22
B017,R04,56,28,Medium,Clear,Morning,Weekday,78.59,10.34
B045,R06,47,22,Medium,Clear,Afternoon,Weekday,62.49,11.67
B043,R08,10,31,Medium,Rain,Evening,Weekend,35.08,13.11
B034,R02,60,30,Medium,Clear,Morning,Weekday,66.03,9.3
B009,R04,18,17,High,Rain,Morning,Weekday,71.87,12.32
B026,R04,37,24,Medium,Clear,Night,Weekday,58.75,6.26
B002,R02,11,22,Low,Cloudy,Evening,Weekend,25.08,6.61
B009,R05,28,22,Low,Cloudy,Afternoon,Weekday,35.12,4.29
B009,R01,13,21,High,Rain,Night,Weekday,72.31,9.67
B040,R04,15,32,Medium,Clear,Afternoon,Weekend,52.21,4.54
B017,R04,60,17,High,Cloudy,Morning,Weekend,86.02,11.03
B001,R05,27,50,Low,Clear,Evening,Weekend,35.08,3.77
B025,R05,52,19,Medium,Clear,Morning,Weekday,73.85,8.23
B043,R03,55,18,Medium,Clear,Morning,Weekday,68.68,10.72
B040,R05,6,23,Low,Clear,Morning,Weekday,20.14,6.54
B042,R04,19,8,Medium,Rain,Evening,Weekday,43.87,15.23
B025,R02,39,30,Medium,Cloudy,Night,Weekend,60.77,4.9
B039,R01,40,38,Medium,Clear,Afternoon,Weekday,59.02,7.95
B035,R07,56,8,High,Rain,Morning,Weekday,86.94,18.68
B003,R03,58,8,High,Clear,Afternoon,Weekday,90.15,9.9
B050,R07,32,15,High,Cloudy,Afternoon,Weekday,72.63,8.84
B037,R02,43,8,High,Rain,Night,Weekday,87.96,12.09
B044,R01,48,22,Medium,Rain,Evening,Weekday,63.65,13.93
B044,R01,8,26,Medium,Clear,Afternoon,Weekday,53.93,7.45
B030,R01,14,19,High,Cloudy,Night,Weekday,72.17,10.87
B038,R06,10,23,Medium,Clear,Afternoon,Weekday,44.62,7.28
B034,R02,34,24,Low,Rain,Morning,Weekday,30.61,12.94
B012,R08,58,39,Medium,Clear,Night,Weekend,72.31,7.61
B019,R03,50,23,Low,Cloudy,Evening,Weekday,47.36,10.85
B037,R03,39,33,Medium,Clear,Evening,Weekday,56.0,9.75
B044,R01,53,47,Low,Cloudy,Morning,Weekday,40.77,6.08
B049,R02,47,41,Low,Cloudy,Morning,Weekend,43.43,5.63
B017,R06,14,11,High,Cloudy,Afternoon,Weekday,68.17,12.14
B010,R01,57,14,High,Cloudy,Night,Weekend,89.3,11.75
B049,R05,36,18,High,Rain,Night,Weekday,78.02,14.0
B047,R08,46,33,Medium,Cloudy,Night,Weekday,68.98,9.29
B012,R07,46,8,High,Clear,Night,Weekday,79.82,12.0
B016,R03,7,8,High,Rain,Afternoon,Weekday,72.98,16.76
B024,R07,60,32,Medium,Clear,Night,Weekday,61.67,8.1
B019,R04,30,30,High,Cloudy,Night,Weekday,71.36,9.36
B008,R01,19,35,Low,Rain,Evening,Weekday,23.53,8.59
B031,R05,21,13,High,Clear,Evening,Weekday,71.6,12.95
B021,R03,31,31,Medium,Rain,Afternoon,Weekday,57.49,7.22
B017,R07,22,20,Medium,Cloudy,Morning,Weekend,59.77,3.94
B023,R08,55,35,Low,Clear,Evening,Weekday,48.57,7.23
B037,R06,23,15,Medium,Clear,Morning,Weekday,55.73,10.7
B016,R02,16,37,Medium,Clear,Afternoon,Weekday,42.56,7.82
B006,R03,28,13,High,Rain,Evening,Weekday,67.09,13.09
B008,R08,9,25,High,Clear,Evening,Weekday,71.04,8.26
B025,R07,28,21,High,Cloudy,Afternoon,Weekday,78.71,8.76
B018,R02,31,46,Low,Clear,Night,Weekday,36.7,3.25
B025,R07,52,10,High,Clear,Afternoon,Weekday,81.62,12.01
B012,R02,34,33,Medium,Cloudy,Morning,Weekday,69.15,9.01
B015,R06,19,12,High,Clear,Morning,Weekend,73.64,12.9
B026,R06,51,18,Low,Rain,Night,Weekday,42.04,9.28
B041,R01,42,41,Medium,Clear,Afternoon,Weekend,61.26,4.01
B045,R01,48,25,High,Clear,Afternoon,Weekend,76.71,9.78
B026,R03,38,23,High,Clear,Night,Weekend,79.61,7.63
B047,R06,31,32,Medium,Rain,Afternoon,Weekday,53.18,8.35
B032,R05,24,28,High,Clear,Evening,Weekday,83.94,13.67
B010,R07,45,22,Low,Clear,Afternoon,Weekday,46.31,8.24
B016,R07,36,26,Medium,Clear,Evening,Weekend,45.36,8.32
B007,R07,8,12,Medium,Clear,Afternoon,Weekday,53.2,10.69
B017,R03,9,46,Low,Cloudy,Evening,Weekday,26.52,6.72
B023,R07,57,45,Low,Cloudy,Morning,Weekend,56.2,6.56
B026,R04,12,43,Low,Clear,Night,Weekend,27.39,1.82
B021,R02,26,35,Medium,Clear,Morning,Weekday,53.76,5.25
B022,R07,46,50,Low,Cloudy,Evening,Weekday,38.83,5.36
B007,R08,11,38,Medium,Clear,Night,Weekday,48.77,5.26
B014,R02,26,28,Medium,Clear,Morning,Weekday,58.45,7.1
B015,R01,50,20,Medium,Clear,Morning,Weekend,56.23,9.69
B007,R07,34,13,Medium,Clear,Evening,Weekend,52.9,6.86
B009,R08,41,17,Medium,Clear,Afternoon,Weekday,54.34,10.88
B048,R05,20,42,Medium,Clear,Afternoon,Weekday,58.92,5.35
B008,R08,19,36,Medium,Clear,Evening,Weekday,55.1,9.59
B050,R06,9,27,Medium,Clear,Morning,Weekday,42.7,9.39
B023,R06,7,16,High,Cloudy,Afternoon,Weekday,68.88,7.55
B029,R01,27,18,Low,Rain,Afternoon,Weekday,26.66,6.33
B018,R04,14,35,Low,Rain,Morning,Weekend,28.52,6.6
B031,R03,9,19,Medium,Rain,Evening,Weekend,49.17,11.5
B030,R03,27,36,Medium,Clear,Evening,Weekday,50.8,9.0
B039,R05,19,8,High,Clear,Afternoon,Weekday,69.46,12.27
B035,R01,22,29,Low,Rain,Evening,Weekday,33.52,10.45
B018,R01,29,20,Medium,Clear,Morning,Weekday,60.27,10.36
B042,R04,12,45,Low,Clear,Evening,Weekday,18.37,4.47
B039,R07,35,41,Medium,Clear,Night,Weekday,56.65,6.34
B017,R03,25,32,Low,Clear,Evening,Weekday,27.9,6.9
B014,R07,6,8,High,Rain,Evening,Weekday,65.74,15.43
B031,R01,26,19,High,Cloudy,Evening,Weekend,71.46,12.05
B024,R07,12,19,Medium,Cloudy,Night,Weekend,50.07,6.21
B035,R06,27,14,High,Rain,Morning,Weekday,66.78,14.06
B044,R05,36,16,Medium,Clear,Evening,Weekday,55.63,11.29
B045,R03,12,16,High,Cloudy,Afternoon,Weekday,76.02,12.5
B034,R04,8,27,High,Clear,Evening,Weekday,62.98,7.95
B003,R05,34,42,Low,Cloudy,Night,Weekday,42.41,3.41
B037,R02,23,18,Medium,Clear,Night,Weekday,46.21,6.76
B043,R06,27,31,Medium,Cloudy,Afternoon,Weekday,46.06,5.23
B040,R04,22,25,Low,Rain,Night,Weekday,38.03,6.99
B026,R08,57,21,Low,Clear,Night,Weekday,52.53,7.97
B023,R05,33,29,High,Clear,Night,Weekday,74.41,10.82
B044,R01,27,22,High,Clear,Morning,Weekday,81.67,11.57
B039,R02,37,17,High,Clear,Night,Weekday,75.39,10.84
B015,R04,56,33,High,Clear,Evening,Weekday,83.72,10.62
B049,R01,51,10,High,Rain,Afternoon,Weekday,85.58,10.15
B004,R06,22,28,Low,Clear,Evening,Weekday,29.65,8.0
B029,R08,58,23,Low,Clear,Evening,Weekend,43.2,10.28
B022,R02,48,36,Low,Cloudy,Afternoon,Weekend,43.41,6.28
B025,R03,37,45,Low,Clear,Morning,Weekday,39.76,6.04
B013,R08,11,39,Low,Clear,Morning,Weekday,29.65,5.74
B018,R01,55,40,Medium,Cloudy,Night,Weekday,80.79,9.71
B033,R05,32,19,High,Cloudy,Morning,Weekend,82.12,9.62
B016,R07,5,34,High,Clear,Morning,Weekend,57.2,7.7
B045,R04,60,35,Medium,Clear,Night,Weekday,83.61,5.5
B042,R02,43,33,High,Clear,Morning,Weekday,81.75,11.68
B044,R01,38,19,Medium,Clear,Morning,Weekend,60.66,8.35
B002,R03,43,29,High,Clear,Night,Weekday,78.1,9.35
B035,R07,23,26,Medium,Cloudy,Evening,Weekday,51.46,10.46
B042,R04,35,38,Low,Rain,Evening,Weekday,37.38,8.53
B034,R04,17,21,High,Clear,Afternoon,Weekday,71.9,10.15
B030,R01,28,21,Medium,Cloudy,Morning,Weekday,58.54,10.36
B013,R03,9,15,Medium,Clear,Night,Weekday,42.6,7.22
B013,R06,27,26,Low,Clear,Night,Weekday,39.46,7.06
B018,R07,23,35,Medium,Cloudy,Morning,Weekday,48.77,8.07
B032,R06,5,13,High,Rain,Morning,Weekday,68.08,14.63
B032,R02,37,27,Low,Clear,Night,Weekend,35.21,4.2
B035,R01,54,8,High,Clear,Night,Weekend,81.33,11.8
B039,R07,60,41,Low,Cloudy,Night,Weekday,48.51,5.39
B046,R02,37,32,Medium,Clear,Afternoon,Weekend,57.27,7.02
B029,R08,36,29,Low,Clear,Evening,Weekend,33.08,7.45
B049,R06,32,18,High,Clear,Night,Weekend,74.1,8.64
B029,R08,41,42,Low,Cloudy,Evening,Weekend,37.79,5.44
B044,R08,45,17,Medium,Clear,Morning,Weekend,62.51,9.22
B016,R07,16,22,Low,Rain,Evening,Weekday,30.74,10.29
B044,R04,13,49,Low,Clear,Evening,Weekday,26.09,6.26
B047,R02,54,8,High,Clear,Evening,Weekday,82.33,14.28
B010,R08,59,50,Low,Cloudy,Morning,Weekday,47.68,2.16
B030,R03,15,25,Low,Clear,Evening,Weekend,32.46,7.68
B025,R05,37,32,Low,Clear,Evening,Weekday,35.19,8.32
B039,R06,23,41,Medium,Clear,Afternoon,Weekend,46.69,7.01
B020,R06,58,14,Medium,Clear,Morning,Weekend,61.31,11.57
B005,R03,46,31,Low,Cloudy,Evening,Weekday,39.58,7.53
B001,R07,38,34,Low,Clear,Morning,Weekday,43.13,5.35
B030,R07,11,35,Medium,Rain,Night,Weekday,41.85,11.45
B049,R07,35,41,Low,Cloudy,Evening,Weekday,37.32,8.84
B003,R02,56,10,High,Clear,Morning,Weekend,85.55,13.46
B045,R01,6,9,High,Clear,Evening,Weekend,60.25,9.73
B014,R08,23,20,Medium,Clear,Evening,Weekday,58.07,7.97
B030,R04,42,35,Low,Clear,Night,Weekday,40.25,5.03
B050,R05,36,23,Medium,Cloudy,Afternoon,Weekday,51.73,9.49
B004,R01,14,12,High,Clear,Morning,Weekday,59.36,7.89
B018,R01,45,12,Medium,Rain,Evening,Weekend,57.21,11.85
B037,R03,12,8,High,Clear,Night,Weekday,60.14,14.26
B025,R02,30,37,Medium,Clear,Night,Weekday,59.31,6.31
B048,R06,34,14,Medium,Clear,Afternoon,Weekday,55.96,8.9
B001,R06,15,23,Low,Clear,Afternoon,Weekday,27.83,5.52
B046,R03,45,15,Medium,Rain,Night,Weekday,61.25,14.29
B015,R02,24,29,Low,Cloudy,Night,Weekday,30.99,4.96
B009,R03,24,11,High,Clear,Morning,Weekday,76.71,9.29
B015,R06,13,8,High,Rain,Morning,Weekday,71.58,15.83
B049,R01,12,9,High,Rain,Night,Weekday,74.94,11.06
B024,R04,19,35,Medium,Cloudy,Night,Weekday,45.11,4.32
B004,R08,38,38,Low,Rain,Afternoon,Weekend,37.05,9.07
B012,R07,28,38,Low,Cloudy,Morning,Weekday,34.97,7.49
B037,R02,37,34,Medium,Clear,Night,Weekday,66.37,6.81
B037,R08,45,14,High,Clear,Morning,Weekday,79.03,14.31
B043,R05,45,35,Medium,Clear,Morning,Weekend,67.23,9.56
B006,R05,49,22,Low,Cloudy,Night,Weekday,41.45,5.98
B039,R01,44,8,High,Rain,Night,Weekday,86.87,14.31
B046,R03,31,26,High,Cloudy,Evening,Weekday,75.97,11.4
B024,R03,25,18,Medium,Rain,Morning,Weekend,47.29,10.16
B011,R06,9,30,Medium,Clear,Morning,Weekday,43.91,8.13
B013,R01,39,8,High,Cloudy,Afternoon,Weekend,82.57,11.47
B034,R06,25,34,Medium,Cloudy,Afternoon,Weekday,38.1,5.48
B025,R06,8,30,High,Cloudy,Afternoon,Weekday,68.55,9.55
B007,R05,53,31,Low,Cloudy,Morning,Weekday,39.17,5.15
B004,R06,52,25,Medium,Clear,Night,Weekday,64.91,9.01
B008,R08,20,26,Medium,Clear,Night,Weekday,49.45,6.22
B020,R07,35,8,High,Rain,Night,Weekday,63.86,16.03
B029,R06,30,8,High,Clear,Morning,Weekday,71.93,10.04
B045,R05,56,17,High,Clear,Night,Weekday,90.09,10.92
B046,R07,39,29,Medium,Clear,Afternoon,Weekday,68.81,6.59
B010,R03,10,19,High,Clear,Night,Weekday,69.11,8.43
B043,R02,37,37,Medium,Cloudy,Night,Weekday,63.03,5.41
B034,R04,25,25,Medium,Cloudy,Afternoon,Weekday,41.71,7.86
B026,R06,20,33,Low,Rain,Evening,Weekday,28.49,9.8
B041,R08,51,14,High,Clear,Evening,Weekday,94.6,10.73
B049,R07,43,30,High,Cloudy,Evening,Weekday,86.49,12.65
B003,R02,38,37,Low,Rain,Morning,Weekday,36.44,6.98
B006,R05,46,18,Low,Rain,Morning,Weekday,43.57,11.24
B005,R02,19,11,High,Rain,Afternoon,Weekday,74.4,15.42
B005,R04,10,21,Medium,Cloudy,Evening,Weekday,49.77,8.03
B047,R08,6,33,High,Clear,Morning,Weekday,62.37,9.05
B023,R02,28,31,Low,Clear,Night,Weekday,32.78,4.26
B049,R08,60,21,Low,Rain,Evening,Weekend,52.21,10.01
B009,R07,53,32,Medium,Rain,Evening,Weekend,71.37,12.13
B035,R02,32,36,Low,Cloudy,Morning,Weekend,34.04,8.12
B020,R08,5,37,Low,Clear,Evening,Weekday,13.25,5.99
B049,R02,5,30,Low,Cloudy,Afternoon,Weekday,22.1,6.39
B042,R02,32,25,Low,Clear,Afternoon,Weekend,29.68,3.99
B035,R01,40,38,Low,Clear,Morning,Weekday,49.67,8.52
B050,R06,24,8,High,Clear,Evening,Weekday,67.23,15.21
B018,R05,52,34,Low,Rain,Afternoon,Weekday,45.41,10.49
B017,R04,12,34,Medium,Clear,Evening,Weekday,42.45,9.45
B024,R05,5,23,High,Cloudy,Afternoon,Weekday,59.91,9.71
B003,R01,30,24,Medium,Clear,Afternoon,Weekend,59.17,5.74
B032,R01,55,40,Medium,Cloudy,Evening,Weekend,72.76,6.39
B035,R07,47,37,Medium,Cloudy,Morning,Weekday,66.78,10.02
B038,R01,53,27,High,Rain,Morning,Weekend,91.34,12.18
B013,R06,29,12,High,Clear,Morning,Weekday,71.87,11.04
B047,R01,14,38,Medium,Clear,Evening,Weekday,41.52,5.89
B025,R02,16,15,High,Cloudy,Evening,Weekday,64.25,10.98
B009,R05,45,27,Medium,Clear,Evening,Weekday,64.66,11.87
B004,R03,11,48,Low,Clear,Morning,Weekday,31.58,6.33
B014,R04,16,22,High,Clear,Evening,Weekday,61.83,9.3
B037,R01,51,13,Medium,Cloudy,Morning,Weekday,63.72,9.65
B034,R05,44,19,High,Clear,Afternoon,Weekday,80.63,7.94
B011,R07,21,46,Low,Clear,Morning,Weekend,26.63,5.01
B041,R01,9,34,Medium,Rain,Morning,Weekday,47.48,10.52
B003,R06,18,8,High,Clear,Night,Weekday,73.99,10.89
B028,R01,38,50,Low,Clear,Night,Weekday,51.26,3.65
B029,R01,52,31,High,Clear,Morning,Weekend,95.87,11.49
B009,R08,21,28,High,Cloudy,Night,Weekday,74.45,8.56
B003,R08,39,20,High,Clear,Evening,Weekday,77.2,13.8
B025,R01,59,10,Medium,Rain,Night,Weekday,73.03,11.02
B034,R07,5,35,Medium,Cloudy,Night,Weekday,32.73,7.3
B012,R08,54,10,High,Clear,Night,Weekday,90.31,12.41
B042,R01,54,8,High,Rain,Morning,Weekend,88.83,15.91
B009,R04,40,14,Medium,Clear,Afternoon,Weekday,60.38,8.59
B015,R05,19,28,High,Clear,Afternoon,Weekend,65.59,10.55
B040,R08,23,32,Medium,Cloudy,Afternoon,Weekday,55.47,5.89
B025,R08,55,18,High,Cloudy,Afternoon,Weekday,82.55,14.58
B005,R06,46,47,Low,Clear,Afternoon,Weekday,48.28,5.55
B011,R01,9,35,Low,Clear,Afternoon,Weekday,27.5,6.08
B034,R01,23,28,Medium,Clear,Morning,Weekday,53.65,10.96
B024,R01,47,20,Medium,Clear,Evening,Weekday,58.58,12.05
B015,R01,43,29,High,Cloudy,Evening,Weekend,78.24,13.61
B038,R08,9,28,Low,Cloudy,Afternoon,Weekday,17.06,6.34
B008,R02,56,20,High,Clear,Night,Weekday,92.2,12.14
B005,R02,16,48,Low,Clear,Night,Weekday,28.18,4.31
B048,R03,23,18,Medium,Clear,Morning,Weekday,48.81,10.16
B026,R01,51,44,Low,Clear,Afternoon,Weekday,44.82,7.0
B018,R03,16,13,Medium,Clear,Afternoon,Weekday,53.25,6.95
B006,R04,40,45,Low,Clear,Night,Weekday,34.3,4.57
B037,R03,16,25,Low,Clear,Afternoon,Weekend,25.81,5.2
B048,R05,22,21,Medium,Clear,Afternoon,Weekday,43.1,6.71
B013,R02,53,36,Low,Cloudy,Night,Weekday,41.24,7.49
B028,R02,55,33,Low,Clear,Evening,Weekday,46.25,8.04
B005,R01,52,8,High,Rain,Evening,Weekday,91.42,14.42
B013,R08,47,39,Low,Rain,Morning,Weekday,46.71,8.65
B017,R01,38,20,Medium,Rain,Night,Weekday,63.95,12.46
B050,R04,52,28,Low,Rain,Morning,Weekday,49.32,9.08
B040,R06,37,24,Low,Cloudy,Afternoon,Weekday,33.7,4.92
B045,R04,53,27,Medium,Cloudy,Night,Weekend,74.97,8.34
B032,R05,22,42,Low,Clear,Evening,Weekday,34.71,4.34
B029,R01,33,30,High,Cloudy,Afternoon,Weekday,85.48,10.17
B003,R01,49,8,High,Cloudy,Evening,Weekday,92.87,10.63
B040,R04,9,43,Low,Clear,Evening,Weekday,24.04,6.43
B034,R04,29,8,High,Cloudy,Morning,Weekday,72.05,12.28
B040,R04,28,25,Low,Clear,Night,Weekday,22.83,8.37
B027,R02,33,37,Low,Clear,Night,Weekend,37.33,1.24
B013,R03,42,31,Low,Clear,Night,Weekday,40.8,5.03
B045,R03,37,32,Medium,Cloudy,Morning,Weekday,55.3,9.8
B033,R01,14,11,Medium,Rain,Evening,Weekday,44.51,12.71
B006,R02,41,29,Low,Rain,Morning,Weekday,43.1,9.37
B024,R04,37,13,High,Cloudy,Night,Weekday,69.08,8.19
B019,R01,27,20,Medium,Clear,Afternoon,Weekend,59.9,7.71
B016,R02,15,13,Medium,Rain,Night,Weekday,51.87,14.06
B040,R05,28,35,Medium,Clear,Night,Weekend,52.22,4.81
B028,R06,28,8,High,Rain,Evening,Weekday,73.62,15.49
B033,R02,11,44,Low,Clear,Night,Weekday,27.09,4.25
B048,R07,54,33,Low,Clear,Night,Weekday,51.07,5.72
B041,R01,25,16,Medium,Cloudy,Evening,Weekday,62.64,10.26
B013,R08,24,18,Medium,Cloudy,Night,Weekday,49.37,6.57
B043,R03,57,28,Medium,Clear,Night,Weekend,75.32,5.56
B045,R07,14,42,Low,Cloudy,Evening,Weekend,25.89,7.25
B025,R04,29,20,Medium,Clear,Afternoon,Weekday,52.51,7.98
B042,R06,51,30,Medium,Clear,Evening,Weekday,64.21,11.06
B036,R08,40,36,Medium,Cloudy,Night,Weekday,65.41,7.98
B027,R05,52,40,Low,Clear,Morning,Weekend,43.14,4.75
B038,R08,51,24,Medium,Cloudy,Afternoon,Weekday,66.03,6.76
B007,R06,19,20,Medium,Clear,Evening,Weekday,46.93,8.83
B005,R08,48,24,Medium,Clear,Afternoon,Weekday,61.86,8.93
B043,R06,44,17,High,Clear,Afternoon,Weekday,88.75,9.56
B045,R02,44,19,Medium,Clear,Morning,Weekday,61.95,9.64
B031,R01,54,33,Low,Clear,Morning,Weekday,43.67,4.81
B023,R08,10,24,Medium,Cloudy,Morning,Weekday,42.83,8.52
B042,R08,41,23,High,Rain,Night,Weekday,81.9,12.81
B010,R01,6,19,High,Rain,Evening,Weekday,62.74,13.61
B032,R06,16,21,Medium,Cloudy,Night,Weekday,48.01,6.05
B043,R04,8,41,Low,Clear,Evening,Weekday,22.51,4.36
B030,R01,27,13,Medium,Clear,Night,Weekday,58.72,7.0
B039,R06,17,23,Medium,Clear,Night,Weekday,51.38,6.8
B031,R01,21,19,High,Clear,Morning,Weekday,69.38,10.15
B018,R04,35,11,Medium,Rain,Night,Weekday,58.15,13.74
B036,R05,20,13,Medium,Clear,Morning,Weekday,45.93,12.57
B002,R07,45,27,Medium,Clear,Evening,Weekday,62.13,11.6
B014,R06,30,33,Medium,Clear,Morning,Weekend,51.55,7.81
B013,R03,32,9,High,Clear,Afternoon,Weekday,76.98,10.48
B029,R03,5,27,Medium,Clear,Afternoon,Weekday,41.98,5.38
B012,R06,51,28,High,Cloudy,Night,Weekend,84.3,9.3
B039,R02,16,24,Medium,Clear,Afternoon,Weekday,48.71,7.08
B002,R05,41,29,Low,Cloudy,Evening,Weekday,41.99,6.57
B032,R02,59,38,Medium,Clear,Night,Weekday,74.95,6.73
B013,R07,60,39,Low,Cloudy,Morning,Weekend,53.89,3.66
B046,R03,54,28,Low,Cloudy,Night,Weekday,51.76,5.2
B027,R04,24,13,Medium,Cloudy,Night,Weekday,50.24,9.12
B049,R06,6,32,Medium,Clear,Afternoon,Weekday,44.44,7.83
B041,R07,40,27,Medium,Clear,Night,Weekday,68.67,8.83
B017,R08,19,15,Low,Rain,Evening,Weekday,29.02,10.11
B040,R08,42,33,Medium,Clear,Night,Weekday,61.65,5.14
B031,R01,26,13,Medium,Clear,Morning,Weekday,53.71,8.31
B034,R03,48,32,High,Clear,Morning,Weekday,83.48,11.92
B024,R05,54,21,Medium,Cloudy,Afternoon,Weekday,73.44,9.69
B045,R03,36,36,Medium,Clear,Night,Weekday,55.79,6.18
B035,R05,24,39,Low,Cloudy,Morning,Weekday,37.4,5.53
B048,R05,40,26,High,Cloudy,Night,Weekday,83.85,12.81
B006,R06,37,16,Medium,Clear,Night,Weekday,58.2,6.16
B019,R05,19,11,High,Clear,Morning,Weekday,67.44,11.8
B030,R02,54,31,Low,Clear,Night,Weekday,46.84,4.66
B007,R08,50,15,Medium,Clear,Afternoon,Weekday,70.8,7.67
B010,R07,7,25,Medium,Clear,Afternoon,Weekday,48.88,7.51
B041,R04,33,42,Low,Clear,Morning,Weekday,40.5,8.81
B032,R03,51,38,Medium,Cloudy,Evening,Weekday,65.07,10.53
B034,R04,31,18,High,Cloudy,Evening,Weekend,75.72,13.54
B028,R07,9,32,Medium,Clear,Night,Weekday,47.63,3.5
B015,R01,60,8,High,Cloudy,Afternoon,Weekend,88.82,11.9
B030,R07,35,43,Low,Cloudy,Morning,Weekday,41.69,7.62
B037,R03,26,33,Medium,Clear,Afternoon,Weekday,53.76,6.63
B029,R08,39,26,Medium,Clear,Evening,Weekend,64.57,10.33
B022,R04,58,8,Medium,Rain,Evening,Weekday,61.93,18.65
B004,R04,11,18,High,Cloudy,Night,Weekend,62.46,8.63
B020,R06,10,44,Low,Cloudy,Morning,Weekday,23.34,4.59
B032,R06,30,12,High,Clear,Night,Weekday,77.06,12.34
B036,R07,58,29,Medium,Cloudy,Afternoon,Weekday,67.12,10.26
B050,R07,5,45,Low,Cloudy,Afternoon,Weekday,33.4,3.0
B004,R01,23,16,High,Clear,Evening,Weekend,65.41,10.21
B027,R05,11,35,Medium,Rain,Night,Weekday,50.6,10.4
B017,R03,40,12,High,Clear,Afternoon,Weekday,86.15,10.39
B012,R06,16,15,Medium,Clear,Afternoon,Weekend,50.49,6.96
B022,R03,24,28,High,Clear,Afternoon,Weekend,70.42,8.58
B017,R01,27,24,Medium,Cloudy,Morning,Weekday,53.4,8.98
B010,R06,29,29,Low,Cloudy,Evening,Weekday,38.59,7.67
B001,R06,34,19,Medium,Cloudy,Night,Weekday,49.01,7.2
B022,R05,33,26,Low,Rain,Afternoon,Weekday,33.33,9.38
B026,R03,35,27,Medium,Clear,Morning,Weekend,54.81,7.73
B018,R08,22,45,Low,Cloudy,Afternoon,Weekend,33.72,5.38
B050,R03,45,49,Low,Cloudy,Afternoon,Weekday,47.94,4.86
B014,R03,23,31,Low,Rain,Evening,Weekday,41.4,11.28
B047,R05,58,41,Medium,Clear,Morning,Weekday,59.68,10.08
B029,R06,8,30,Medium,Rain,Afternoon,Weekday,38.86,10.7
B012,R01,5,18,Medium,Clear,Evening,Weekday,40.79,8.69
B036,R03,45,31,Low,Cloudy,Morning,Weekday,45.28,5.84
B035,R04,19,42,Medium,Cloudy,Afternoon,Weekday,53.32,4.65
B012,R08,58,17,Medium,Rain,Night,Weekday,63.11,10.6
B007,R08,12,26,Medium,Clear,Evening,Weekday,47.88,7.77
B029,R05,19,18,High,Clear,Afternoon,Weekday,56.7,7.96
B011,R02,19,29,Medium,Clear,Afternoon,Weekend,50.96,5.87
B033,R01,54,13,Medium,Cloudy,Morning,Weekday,66.87,12.34
B006,R04,43,33,Low,Cloudy,Night,Weekday,41.0,3.94
B047,R03,26,32,Low,Rain,Evening,Weekday,31.04,8.77
B015,R02,22,29,High,Clear,Morning,Weekend,70.55,10.99
B032,R01,20,10,High,Clear,Afternoon,Weekend,71.61,7.08
B011,R05,6,39,Low,Clear,Evening,Weekday,31.3,5.92
B023,R02,40,13,Medium,Clear,Afternoon,Weekday,53.57,10.04
B026,R06,24,39,Medium,Cloudy,Afternoon,Weekday,50.64,9.57
B034,R07,20,8,Medium,Rain,Night,Weekday,52.7,7.72
B046,R02,7,8,High,Rain,Afternoon,Weekday,63.2,10.56
B034,R07,60,22,Low,Clear,Evening,Weekday,50.62,9.88
B029,R08,34,14,Medium,Clear,Afternoon,Weekday,54.07,8.28
B004,R04,59,50,Low,Clear,Evening,Weekday,53.63,3.05
B017,R01,6,12,Medium,Cloudy,Night,Weekday,32.14,7.21
B035,R04,39,31,Low,Rain,Afternoon,Weekday,34.54,7.02
B013,R04,30,34,High,Clear,Morning,Weekday,84.78,7.91
B041,R03,9,31,Medium,Clear,Evening,Weekday,38.36,7.91
B039,R05,6,15,High,Cloudy,Afternoon,Weekend,58.64,6.45
B015,R02,55,41,Low,Cloudy,Morning,Weekday,43.56,5.92
B029,R01,60,46,Low,Clear,Evening,Weekday,47.29,9.47
B029,R08,24,18,Low,Rain,Morning,Weekday,31.9,13.12
B011,R06,38,39,Medium,Clear,Afternoon,Weekday,64.39,5.65
B032,R05,38,17,High,Rain,Night,Weekday,81.39,13.23
B002,R05,58,31,Medium,Clear,Night,Weekday,67.82,9.37
B047,R01,60,25,Low,Clear,Morning,Weekend,58.75,6.43
B014,R05,59,32,Low,Clear,Afternoon,Weekend,47.41,4.15
B020,R03,24,48,Low,Clear,Afternoon,Weekend,32.29,3.87
B022,R05,54,24,High,Clear,Evening,Weekday,87.6,12.3
B011,R08,29,21,Medium,Cloudy,Afternoon,Weekday,58.74,7.76
B027,R08,24,12,Medium,Clear,Night,Weekday,46.24,6.85
B003,R03,29,27,Medium,Cloudy,Afternoon,Weekday,49.38,6.07
B017,R02,57,33,Low,Clear,Evening,Weekday,53.21,8.53
B044,R02,18,47,Low,Clear,Evening,Weekend,37.92,4.11
B028,R04,51,14,High,Rain,Afternoon,Weekday,83.68,13.96
B029,R08,48,18,Medium,Rain,Afternoon,Weekday,57.69,12.99
B021,R03,47,36,Medium,Clear,Evening,Weekday,57.55,9.82
B047,R06,47,29,Low,Clear,Evening,Weekday,48.68,7.38
B016,R02,43,39,Low,Cloudy,Morning,Weekday,33.07,8.26
B037,R05,16,41,Low,Clear,Night,Weekday,28.32,4.11
B020,R01,52,24,Low,Cloudy,Night,Weekday,45.12,8.93
B006,R01,9,21,Low,Clear,Morning,Weekday,21.12,5.91
B019,R07,6,28,Medium,Clear,Morning,Weekday,38.71,7.93
B005,R08,58,20,Low,Clear,Night,Weekday,52.48,7.01
B003,R03,20,20,Low,Cloudy,Evening,Weekday,33.89,8.16
B001,R06,59,9,High,Clear,Night,Weekend,95.34,11.39
B038,R04,34,37,Medium,Clear,Evening,Weekday,59.42,8.99
B015,R05,51,10,High,Cloudy,Night,Weekend,85.54,11.85
B034,R03,47,26,Low,Cloudy,Evening,Weekday,44.32,9.21
B035,R07,42,42,Medium,Clear,Night,Weekend,65.95,9.59
B049,R01,49,37,Low,Rain,Morning,Weekday,35.96,13.71
B025,R03,55,27,Medium,Cloudy,Afternoon,Weekday,69.72,7.58
B024,R05,46,38,Low,Clear,Afternoon,Weekday,40.11,4.81
B012,R06,28,49,Low,Clear,Afternoon,Weekend,35.88,1.07
B018,R08,55,12,High,Cloudy,Evening,Weekend,82.35,15.06
B015,R06,34,12,Medium,Clear,Afternoon,Weekday,61.25,8.34
B044,R02,41,21,High,Clear,Night,Weekday,83.44,10.74
B016,R05,57,50,Low,Cloudy,Afternoon,Weekday,44.97,3.27
B027,R07,43,26,Low,Clear,Evening,Weekday,39.16,8.62
B008,R02,15,39,Medium,Cloudy,Evening,Weekday,44.71,5.43
B046,R02,18,29,Medium,Clear,Evening,Weekday,49.29,10.79
B025,R02,27,21,Medium,Clear,Night,Weekday,63.65,10.75
B017,R03,57,30,High,Clear,Evening,Weekend,79.41,12.33
B029,R07,20,39,Low,Clear,Night,Weekday,31.63,3.06
B008,R01,54,13,Medium,Cloudy,Evening,Weekday,69.15,12.55
B015,R06,25,30,Low,Cloudy,Morning,Weekday,29.85,7.2
B027,R08,59,37,Low,Clear,Evening,Weekday,41.13,10.28
B046,R03,59,15,Medium,Rain,Afternoon,Weekday,68.49,13.53
B050,R01,8,25,Medium,Clear,Afternoon,Weekday,37.91,5.31
B007,R06,37,32,Low,Clear,Morning,Weekend,41.28,7.96
B003,R08,58,20,Low,Clear,Evening,Weekday,42.09,9.4
B029,R07,51,36,Medium,Clear,Afternoon,Weekday,65.25,9.73
B044,R08,18,21,Medium,Cloudy,Afternoon,Weekday,45.15,5.29
B024,R07,23,34,Low,Clear,Night,Weekday,37.08,5.79
B003,R05,9,38,Low,Clear,Night,Weekday,32.35,3.68
B020,R08,40,50,Low,Clear,Evening,Weekday,38.2,6.54
B046,R06,35,32,High,Cloudy,Morning,Weekday,72.24,9.72
B015,R06,49,13,High,Rain,Evening,Weekday,92.86,16.57
B025,R07,22,42,Medium,Cloudy,Night,Weekend,50.32,3.72
B030,R06,48,13,High,Clear,Night,Weekday,85.57,8.93
B014,R04,35,33,Medium,Cloudy,Evening,Weekday,56.89,8.23
B007,R05,59,27,Low,Clear,Evening,Weekday,48.47,7.89
B017,R03,34,42,Low,Clear,Evening,Weekday,34.54,6.33
B044,R08,25,8,High,Rain,Evening,Weekday,63.05,16.33
B020,R03,51,29,Medium,Clear,Morning,Weekday,74.34,8.42
B036,R01,34,30,High,Clear,Afternoon,Weekday,77.99,10.54
B009,R03,59,8,High,Clear,Evening,Weekday,89.09,14.99
B038,R02,45,17,Medium,Clear,Afternoon,Weekday,67.14,10.55
B048,R06,8,21,Low,Clear,Night,Weekend,21.2,3.89
B022,R03,9,32,Low,Clear,Afternoon,Weekday,26.35,6.94
B002,R01,45,40,Low,Clear,Evening,Weekday,38.65,6.95
B024,R01,49,24,Low,Rain,Afternoon,Weekday,42.77,10.69
B008,R02,14,16,Medium,Cloudy,Evening,Weekend,49.92,11.39
B011,R01,31,31,Low,Rain,Evening,Weekend,36.87,10.87
B013,R07,20,21,Low,Cloudy,Night,Weekend,28.37,4.75
B017,R04,34,22,Medium,Cloudy,Evening,Weekday,60.65,8.54
B008,R07,17,42,Low,Clear,Night,Weekday,24.61,2.68
B021,R06,40,19,Medium,Clear,Morning,Weekday,55.43,8.7
B018,R06,25,15,Medium,Cloudy,Evening,Weekend,50.24,8.37
B030,R06,49,15,Medium,Clear,Night,Weekend,63.35,8.31
B018,R05,57,14,High,Clear,Night,Weekday,86.84,12.53
B046,R03,44,33,Low,Clear,Evening,Weekday,39.87,9.09
B047,R04,49,28,Low,Cloudy,Afternoon,Weekday,49.02,7.96
B031,R03,19,16,High,Rain,Night,Weekday,77.02,13.73
B038,R04,24,37,Medium,Clear,Morning,Weekend,51.35,6.92
B032,R03,24,17,High,Clear,Afternoon,Weekday,74.96,10.98
B011,R02,49,40,Low,Rain,Afternoon,Weekday,40.82,7.66
B045,R08,59,8,High,Clear,Evening,Weekday,89.03,14.58
B025,R07,9,30,High,Clear,Night,Weekday,66.82,8.02
B033,R01,58,24,Medium,Clear,Morning,Weekday,64.79,10.47
B038,R01,58,26,Low,Rain,Night,Weekend,52.75,8.02
B041,R07,36,20,High,Clear,Morning,Weekend,74.36,8.07
B008,R02,10,8,High,Clear,Night,Weekday,70.11,9.76
B011,R04,34,18,High,Clear,Evening,Weekday,81.25,13.22
B022,R07,30,33,Low,Rain,Morning,Weekday,40.58,10.78
B024,R05,41,25,High,Rain,Evening,Weekday,85.62,15.28
B041,R04,17,21,Low,Clear,Night,Weekend,38.16,3.37
B017,R01,33,33,Low,Rain,Morning,Weekday,39.04,8.73
B012,R05,9,36,Medium,Clear,Morning,Weekday,37.27,5.17
B046,R03,29,29,Low,Clear,Night,Weekend,35.14,5.66
B032,R05,17,31,Medium,Rain,Evening,Weekday,46.21,9.96
B015,R04,28,33,Medium,Clear,Morning,Weekday,47.18,9.14
B016,R02,35,34,Low,Clear,Morning,Weekday,43.89,7.65
B022,R03,24,30,Medium,Clear,Morning,Weekend,50.47,6.33
B028,R04,59,24,High,Cloudy,Night,Weekend,82.05,10.25
B020,R03,12,24,Low,Rain,Afternoon,Weekend,22.78,9.58
B033,R05,13,21,Medium,Rain,Night,Weekend,57.83,8.41
B010,R01,25,35,Low,Cloudy,Evening,Weekday,39.34,8.63
B040,R04,55,12,Medium,Rain,Afternoon,Weekday,71.15,12.74
B032,R08,24,44,Low,Clear,Morning,Weekday,35.15,6.2
B050,R02,19,16,Medium,Cloudy,Morning,Weekend,44.98,8.44
B033,R08,30,44,Low,Cloudy,Afternoon,Weekday,30.11,5.88
B002,R08,58,27,High,Clear,Morning,Weekend,91.79,10.82
B033,R07,46,26,Medium,Clear,Morning,Weekday,70.94,10.76
B033,R05,15,19,Medium,Clear,Night,Weekend,42.42,8.08
B041,R04,41,29,Medium,Cloudy,Night,Weekday,60.02,9.44
B013,R02,45,32,Medium,Clear,Evening,Weekday,63.67,10.69
B030,R04,15,39,Medium,Clear,Morning,Weekday,45.09,8.72
B033,R05,31,19,Medium,Clear,Evening,Weekday,54.62,10.36
B013,R04,34,30,Medium,Clear,Evening,Weekday,51.86,8.92
B026,R03,23,36,Low,Cloudy,Afternoon,Weekday,33.04,5.33
B022,R05,38,49,Low,Clear,Afternoon,Weekday,39.86,4.91
B039,R04,42,38,Medium,Clear,Morning,Weekday,64.08,9.24
B002,R07,27,8,High,Cloudy,Afternoon,Weekday,72.48,12.51
B038,R01,57,16,Low,Rain,Evening,Weekday,52.06,12.35
B039,R04,5,45,Low,Clear,Night,Weekend,24.19,0.37
B026,R03,7,39,Low,Clear,Afternoon,Weekend,29.68,0.0
B046,R02,7,16,High,Rain,Evening,Weekday,62.18,14.18
B050,R07,32,12,High,Clear,Afternoon,Weekend,80.71,11.26
B015,R02,18,31,Medium,Rain,Morning,Weekend,47.88,9.53
B034,R08,56,17,High,Clear,Afternoon,Weekend,91.21,13.1
B042,R07,34,12,Medium,Clear,Night,Weekend,63.64,8.25
B044,R02,58,12,High,Clear,Morning,Weekday,94.87,16.87
B049,R01,9,42,Low,Clear,Afternoon,Weekday,23.48,3.67
B040,R03,53,25,Low,Rain,Night,Weekday,43.87,11.79
B011,R08,19,34,Medium,Rain,Evening,Weekday,54.36,10.53
B003,R05,42,25,Medium,Rain,Afternoon,Weekday,58.73,12.39
B006,R02,18,22,Medium,Rain,Afternoon,Weekday,53.95,10.96
B009,R07,18,42,Low,Rain,Evening,Weekday,23.02,9.2
B006,R03,53,21,Medium,Cloudy,Evening,Weekday,68.87,11.57
B009,R04,12,40,Low,Rain,Afternoon,Weekday,24.16,8.72
B039,R01,12,45,Low,Clear,Night,Weekday,17.67,3.44
B031,R03,23,34,High,Clear,Evening,Weekend,67.63,9.79
B032,R03,36,29,High,Cloudy,Evening,Weekday,76.07,15.64
B041,R05,35,8,High,Rain,Night,Weekend,87.12,13.5
B050,R03,33,38,Medium,Cloudy,Afternoon,Weekday,41.52,8.76
B012,R05,45,19,Medium,Rain,Morning,Weekday,60.84,12.54
B008,R01,15,15,Medium,Clear,Afternoon,Weekday,45.76,7.22
B008,R01,49,39,Low,Cloudy,Afternoon,Weekday,39.65,6.82
B050,R04,17,23,Low,Rain,Morning,Weekday,26.56,10.0
B028,R05,31,31,Low,Clear,Afternoon,Weekend,34.76,4.29
B020,R05,60,9,High,Rain,Afternoon,Weekday,86.65,12.08
B047,R02,23,21,Low,Clear,Evening,Weekend,33.29,4.38
B007,R02,30,11,High,Cloudy,Night,Weekday,82.91,7.83
B011,R04,57,8,Medium,Rain,Afternoon,Weekday,68.25,13.28
B020,R01,55,20,Medium,Clear,Morning,Weekday,64.07,9.11
B016,R06,41,21,Low,Clear,Morning,Weekday,39.95,5.67
B004,R02,52,42,Low,Clear,Evening,Weekday,44.26,6.22
B006,R03,13,8,High,Clear,Afternoon,Weekday,71.98,7.43
B022,R01,32,24,Low,Clear,Afternoon,Weekend,33.68,4.25
B026,R06,36,42,Low,Clear,Afternoon,Weekday,40.44,3.9
B003,R08,56,43,Low,Rain,Afternoon,Weekend,49.44,7.86
B041,R03,58,23,Low,Clear,Morning,Weekday,49.53,9.03
B042,R07,7,38,Low,Clear,Morning,Weekday,17.82,4.82
B014,R05,55,13,Medium,Rain,Evening,Weekday,64.43,15.25
B011,R01,36,16,Medium,Rain,Afternoon,Weekday,57.05,9.4
B018,R07,9,14,Medium,Cloudy,Morning,Weekday,38.55,8.63
B012,R04,12,24,Low,Cloudy,Afternoon,Weekday,21.1,4.18
B023,R05,18,8,High,Clear,Night,Weekday,66.6,10.39
B012,R05,60,26,High,Clear,Night,Weekday,91.71,7.62
B013,R03,7,32,Low,Clear,Morning,Weekday,30.54,9.44
B025,R07,28,39,Medium,Cloudy,Night,Weekday,55.34,7.13
B045,R05,17,46,Low,Clear,Night,Weekend,29.13,3.38
B019,R02,47,10,High,Cloudy,Morning,Weekday,83.85,9.93
B046,R01,33,39,Medium,Clear,Evening,Weekday,54.79,9.13
B036,R02,12,24,High,Clear,Night,Weekday,65.52,8.62
B045,R03,55,27,Low,Cloudy,Afternoon,Weekend,50.32,7.52
B008,R06,46,29,Medium,Rain,Night,Weekday,67.73,10.19
B029,R08,35,48,Low,Clear,Evening,Weekday,25.3,5.83
B032,R03,30,31,Medium,Clear,Evening,Weekday,58.61,9.24
B044,R01,22,22,Medium,Clear,Evening,Weekend,49.53,10.8
B018,R05,22,31,Low,Clear,Evening,Weekday,33.47,4.84
B006,R07,11,29,Medium,Cloudy,Evening,Weekday,47.3,6.11
B018,R07,52,29,Medium,Clear,Night,Weekday,65.34,4.99
B019,R04,42,30,High,Clear,Night,Weekday,83.63,11.3
B022,R03,52,43,Low,Rain,Night,Weekday,47.43,9.39
B037,R01,20,32,High,Clear,Night,Weekend,69.81,5.83
B032,R04,59,19,High,Clear,Evening,Weekday,88.95,11.11
B041,R05,60,23,High,Clear,Evening,Weekday,85.06,14.4
B003,R06,37,25,High,Clear,Afternoon,Weekday,78.57,7.71
B028,R03,60,9,High,Clear,Night,Weekday,80.05,11.65
B010,R06,55,29,Medium,Cloudy,Evening,Weekday,68.94,9.66
B035,R01,7,36,Low,Cloudy,Afternoon,Weekday,27.25,9.08
B029,R06,42,29,Medium,Clear,Afternoon,Weekend,53.76,6.71
B015,R06,8,35,Medium,Cloudy,Morning,Weekday,42.62,9.53
B033,R01,40,24,High,Clear,Night,Weekday,87.1,10.77
B007,R01,8,14,Medium,Clear,Evening,Weekday,54.91,9.09
B012,R03,46,21,Low,Rain,Night,Weekend,42.52,7.59
B049,R06,13,39,Medium,Clear,Afternoon,Weekend,46.81,5.12
B030,R04,44,31,High,Clear,Night,Weekday,81.64,9.81
B021,R08,55,19,Low,Rain,Morning,Weekday,48.25,10.72
B031,R01,21,43,Low,Clear,Morning,Weekday,36.68,6.54
B024,R05,21,33,Medium,Clear,Evening,Weekday,50.52,8.86
B020,R06,37,26,Low,Cloudy,Evening,Weekday,31.64,7.15
B037,R01,24,50,Low,Cloudy,Evening,Weekday,33.29,5.22
B004,R04,18,31,Low,Rain,Evening,Weekend,27.08,9.3
B028,R07,26,8,High,Clear,Night,Weekday,67.4,9.21
B044,R03,56,20,Low,Clear,Night,Weekday,42.4,5.85
B020,R06,31,12,Medium,Clear,Afternoon,Weekday,54.95,6.96
B024,R07,47,14,High,Clear,Afternoon,Weekday,86.63,10.62
B050,R01,7,30,High,Clear,Evening,Weekday,66.36,9.91
B049,R01,28,31,High,Cloudy,Night,Weekday,80.03,7.37
B032,R05,34,34,Medium,Clear,Evening,Weekday,53.22,9.24
B041,R05,12,21,High,Clear,Afternoon,Weekend,64.15,8.21
B036,R06,26,32,Low,Clear,Night,Weekend,36.18,5.67
B034,R07,29,32,Medium,Rain,Evening,Weekday,58.1,13.05
B036,R08,14,26,Medium,Rain,Morning,Weekday,44.4,8.08
B002,R07,53,42,Low,Rain,Afternoon,Weekday,43.07,8.49
B015,R01,33,41,Medium,Clear,Morning,Weekday,58.86,5.18
B034,R08,44,34,Low,Clear,Morning,Weekend,46.4,7.19
B036,R06,58,20,High,Clear,Night,Weekday,87.81,11.94
B006,R01,5,21,Medium,Cloudy,Morning,Weekday,44.8,7.11
B039,R05,56,19,Medium,Clear,Morning,Weekday,68.01,11.32
B042,R04,25,40,Low,Clear,Evening,Weekday,29.24,5.05
B012,R02,43,28,Low,Clear,Night,Weekday,45.18,6.08
B003,R08,28,22,High,Clear,Evening,Weekday,72.86,11.88
B045,R02,13,21,High,Clear,Evening,Weekend,58.92,9.84
B018,R01,48,11,High,Clear,Evening,Weekday,80.71,14.55
B040,R07,58,46,Low,Clear,Night,Weekday,37.75,4.26
B021,R05,30,24,Low,Clear,Afternoon,Weekend,48.52,5.83
B015,R03,13,25,Medium,Clear,Night,Weekday,53.0,5.27
B033,R03,24,24,Medium,Cloudy,Evening,Weekend,45.4,5.48
B035,R02,60,20,Low,Clear,Afternoon,Weekday,47.05,5.03
B026,R04,39,22,Medium,Cloudy,Morning,Weekend,60.63,7.41
B008,R02,40,23,Medium,Clear,Afternoon,Weekday,68.0,9.34
B036,R01,46,25,Low,Clear,Night,Weekday,46.62,7.46
B048,R04,40,50,Low,Cloudy,Evening,Weekend,41.1,5.07
B030,R03,58,16,Medium,Rain,Morning,Weekend,66.06,9.5
B023,R07,13,14,Medium,Cloudy,Morning,Weekday,48.89,12.23
B042,R05,26,19,Medium,Clear,Evening,Weekday,55.19,7.83
B044,R08,5,40,Medium,Clear,Morning,Weekend,42.67,6.64
B014,R05,9,41,Low,Clear,Morning,Weekday,24.1,4.77
B014,R01,13,8,High,Clear,Morning,Weekday,64.26,12.38
B002,R02,41,9,High,Clear,Night,Weekday,86.93,13.3
B037,R01,42,14,Medium,Clear,Afternoon,Weekday,52.54,9.44
B005,R08,23,26,Low,Clear,Night,Weekday,33.04,6.7
B038,R05,12,27,Medium,Cloudy,Morning,Weekend,46.08,12.03
B045,R08,46,42,Medium,Cloudy,Night,Weekday,53.16,8.6
B041,R03,47,20,High,Clear,Morning,Weekend,81.61,8.74
B047,R05,36,8,High,Rain,Night,Weekday,72.9,9.57
B014,R04,17,18,High,Cloudy,Afternoon,Weekday,63.34,10.44
B039,R07,24,33,Low,Clear,Evening,Weekday,28.08,6.42
B025,R08,40,8,High,Clear,Afternoon,Weekday,86.23,12.56
B020,R07,47,37,Medium,Cloudy,Night,Weekday,63.2,3.7
B002,R06,48,15,High,Clear,Night,Weekday,87.73,12.87
B039,R05,41,24,Medium,Rain,Afternoon,Weekday,54.49,10.67
B006,R05,34,42,Low,Clear,Night,Weekday,33.9,7.93
B017,R07,14,31,Medium,Clear,Evening,Weekday,44.87,8.67
B025,R06,35,26,Low,Rain,Evening,Weekend,38.3,10.42
B028,R04,29,20,Medium,Rain,Afternoon,Weekday,57.16,10.09
B002,R02,33,28,High,Clear,Morning,Weekend,77.85,9.3
B035,R08,28,34,Low,Cloudy,Evening,Weekend,29.96,6.64
B037,R08,43,27,Low,Clear,Night,Weekday,45.2,5.9
B005,R05,25,40,Low,Cloudy,Morning,Weekday,29.45,5.21
B001,R07,45,35,Medium,Rain,Evening,Weekend,63.83,11.65
B040,R01,13,8,High,Clear,Morning,Weekday,59.63,10.92
B012,R05,46,32,Low,Clear,Night,Weekend,41.72,5.68
B036,R01,46,49,Low,Clear,Afternoon,Weekday,45.59,2.36
B045,R04,6,8,High,Clear,Afternoon,Weekday,63.51,10.01
B023,R05,8,27,High,Clear,Night,Weekday,59.91,8.27
B047,R08,12,24,Low,Rain,Afternoon,Weekday,28.71,4.49
B031,R07,36,34,High,Clear,Night,Weekday,74.11,7.28
B011,R04,18,18,Medium,Clear,Afternoon,Weekday,40.26,4.04
B010,R04,53,11,High,Cloudy,Evening,Weekday,91.67,13.79
B003,R02,17,28,Medium,Clear,Afternoon,Weekday,43.48,5.84
B014,R05,25,21,High,Clear,Morning,Weekend,76.45,9.74
B016,R01,28,29,Low,Clear,Afternoon,Weekend,32.82,6.6
B010,R01,54,34,Low,Cloudy,Afternoon,Weekend,50.23,5.24
B029,R05,22,34,Medium,Clear,Afternoon,Weekday,47.07,7.2
B010,R06,49,32,Medium,Cloudy,Afternoon,Weekday,68.77,7.27
B012,R02,44,24,High,Clear,Evening,Weekday,79.27,11.14
B030,R02,30,39,Medium,Cloudy,Night,Weekday,53.63,4.53
B041,R02,36,48,Low,Cloudy,Evening,Weekday,27.22,7.48
B001,R01,48,21,Medium,Cloudy,Evening,Weekday,55.9,13.16
B005,R04,59,20,Medium,Clear,Morning,Weekday,73.29,12.62
B020,R07,60,8,High,Clear,Night,Weekday,86.67,10.38
B008,R06,57,25,Medium,Rain,Night,Weekday,58.69,13.26
B043,R08,37,34,Medium,Clear,Morning,Weekday,55.38,8.62
B012,R02,56,16,Medium,Clear,Night,Weekend,70.69,10.77
B001,R01,35,18,High,Cloudy,Afternoon,Weekday,71.52,10.94
B020,R01,22,18,Medium,Rain,Night,Weekend,56.18,10.01
B028,R08,39,45,Low,Clear,Morning,Weekday,36.75,6.77
B043,R04,16,14,High,Cloudy,Morning,Weekend,66.07,7.88
B037,R08,55,34,Medium,Cloudy,Morning,Weekday,63.63,7.68
B047,R05,29,28,Medium,Clear,Morning,Weekday,45.1,8.08
B037,R05,49,24,High,Cloudy,Evening,Weekday,82.95,11.89
B012,R07,35,10,High,Rain,Night,Weekend,77.01,12.68
B037,R08,14,26,High,Rain,Evening,Weekday,68.79,12.69
B049,R07,51,9,High,Clear,Morning,Weekday,81.58,12.46
B049,R02,56,41,Low,Cloudy,Morning,Weekday,39.73,9.12
B044,R07,38,15,Medium,Clear,Evening,Weekday,67.47,12.95
B028,R02,55,24,Medium,Clear,Afternoon,Weekday,68.3,9.79
B047,R06,7,40,Low,Cloudy,Night,Weekend,23.0,1.79
B015,R07,50,27,High,Clear,Evening,Weekday,90.14,12.87
B006,R04,43,25,High,Clear,Night,Weekday,76.51,12.04
B044,R02,12,28,Medium,Clear,Morning,Weekday,40.19,7.97
B020,R04,36,24,High,Clear,Morning,Weekday,81.04,13.43
B050,R01,47,50,Low,Clear,Morning,Weekday,52.35,9.08
B014,R02,33,23,Medium,Clear,Night,Weekday,49.3,9.54
B002,R01,26,34,Medium,Cloudy,Night,Weekday,52.67,7.85
B009,R03,24,31,Low,Clear,Evening,Weekday,33.52,7.8
B037,R04,10,43,Low,Cloudy,Morning,Weekday,27.03,6.21
B020,R03,47,26,High,Rain,Evening,Weekday,81.71,15.33
B026,R02,53,15,Medium,Clear,Afternoon,Weekend,61.66,6.68
B029,R01,33,8,High,Clear,Morning,Weekday,65.89,14.58
B001,R02,46,31,Medium,Cloudy,Morning,Weekday,72.79,9.59
B035,R03,60,25,Low,Cloudy,Afternoon,Weekday,57.73,10.86
B006,R08,21,25,Low,Clear,Evening,Weekday,26.89,11.79
B037,R08,35,33,Medium,Cloudy,Night,Weekday,57.28,6.98
B005,R02,57,8,High,Clear,Morning,Weekday,85.14,13.85
B033,R06,38,30,Low,Clear,Night,Weekday,37.19,5.27
B049,R05,42,26,High,Clear,Morning,Weekend,79.96,9.07
B014,R03,41,26,High,Clear,Morning,Weekday,74.1,11.37
B012,R02,8,32,High,Clear,Night,Weekend,63.32,7.21
B042,R01,6,32,Medium,Cloudy,Morning,Weekend,43.25,4.82
B020,R02,16,32,High,Cloudy,Afternoon,Weekday,59.48,6.8
B050,R08,39,23,Medium,Clear,Evening,Weekday,55.58,5.86
B024,R01,10,16,Low,Rain,Afternoon,Weekday,17.65,6.67
B043,R05,60,47,Low,Cloudy,Evening,Weekday,44.44,8.71
B034,R02,50,19,High,Clear,Afternoon,Weekend,83.49,12.04
B025,R07,12,46,Low,Clear,Afternoon,Weekday,24.91,0.64
B050,R08,25,30,Medium,Cloudy,Evening,Weekday,51.45,7.19
B029,R07,57,39,Low,Rain,Morning,Weekday,58.65,11.8
B039,R05,50,30,Low,Clear,Night,Weekday,46.26,5.12
B031,R03,39,30,Low,Cloudy,Night,Weekday,41.14,5.27
B047,R01,52,16,High,Clear,Night,Weekday,86.31,10.17
B043,R07,19,24,Medium,Clear,Morning,Weekday,42.02,10.32
B050,R06,11,11,High,Clear,Afternoon,Weekday,64.61,12.47
B023,R03,19,22,Medium,Cloudy,Afternoon,Weekend,49.26,6.71
B044,R01,49,19,High,Clear,Afternoon,Weekday,87.93,10.18
B038,R08,10,24,Medium,Clear,Morning,Weekday,39.2,8.25
B020,R08,51,35,Medium,Clear,Evening,Weekday,62.4,11.18
B023,R08,21,8,Medium,Rain,Morning,Weekend,44.81,12.59
B045,R05,8,38,Medium,Cloudy,Night,Weekend,40.4,4.5
B016,R07,26,14,High,Clear,Afternoon,Weekday,71.26,10.25
B050,R08,36,25,Medium,Rain,Morning,Weekday,51.76,10.96
B042,R04,26,11,High,Clear,Morning,Weekend,76.88,10.06
B008,R08,31,13,High,Clear,Morning,Weekday,70.31,10.0
B050,R02,50,45,Low,Clear,Evening,Weekday,48.2,8.92
B021,R05,19,41,Medium,Clear,Afternoon,Weekday,47.02,2.68
B001,R01,48,41,Low,Clear,Morning,Weekend,41.4,6.36
B008,R01,55,29,Medium,Cloudy,Morning,Weekday,71.54,9.94
B029,R01,26,28,Medium,Cloudy,Night,Weekday,55.96,7.26
B032,R01,32,10,High,Cloudy,Afternoon,Weekday,78.1,9.96
B038,R02,46,37,Low,Cloudy,Morning,Weekday,34.18,6.74
B005,R03,42,29,Low,Cloudy,Morning,Weekday,46.95,10.3
B047,R06,13,45,Low,Clear,Morning,Weekend,33.68,4.33
B022,R04,38,31,Medium,Cloudy,Morning,Weekend,57.52,8.38
B047,R02,40,30,High,Cloudy,Afternoon,Weekday,75.02,9.89
B034,R01,13,18,High,Rain,Morning,Weekday,60.28,12.43
B001,R02,19,24,Medium,Clear,Evening,Weekend,47.82,7.59
B026,R05,49,10,High,Clear,Morning,Weekday,78.87,13.85
B043,R06,24,42,Low,Cloudy,Evening,Weekday,30.72,5.14
B010,R01,12,26,Low,Cloudy,Afternoon,Weekend,23.04,4.06
B030,R04,32,39,Low,Clear,Morning,Weekend,29.14,7.2
B050,R01,55,14,High,Cloudy,Night,Weekday,83.95,10.47
B018,R06,23,21,Medium,Clear,Evening,Weekday,51.76,9.68
B017,R04,20,30,Medium,Rain,Evening,Weekday,45.26,11.08
B026,R06,15,31,Low,Clear,Morning,Weekend,25.56,6.17
B008,R04,46,24,Medium,Clear,Night,Weekend,67.3,7.74
B047,R03,12,15,High,Clear,Night,Weekday,62.07,8.65
B040,R07,37,31,Low,Clear,Morning,Weekend,33.69,5.5
B049,R03,14,9,High,Clear,Afternoon,Weekend,67.43,8.28
B012,R02,22,22,Low,Cloudy,Afternoon,Weekday,36.64,4.84
B027,R02,39,20,Low,Rain,Morning,Weekday,41.5,8.13
B008,R08,47,28,Medium,Clear,Afternoon,Weekday,59.98,8.51
B025,R04,54,49,Low,Cloudy,Night,Weekend,43.46,3.04
B046,R08,7,42,Medium,Clear,Afternoon,Weekday,40.89,6.25
B004,R08,44,24,Medium,Clear,Afternoon,Weekday,60.19,8.57
B033,R01,31,19,Medium,Clear,Afternoon,Weekday,67.82,7.75
B001,R07,32,8,High,Clear,Morning,Weekday,76.46,11.85
B019,R05,50,35,Medium,Cloudy,Morning,Weekday,73.94,7.32
B031,R05,10,47,Low,Clear,Evening,Weekday,29.1,5.63
B016,R01,51,8,Medium,Rain,Afternoon,Weekday,52.84,12.38
B014,R01,18,27,Medium,Cloudy,Morning,Weekday,46.43,7.73
B048,R03,11,37,Low,Cloudy,Night,Weekday,25.14,1.31
B005,R05,14,8,High,Rain,Evening,Weekday,67.81,14.51
B041,R04,19,15,Medium,Rain,Night,Weekday,49.82,10.46
B026,R06,35,11,High,Cloudy,Afternoon,Weekday,68.87,12.57
B028,R08,33,29,High,Clear,Night,Weekday,67.68,9.46
B002,R02,46,12,Medium,Clear,Evening,Weekday,62.76,13.27
B050,R08,58,38,Medium,Cloudy,Afternoon,Weekday,66.96,6.94
B006,R08,21,24,Medium,Clear,Morning,Weekday,56.85,8.62
B009,R06,55,25,Medium,Rain,Night,Weekday,67.51,9.79
B033,R03,33,30,High,Clear,Night,Weekday,80.33,8.92
B041,R05,53,25,High,Clear,Evening,Weekday,89.74,13.76
B025,R08,48,23,Low,Clear,Morning,Weekday,43.64,9.66
B048,R07,19,8,Medium,Rain,Afternoon,Weekday,55.01,11.55
B013,R01,30,8,High,Clear,Afternoon,Weekday,72.67,8.94
B009,R07,16,24,Medium,Clear,Afternoon,Weekday,47.72,5.21
B013,R07,29,22,High,Clear,Evening,Weekend,74.83,10.43
B031,R05,45,19,High,Clear,Night,Weekday,78.26,9.66
B041,R04,9,39,Medium,Clear,Night,Weekday,38.69,6.83
B011,R03,8,25,Medium,Clear,Night,Weekend,37.55,6.63
B004,R08,48,21,Medium,Clear,Night,Weekday,58.76,9.36
B034,R08,52,16,Medium,Clear,Evening,Weekday,65.31,10.54
B038,R08,45,19,Medium,Rain,Evening,Weekday,64.03,13.6
B046,R01,35,10,Medium,Rain,Morning,Weekday,51.2,13.7
B004,R06,7,22,High,Clear,Evening,Weekday,63.77,10.41
B038,R04,57,33,Low,Clear,Night,Weekday,47.22,6.08
B019,R06,7,46,Low,Clear,Afternoon,Weekday,28.14,3.86
B006,R02,30,23,Low,Rain,Morning,Weekday,32.47,8.52
B034,R03,54,14,Medium,Clear,Afternoon,Weekday,74.92,8.77
B018,R04,21,44,Low,Clear,Afternoon,Weekend,34.31,2.13
B013,R04,14,13,Medium,Clear,Night,Weekday,45.33,9.6
B041,R08,6,25,Low,Clear,Evening,Weekday,20.26,6.24
B023,R06,28,35,Medium,Clear,Evening,Weekend,58.43,7.96
B019,R01,15,19,Medium,Cloudy,Evening,Weekend,45.83,9.65
B045,R02,28,12,Medium,Cloudy,Night,Weekend,54.19,6.62
B011,R08,39,41,Medium,Cloudy,Night,Weekday,56.94,8.19
B001,R08,27,47,Low,Clear,Afternoon,Weekend,30.72,4.56
B024,R08,36,10,High,Rain,Morning,Weekday,71.88,11.85
B007,R06,27,35,Low,Clear,Evening,Weekday,40.34,7.61
B025,R04,38,28,Medium,Clear,Evening,Weekend,57.02,10.43
B021,R03,45,11,High,Cloudy,Morning,Weekday,83.17,12.24
B015,R04,23,21,Medium,Rain,Afternoon,Weekday,53.96,11.15
B001,R05,6,16,High,Clear,Afternoon,Weekend,69.78,6.37
B012,R03,55,38,Low,Clear,Morning,Weekday,44.71,5.08
B007,R08,6,20,Medium,Clear,Evening,Weekday,31.48,8.6
B015,R03,19,8,Medium,Rain,Night,Weekday,49.95,9.76
B021,R04,60,37,Low,Clear,Night,Weekday,52.5,6.77
B019,R01,25,12,Medium,Clear,Morning,Weekday,49.8,10.63
B029,R08,39,24,Medium,Clear,Evening,Weekday,62.24,12.88
B025,R03,9,24,Medium,Clear,Morning,Weekday,44.5,9.74
B033,R05,47,15,High,Clear,Afternoon,Weekday,81.74,10.18
B049,R06,31,13,Low,Rain,Afternoon,Weekday,42.13,9.57
B032,R01,28,29,Low,Clear,Night,Weekday,32.4,5.93
B049,R01,11,23,Medium,Rain,Afternoon,Weekend,53.78,9.49
B035,R01,10,33,Medium,Clear,Afternoon,Weekday,45.17,3.22
B044,R03,50,8,High,Rain,Morning,Weekend,80.84,14.08
B038,R01,37,25,Medium,Cloudy,Morning,Weekend,48.97,10.14
B026,R04,53,25,Low,Clear,Evening,Weekday,52.45,9.51
B011,R01,21,17,Medium,Cloudy,Morning,Weekday,55.27,9.64
B035,R05,50,12,High,Clear,Evening,Weekend,88.98,11.66
B008,R08,46,31,Medium,Clear,Night,Weekday,69.42,7.76
B046,R08,34,27,Medium,Clear,Morning,Weekday,65.98,9.36
B014,R02,12,24,Low,Clear,Morning,Weekday,15.3,5.49
B010,R05,44,34,Low,Cloudy,Morning,Weekday,33.15,7.74
B002,R03,50,49,Low,Cloudy,Night,Weekday,43.59,4.99
B046,R01,11,12,Medium,Clear,Morning,Weekday,50.39,8.95
B009,R01,10,8,High,Rain,Afternoon,Weekday,66.44,12.03
B003,R04,8,14,Medium,Rain,Morning,Weekday,45.45,9.93
B021,R06,5,25,Low,Clear,Evening,Weekend,20.27,7.66
B026,R01,19,42,Low,Clear,Afternoon,Weekday,25.27,4.94
B008,R07,35,38,Medium,Clear,Morning,Weekday,57.01,8.89
B048,R05,29,13,Medium,Cloudy,Morning,Weekday,53.23,11.03
B002,R03,51,21,Medium,Clear,Night,Weekday,63.25,4.82
B006,R08,37,33,Medium,Clear,Evening,Weekday,61.65,11.98
B028,R02,56,30,Medium,Cloudy,Afternoon,Weekend,67.95,3.47
B029,R01,39,42,Low,Cloudy,Afternoon,Weekend,41.71,5.33
B026,R02,59,28,Low,Clear,Night,Weekday,48.94,7.06
B025,R01,9,23,Low,Rain,Afternoon,Weekday,27.93,6.22
B012,R03,9,23,Low,Cloudy,Afternoon,Weekday,18.98,5.48
B005,R06,40,43,Low,Clear,Evening,Weekday,32.93,7.69
B034,R05,21,29,Low,Cloudy,Morning,Weekday,28.82,6.06
B048,R08,57,9,High,Clear,Morning,Weekday,92.32,15.26
B037,R03,56,14,Medium,Clear,Afternoon,Weekday,66.19,7.46
B015,R02,18,24,Medium,Clear,Evening,Weekday,59.17,7.81
B044,R01,33,22,High,Clear,Night,Weekday,71.41,8.06
B036,R02,12,22,Low,Clear,Morning,Weekend,25.03,3.87
B015,R05,38,23,High,Clear,Afternoon,Weekend,69.82,9.33
B043,R07,44,41,Medium,Cloudy,Afternoon,Weekend,69.39,8.49
B048,R08,5,29,Medium,Cloudy,Evening,Weekday,41.9,9.76
B023,R03,33,23,Medium,Clear,Evening,Weekday,44.73,9.62
B006,R02,40,31,Low,Clear,Evening,Weekday,38.42,10.0
B046,R02,55,24,High,Cloudy,Afternoon,Weekday,74.63,12.23
B050,R05,41,31,Low,Clear,Evening,Weekday,46.6,6.95
B044,R07,33,49,Low,Clear,Afternoon,Weekday,31.95,3.76
B043,R01,9,43,Low,Clear,Morning,Weekday,24.7,5.65
B045,R07,57,40,Low,Rain,Afternoon,Weekend,44.8,6.21
B021,R02,36,41,Low,Rain,Afternoon,Weekday,37.0,5.97
B023,R05,56,26,Low,Cloudy,Morning,Weekday,52.02,9.57
B043,R01,28,28,Low,Clear,Evening,Weekday,31.97,9.14
B016,R07,23,15,High,Cloudy,Evening,Weekday,74.29,10.59
B047,R08,16,38,Low,Clear,Afternoon,Weekday,13.93,4.95
B015,R07,56,23,Low,Clear,Afternoon,Weekend,41.63,6.72
B025,R08,5,42,Medium,Clear,Morning,Weekday,42.76,5.28
B036,R07,11,27,High,Cloudy,Evening,Weekend,61.91,10.17
B011,R06,21,29,Low,Clear,Morning,Weekday,36.37,7.6
B015,R01,38,46,Low,Clear,Afternoon,Weekday,43.18,5.49
B004,R07,47,22,High,Cloudy,Afternoon,Weekend,90.32,9.08
B021,R06,11,29,Low,Rain,Morning,Weekend,25.99,8.35
B013,R03,21,29,Medium,Cloudy,Morning,Weekend,46.78,7.88
B022,R05,7,29,Low,Clear,Night,Weekday,26.56,4.86
B019,R07,33,22,High,Rain,Night,Weekday,71.23,13.76
B034,R08,26,27,High,Cloudy,Evening,Weekday,71.55,9.81
B014,R01,42,15,High,Cloudy,Morning,Weekday,83.04,11.08
B004,R08,58,42,Low,Clear,Evening,Weekday,45.47,6.13
B048,R06,47,31,Medium,Clear,Night,Weekday,75.44,9.45
B046,R06,33,27,Low,Clear,Evening,Weekend,40.1,6.91
B027,R03,54,22,High,Clear,Night,Weekday,82.4,9.84
B029,R08,54,8,High,Clear,Morning,Weekday,91.79,15.29
B047,R04,58,15,Medium,Clear,Morning,Weekday,77.16,10.84
B028,R05,46,17,Medium,Clear,Evening,Weekday,55.46,7.78
B035,R08,9,34,Low,Rain,Morning,Weekend,30.9,6.44
B008,R04,34,15,Medium,Clear,Evening,Weekday,50.69,10.87
B016,R01,27,27,Medium,Clear,Evening,Weekend,53.46,9.04
B042,R05,59,42,Medium,Cloudy,Night,Weekend,70.38,5.55
B036,R08,25,19,Medium,Clear,Afternoon,Weekend,49.21,6.41
B030,R03,60,28,Low,Clear,Evening,Weekend,46.69,7.18
B018,R01,30,18,High,Clear,Night,Weekday,70.72,11.07
B002,R05,58,14,High,Rain,Night,Weekday,86.3,16.06
B049,R08,51,8,High,Rain,Night,Weekday,80.53,13.16
B013,R08,25,39,Medium,Cloudy,Afternoon,Weekday,58.07,8.55
B004,R05,24,35,Medium,Cloudy,Morning,Weekend,44.65,7.48
B026,R04,27,36,Low,Clear,Evening,Weekday,42.49,6.72
B025,R01,8,8,High,Rain,Evening,Weekday,63.33,14.09
B030,R03,25,11,Medium,Rain,Morning,Weekday,42.03,11.21
B011,R03,25,21,Medium,Cloudy,Morning,Weekday,56.36,8.08
B007,R01,5,26,Medium,Cloudy,Night,Weekday,40.56,5.16
B031,R01,19,26,High,Clear,Night,Weekday,63.54,7.37
B044,R06,21,32,Low,Clear,Morning,Weekday,28.79,7.1
B010,R02,55,35,Low,Rain,Evening,Weekday,43.63,13.78
B039,R08,18,40,Medium,Cloudy,Morning,Weekday,55.44,6.42
B013,R04,23,32,High,Cloudy,Morning,Weekday,67.6,9.77
B031,R01,54,42,Medium,Cloudy,Afternoon,Weekday,60.38,8.81
B007,R01,38,9,Medium,Rain,Afternoon,Weekday,55.46,10.32
B049,R02,10,39,Medium,Cloudy,Night,Weekend,40.04,2.71
B042,R02,49,18,Medium,Clear,Night,Weekday,69.89,6.14
B042,R05,53,25,Medium,Clear,Evening,Weekday,67.51,10.73
B036,R07,10,18,Medium,Rain,Morning,Weekend,37.67,9.54
B020,R03,57,28,Low,Cloudy,Morning,Weekday,43.22,6.29
B004,R04,58,18,High,Rain,Afternoon,Weekday,86.77,12.69
B007,R05,9,10,Medium,Rain,Evening,Weekday,35.29,13.88
B001,R01,11,22,High,Cloudy,Morning,Weekday,59.96,9.86
B044,R08,37,34,Low,Clear,Evening,Weekday,40.12,8.72
B045,R02,17,49,Low,Clear,Afternoon,Weekday,37.57,4.12
B042,R06,55,33,High,Cloudy,Morning,Weekday,78.31,11.58
B047,R03,58,35,Low,Clear,Afternoon,Weekday,62.63,6.19
B013,R05,5,34,Medium,Cloudy,Afternoon,Weekday,44.37,6.98
B022,R06,17,42,Medium,Cloudy,Afternoon,Weekday,42.83,6.24
B021,R03,47,25,High,Clear,Morning,Weekday,91.14,11.95
B022,R07,31,31,Low,Cloudy,Evening,Weekday,37.59,4.53
B028,R07,11,40,Low,Clear,Morning,Weekday,29.73,4.95
B009,R06,56,8,High,Clear,Afternoon,Weekday,92.13,9.56
B026,R02,7,14,Medium,Clear,Night,Weekday,48.88,6.02
B009,R05,29,18,Low,Rain,Evening,Weekday,28.25,12.41
B015,R05,37,41,Low,Clear,Night,Weekday,42.54,4.64
B010,R07,44,24,High,Clear,Afternoon,Weekday,82.27,12.59
B024,R03,21,38,Low,Clear,Morning,Weekend,33.4,6.06
B042,R06,49,23,Medium,Clear,Evening,Weekday,61.12,9.56
B008,R02,18,27,Medium,Clear,Night,Weekday,45.77,6.42
B024,R01,41,21,High,Clear,Morning,Weekday,77.6,12.7
B016,R05,60,8,High,Rain,Evening,Weekday,93.66,17.35
B049,R08,58,31,Medium,Clear,Afternoon,Weekday,68.58,9.76
B026,R01,27,45,Low,Cloudy,Afternoon,Weekend,30.8,0.0
B027,R02,28,16,High,Clear,Afternoon,Weekday,72.31,7.75
B037,R07,33,17,Medium,Rain,Morning,Weekend,62.75,10.52
B004,R08,42,34,High,Clear,Morning,Weekday,83.47,11.73
B050,R05,58,8,Medium,Rain,Afternoon,Weekday,71.29,13.84
B024,R05,31,41,Medium,Cloudy,Afternoon,Weekend,56.83,1.18
B019,R06,42,50,Low,Cloudy,Evening,Weekday,46.36,5.03
B036,R08,57,32,Medium,Rain,Night,Weekday,63.21,11.53
B039,R01,44,28,Low,Clear,Evening,Weekday,46.43,6.66
B010,R07,49,38,Medium,Cloudy,Night,Weekend,64.88,6.82
B025,R06,54,30,Low,Clear,Morning,Weekday,42.34,8.64
B018,R04,27,22,Low,Cloudy,Evening,Weekday,33.4,7.27
B019,R01,35,29,Low,Rain,Morning,Weekday,36.13,9.89
B036,R01,40,24,Low,Rain,Morning,Weekday,41.71,10.18
B010,R04,21,8,High,Clear,Night,Weekday,75.0,11.27
B033,R02,41,25,Medium,Clear,Night,Weekday,54.85,7.81
B050,R08,7,37,Medium,Clear,Evening,Weekday,52.09,5.1
B005,R08,40,38,Low,Clear,Evening,Weekend,31.6,7.13
B047,R02,59,33,Medium,Clear,Evening,Weekday,65.8,10.2
B049,R05,9,28,Medium,Clear,Night,Weekend,54.35,6.48
B035,R03,50,26,High,Rain,Afternoon,Weekday,77.58,11.48
B044,R06,19,29,High,Cloudy,Afternoon,Weekday,66.54,8.37
B034,R03,56,15,Medium,Cloudy,Night,Weekend,64.11,7.81
B033,R05,53,8,High,Clear,Evening,Weekday,74.4,15.17
B021,R08,10,49,Low,Cloudy,Afternoon,Weekday,24.45,4.22
B017,R03,14,21,Medium,Rain,Morning,Weekday,49.22,13.67
B022,R01,58,29,Low,Cloudy,Afternoon,Weekday,51.2,6.56
B048,R01,36,27,Low,Clear,Afternoon,Weekend,35.03,3.14
B037,R04,27,45,Low,Clear,Night,Weekday,23.58,2.65
B015,R04,52,15,Medium,Rain,Night,Weekend,62.49,12.29
B035,R05,21,31,Medium,Clear,Afternoon,Weekend,45.95,7.88
B028,R05,50,13,High,Cloudy,Morning,Weekday,86.24,10.81
B007,R07,24,30,Medium,Clear,Morning,Weekday,49.11,7.85
B032,R05,48,25,Low,Clear,Evening,Weekday,45.95,6.99
B011,R01,45,15,Medium,Rain,Afternoon,Weekday,52.77,14.64
B010,R03,19,19,High,Clear,Afternoon,Weekend,72.54,9.16
B009,R06,48,13,High,Clear,Morning,Weekday,86.42,11.41
B014,R07,50,36,Medium,Clear,Night,Weekday,59.35,6.26
B013,R07,26,18,High,Rain,Afternoon,Weekday,69.24,14.62
B025,R08,54,8,High,Clear,Morning,Weekday,85.22,14.33
B002,R07,56,20,Low,Rain,Afternoon,Weekday,53.24,9.93
B035,R05,10,36,Low,Clear,Night,Weekday,23.36,3.62
B007,R05,8,31,Low,Rain,Evening,Weekday,25.51,8.48
B021,R01,27,21,Low,Rain,Night,Weekend,33.32,5.56
B018,R06,48,31,Medium,Clear,Night,Weekday,68.39,6.92
B003,R01,49,11,High,Clear,Morning,Weekday,85.18,12.24
B042,R06,23,20,Medium,Clear,Morning,Weekday,45.13,9.16
B039,R01,58,42,Medium,Cloudy,Night,Weekday,67.54,7.38
B041,R03,49,27,Medium,Clear,Morning,Weekday,69.37,11.28
B049,R08,35,33,Low,Clear,Night,Weekend,38.99,3.41
B011,R05,48,43,Low,Clear,Night,Weekday,37.75,7.33
B039,R02,56,17,Medium,Clear,Afternoon,Weekday,76.76,9.24
B024,R02,7,20,Medium,Clear,Night,Weekday,40.34,7.76
B046,R08,32,8,High,Rain,Evening,Weekday,80.52,17.06
B019,R05,7,26,Medium,Rain,Morning,Weekday,50.46,11.56
B004,R07,18,18,High,Clear,Evening,Weekday,74.2,12.75
B026,R05,22,26,Medium,Cloudy,Morning,Weekday,46.51,7.97
B038,R05,31,16,Medium,Cloudy,Night,Weekend,60.89,7.28
B042,R08,55,19,Medium,Cloudy,Evening,Weekday,68.64,12.34
B032,R05,14,39,Low,Clear,Afternoon,Weekday,20.35,5.34
B039,R07,53,22,Low,Clear,Night,Weekend,46.04,6.39
B045,R06,19,39,Low,Cloudy,Night,Weekday,24.48,5.49
B046,R08,23,39,Medium,Cloudy,Night,Weekday,53.44,5.15
B036,R03,13,36,Medium,Clear,Afternoon,Weekday,50.43,7.22
B040,R02,8,23,Low,Clear,Evening,Weekday,29.61,8.65
B037,R08,19,18,Medium,Clear,Night,Weekend,49.1,6.91
B033,R04,55,36,Low,Clear,Evening,Weekday,42.9,8.37
B036,R02,52,15,High,Clear,Night,Weekday,79.97,8.22
B003,R02,12,9,High,Clear,Night,Weekday,69.37,12.22
B009,R07,53,27,High,Clear,Night,Weekday,91.35,10.87
B008,R01,57,27,Medium,Rain,Afternoon,Weekday,71.22,12.09
B033,R05,5,40,Low,Clear,Night,Weekday,18.21,4.29
B006,R05,11,8,High,Cloudy,Evening,Weekday,62.29,12.88
B041,R05,57,37,Low,Cloudy,Night,Weekend,45.63,5.7
B039,R01,35,35,Low,Clear,Evening,Weekday,29.98,9.61
B004,R07,22,20,Low,Clear,Evening,Weekday,33.51,11.79
B013,R08,16,33,Medium,Rain,Morning,Weekday,47.28,12.23
B049,R03,52,28,Medium,Clear,Evening,Weekday,73.15,12.31
B002,R03,34,9,Medium,Rain,Morning,Weekday,52.13,12.56
B005,R07,37,29,Medium,Rain,Afternoon,Weekend,57.76,8.93
B044,R04,51,42,Low,Cloudy,Night,Weekend,39.26,5.03
B027,R03,11,21,High,Cloudy,Afternoon,Weekend,63.59,8.96
B032,R07,32,17,Medium,Cloudy,Afternoon,Weekday,59.94,9.08
B021,R08,53,37,Medium,Clear,Evening,Weekday,66.78,8.31
B008,R03,7,27,Medium,Rain,Night,Weekend,38.66,7.59
B038,R05,47,32,Low,Clear,Night,Weekend,36.0,4.57
B008,R06,10,27,Low,Clear,Afternoon,Weekday,23.32,5.73
B050,R07,35,38,Medium,Clear,Morning,Weekend,58.53,6.98
B003,R02,42,44,Low,Cloudy,Morning,Weekend,45.1,5.15
B044,R03,19,38,Low,Clear,Evening,Weekday,25.77,6.12
B003,R03,11,24,High,Rain,Morning,Weekday,61.64,13.86
B022,R01,47,27,Medium,Clear,Morning,Weekday,74.12,11.62
B006,R04,34,22,Medium,Rain,Afternoon,Weekend,56.88,8.5
B002,R06,31,18,Medium,Clear,Morning,Weekday,60.27,11.04
B023,R08,21,27,High,Clear,Night,Weekday,64.17,7.72
B044,R01,59,28,Low,Clear,Afternoon,Weekday,51.11,7.9
B002,R05,22,29,High,Clear,Afternoon,Weekday,74.69,7.06
B038,R02,26,39,Medium,Clear,Morning,Weekday,53.29,10.09
B017,R04,60,42,Low,Rain,Night,Weekday,41.3,7.93
B035,R01,57,40,Low,Clear,Night,Weekend,43.96,5.2
B034,R07,30,36,Medium,Cloudy,Morning,Weekday,56.84,8.59
B023,R03,55,42,Medium,Clear,Night,Weekend,59.51,8.48
B030,R03,31,20,Low,Clear,Evening,Weekday,48.16,7.45
B008,R04,44,20,Medium,Clear,Evening,Weekday,67.7,10.68
B022,R03,28,40,Medium,Clear,Morning,Weekend,46.46,7.25
B044,R07,56,14,Medium,Rain,Afternoon,Weekday,69.31,13.68
B036,R01,12,24,High,Cloudy,Afternoon,Weekday,66.38,7.82
B005,R01,25,33,High,Clear,Night,Weekday,77.94,5.56
B013,R03,33,29,Medium,Cloudy,Evening,Weekday,44.02,7.88
B029,R03,47,25,High,Clear,Afternoon,Weekday,84.35,11.37
B031,R05,25,20,Low,Cloudy,Night,Weekday,26.49,6.31
B047,R02,7,25,Low,Rain,Evening,Weekday,25.69,9.48
B016,R08,35,18,Medium,Rain,Afternoon,Weekday,52.06,9.79
B042,R04,59,34,Medium,Clear,Night,Weekend,76.35,7.34
B030,R01,31,18,Medium,Clear,Morning,Weekday,57.05,10.66
B016,R04,50,42,Medium,Clear,Morning,Weekday,55.99,8.56
B012,R05,31,40,Low,Rain,Afternoon,Weekday,22.74,9.29
B017,R01,13,41,Low,Rain,Night,Weekend,28.99,6.81
B016,R05,37,29,High,Clear,Evening,Weekend,75.03,10.36
B012,R05,37,11,High,Cloudy,Morning,Weekday,81.37,13.54
B008,R06,30,8,Medium,Rain,Evening,Weekday,51.7,13.76
B020,R03,32,13,Medium,Clear,Night,Weekday,62.02,9.3
B003,R07,48,15,Medium,Rain,Morning,Weekend,69.05,11.97
B016,R06,47,20,Low,Clear,Afternoon,Weekday,45.66,7.35
B030,R08,35,35,Medium,Clear,Morning,Weekend,53.0,5.47
B045,R04,57,23,Medium,Clear,Afternoon,Weekday,65.57,7.84
B023,R07,5,19,Medium,Clear,Evening,Weekday,41.2,11.05
B028,R04,24,40,Low,Rain,Morning,Weekday,26.75,8.08
B040,R03,16,8,High,Clear,Night,Weekend,71.31,7.82
B005,R07,21,13,High,Clear,Evening,Weekday,68.87,14.69
B020,R06,19,34,Low,Clear,Evening,Weekday,28.59,6.39
B040,R04,38,23,Medium,Cloudy,Afternoon,Weekend,56.4,8.08
B044,R06,54,8,High,Cloudy,Night,Weekday,86.91,11.15
B001,R03,20,44,Low,Cloudy,Evening,Weekday,30.88,7.47
B030,R07,8,16,Medium,Clear,Morning,Weekday,41.26,9.15
B021,R07,12,42,Medium,Cloudy,Afternoon,Weekday,44.82,3.21
B020,R01,38,13,Medium,Rain,Night,Weekday,56.67,14.69
B006,R05,50,21,High,Clear,Afternoon,Weekday,82.68,9.84
B022,R05,29,17,Medium,Cloudy,Afternoon,Weekday,54.6,7.93
B018,R06,19,23,Low,Rain,Evening,Weekday,16.71,8.41
B008,R07,32,33,Low,Cloudy,Morning,Weekend,43.01,3.24
B039,R04,13,20,Low,Cloudy,Morning,Weekend,30.31,7.86
B032,R06,6,34,Medium,Cloudy,Night,Weekend,43.8,5.43
B033,R06,21,15,Medium,Clear,Night,Weekend,54.69,4.34
B016,R02,14,26,Low,Cloudy,Morning,Weekend,20.22,5.21
B012,R08,13,13,Medium,Rain,Afternoon,Weekend,37.77,10.15
B038,R07,35,28,Medium,Clear,Afternoon,Weekend,48.05,7.66
B034,R05,6,29,Low,Rain,Morning,Weekday,25.16,7.39
B014,R07,28,22,Medium,Cloudy,Evening,Weekday,54.71,9.19
B036,R03,23,34,Medium,Clear,Afternoon,Weekday,53.3,5.79
B033,R06,21,37,Medium,Cloudy,Morning,Weekend,55.18,6.42
B023,R02,47,46,Low,Clear,Evening,Weekday,31.63,7.34
B050,R02,53,16,Medium,Rain,Afternoon,Weekend,60.49,12.16
B045,R05,14,18,High,Clear,Night,Weekday,63.73,9.87
B002,R05,54,8,Medium,Rain,Afternoon,Weekend,70.33,12.02
B041,R05,59,19,Medium,Clear,Afternoon,Weekday,70.24,9.15
B021,R03,32,31,Medium,Cloudy,Morning,Weekday,69.17,7.14
B002,R02,42,35,Low,Rain,Afternoon,Weekend,35.53,6.96
B027,R04,52,37,Medium,Clear,Afternoon,Weekday,68.61,7.08
B009,R03,32,21,Low,Cloudy,Evening,Weekday,40.75,7.37
B001,R01,54,43,Low,Clear,Morning,Weekday,54.32,7.05
B011,R08,56,10,Medium,Rain,Evening,Weekday,66.97,12.2
B003,R08,54,20,Low,Cloudy,Night,Weekday,40.49,6.66
B023,R06,5,29,Medium,Rain,Afternoon,Weekday,45.78,7.95
B026,R08,7,39,Low,Rain,Morning,Weekend,24.96,5.7
B004,R05,19,37,Low,Clear,Night,Weekday,32.38,5.47
B018,R02,56,8,High,Clear,Morning,Weekday,94.75,13.69
B006,R08,14,28,High,Cloudy,Afternoon,Weekend,65.81,8.42
B035,R06,25,27,Low,Clear,Morning,Weekday,27.31,7.78
B022,R08,41,19,Medium,Clear,Morning,Weekday,63.33,8.74
B043,R07,19,33,Low,Clear,Evening,Weekday,31.04,8.56
B015,R03,27,31,Medium,Cloudy,Morning,Weekday,51.91,7.99
B022,R01,18,25,Medium,Clear,Morning,Weekday,43.94,10.51
B037,R07,19,13,Low,Rain,Evening,Weekend,31.21,9.45
B042,R03,14,30,Medium,Rain,Afternoon,Weekday,51.28,7.35
B012,R03,60,39,Low,Cloudy,Night,Weekday,42.04,4.51
B047,R04,13,22,Low,Clear,Evening,Weekday,26.72,8.98
B049,R08,48,18,High,Clear,Afternoon,Weekday,86.95,11.7
B042,R06,43,38,Medium,Clear,Afternoon,Weekday,70.5,6.16
B038,R04,9,23,Medium,Rain,Night,Weekday,44.83,9.95
B018,R03,29,12,Medium,Clear,Afternoon,Weekday,62.27,10.26
B045,R08,60,36,Medium,Clear,Evening,Weekday,74.19,12.56
B035,R01,46,14,Medium,Clear,Afternoon,Weekend,67.29,8.55
B030,R02,30,31,Medium,Cloudy,Night,Weekday,50.97,7.8
B024,R02,12,12,Medium,Cloudy,Night,Weekend,58.39,6.88
B042,R08,26,30,Medium,Clear,Evening,Weekday,53.31,9.26
B030,R07,56,28,Medium,Clear,Evening,Weekday,69.02,11.46
B014,R06,29,24,Medium,Cloudy,Afternoon,Weekday,54.6,6.21
B006,R05,52,31,Medium,Clear,Night,Weekend,72.2,8.18
B003,R05,16,27,Medium,Cloudy,Night,Weekday,57.79,6.5
B016,R02,13,30,Medium,Rain,Afternoon,Weekday,49.8,8.11
B007,R03,14,23,Medium,Cloudy,Night,Weekday,45.08,6.22
B014,R03,52,18,Medium,Cloudy,Evening,Weekend,74.49,13.09
B009,R04,14,22,High,Rain,Evening,Weekday,60.69,15.65
B015,R08,13,31,Medium,Rain,Afternoon,Weekday,43.02,7.84
B021,R06,30,27,High,Clear,Afternoon,Weekday,68.06,9.85
B035,R08,39,35,Medium,Clear,Afternoon,Weekday,57.67,7.7
B002,R08,31,13,High,Rain,Evening,Weekday,80.52,17.7
B027,R04,35,22,Medium,Clear,Evening,Weekend,56.38,8.58
B002,R05,23,18,High,Rain,Night,Weekday,71.79,9.05
B035,R08,47,27,Low,Clear,Evening,Weekday,45.32,8.34
B018,R02,42,22,Low,Rain,Afternoon,Weekday,39.86,8.81
B014,R07,10,27,Medium,Cloudy,Morning,Weekday,39.42,9.02
B020,R08,19,32,High,Cloudy,Morning,Weekday,61.23,11.39
B018,R03,33,21,Medium,Clear,Morning,Weekday,63.03,11.46
B010,R08,51,36,Low,Rain,Morning,Weekday,42.32,11.63
B025,R02,49,36,Medium,Clear,Morning,Weekend,61.07,9.15
B002,R01,58,19,Medium,Clear,Evening,Weekday,61.53,12.98
B025,R02,9,24,Low,Clear,Afternoon,Weekday,23.81,3.19
B033,R01,18,21,Medium,Rain,Afternoon,Weekday,51.71,9.75
B036,R04,57,16,High,Clear,Night,Weekend,86.68,10.41
B031,R04,6,28,High,Cloudy,Afternoon,Weekend,64.75,8.08
B014,R05,27,29,Low,Cloudy,Night,Weekday,23.62,4.62
B001,R02,48,22,Low,Rain,Afternoon,Weekday,44.85,8.45
B046,R02,56,37,Medium,Cloudy,Night,Weekday,65.95,7.35
B016,R01,50,37,Medium,Cloudy,Night,Weekday,57.8,8.29
B046,R04,23,40,Low,Cloudy,Afternoon,Weekend,23.41,0.0
B003,R01,28,26,High,Cloudy,Morning,Weekday,69.7,10.91
B035,R04,24,23,Medium,Clear,Afternoon,Weekday,45.93,6.64
B041,R01,51,15,High,Clear,Afternoon,Weekday,87.24,9.95
B006,R04,31,10,High,Clear,Morning,Weekday,77.68,12.84
B025,R01,56,30,Low,Clear,Afternoon,Weekend,48.86,5.86
B013,R07,28,23,High,Clear,Night,Weekday,75.88,9.99
B034,R04,21,35,Medium,Cloudy,Morning,Weekday,42.65,8.39
B008,R06,29,31,Medium,Rain,Morning,Weekday,57.04,13.38
B021,R01,50,37,Medium,Clear,Evening,Weekday,68.33,11.41
B034,R02,59,36,Medium,Cloudy,Night,Weekday,70.87,5.99
B004,R05,35,31,Low,Clear,Night,Weekday,37.01,4.99
B025,R06,32,15,Medium,Clear,Afternoon,Weekday,52.29,8.13
B015,R06,54,37,Low,Cloudy,Afternoon,Weekend,48.69,2.72
B004,R01,32,14,Medium,Rain,Night,Weekday,54.09,15.35
B045,R05,26,39,Low,Clear,Night,Weekday,37.61,4.87
B012,R02,60,21,Low,Clear,Night,Weekend,51.39,4.74
B032,R06,9,39,Medium,Clear,Afternoon,Weekday,43.66,7.44
B032,R02,58,12,Medium,Clear,Night,Weekend,67.29,9.16
B028,R04,48,25,Medium,Cloudy,Night,Weekday,63.21,7.38
B013,R08,46,29,Low,Rain,Morning,Weekday,42.23,11.37
B031,R07,12,30,High,Cloudy,Night,Weekday,65.61,9.85
B014,R08,42,15,Medium,Clear,Evening,Weekday,54.54,12.12
B020,R08,32,42,Low,Rain,Afternoon,Weekend,37.19,7.04
B018,R05,51,36,Medium,Clear,Morning,Weekday,66.35,8.2
B029,R07,16,41,Medium,Cloudy,Night,Weekend,42.11,2.5
B006,R03,29,50,Low,Clear,Night,Weekday,35.65,2.16
B032,R04,42,13,Medium,Rain,Morning,Weekday,60.94,12.53
B029,R05,48,34,High,Cloudy,Morning,Weekday,79.85,8.5
B043,R01,19,11,Medium,Rain,Morning,Weekday,52.53,15.18
B002,R07,48,40,Low,Clear,Evening,Weekday,50.7,6.03
B023,R01,45,25,High,Cloudy,Evening,Weekday,79.64,11.92
B019,R02,55,36,Low,Cloudy,Morning,Weekday,48.02,7.82
B031,R08,57,8,High,Cloudy,Night,Weekend,94.74,12.69
B005,R06,38,20,Low,Clear,Afternoon,Weekend,28.04,6.45
B019,R07,49,21,Medium,Clear,Evening,Weekend,73.96,10.18
B034,R03,17,16,Medium,Clear,Afternoon,Weekday,48.9,11.5
B010,R01,12,23,Low,Clear,Afternoon,Weekday,29.79,7.85
B025,R05,17,15,High,Rain,Evening,Weekend,59.99,13.97
B002,R07,40,10,Medium,Rain,Afternoon,Weekday,53.18,12.33
B011,R07,10,25,Low,Clear,Night,Weekday,20.18,5.0
B050,R06,42,13,Medium,Rain,Evening,Weekend,55.72,13.83
B031,R06,36,31,Medium,Clear,Evening,Weekend,46.35,8.0
B015,R05,25,28,Low,Clear,Afternoon,Weekday,26.54,4.45
B009,R06,48,32,High,Clear,Afternoon,Weekday,79.84,11.85
B023,R01,48,11,High,Rain,Morning,Weekday,76.83,14.29
B019,R05,53,39,Low,Cloudy,Evening,Weekday,53.94,7.75
B009,R08,11,19,Medium,Clear,Afternoon,Weekday,48.69,6.94
B035,R05,30,43,Low,Cloudy,Night,Weekday,31.32,4.46
B021,R02,19,8,High,Clear,Evening,Weekday,72.4,12.82
B009,R03,60,33,High,Clear,Morning,Weekday,91.68,11.67
B028,R07,53,21,Medium,Clear,Night,Weekday,57.89,7.73
B046,R02,46,17,High,Clear,Morning,Weekday,85.15,11.77
B007,R03,27,32,Medium,Rain,Morning,Weekday,51.41,12.1
B016,R05,56,35,Medium,Cloudy,Night,Weekday,71.45,8.38
B016,R07,42,8,High,Clear,Morning,Weekday,75.59,13.53
B033,R06,45,38,Medium,Clear,Morning,Weekend,65.22,9.22
B004,R03,19,35,Medium,Clear,Morning,Weekday,54.76,8.87
B004,R05,52,33,Medium,Clear,Morning,Weekend,67.99,7.64
B039,R05,57,32,Low,Clear,Morning,Weekend,39.54,7.51
B040,R02,44,38,Low,Clear,Evening,Weekday,54.29,7.97
B017,R02,20,31,High,Cloudy,Afternoon,Weekend,72.97,5.34
B037,R06,36,38,Medium,Clear,Evening,Weekday,56.8,6.49
B039,R08,41,33,High,Clear,Evening,Weekday,83.62,12.07
B029,R04,22,41,Low,Rain,Afternoon,Weekday,41.56,6.06
B036,R01,24,40,Medium,Clear,Afternoon,Weekday,44.93,5.67
B038,R04,50,33,High,Clear,Night,Weekday,90.47,10.17
B039,R04,6,26,Low,Clear,Morning,Weekday,22.17,6.48
B050,R07,59,31,Low,Clear,Afternoon,Weekday,47.91,6.59
B037,R08,27,17,Medium,Clear,Night,Weekday,52.21,10.56
B035,R07,34,14,Medium,Clear,Night,Weekday,46.54,8.46
B007,R06,7,42,Low,Rain,Evening,Weekday,25.9,8.61
B027,R07,50,8,High,Cloudy,Night,Weekend,72.86,9.88
B028,R03,43,8,High,Cloudy,Morning,Weekday,78.89,14.53
B022,R06,51,25,Medium,Clear,Evening,Weekday,62.99,11.14
B014,R06,53,32,High,Clear,Afternoon,Weekday,84.59,12.6
B007,R05,5,9,High,Clear,Evening,Weekday,51.71,12.09
B037,R05,45,28,Medium,Clear,Evening,Weekday,66.95,10.62
B022,R05,26,36,Low,Clear,Morning,Weekend,23.8,5.4
B005,R01,33,43,Low,Clear,Morning,Weekday,31.87,8.54
B002,R03,18,32,Low,Clear,Evening,Weekend,26.27,6.51
B027,R03,52,43,Low,Clear,Afternoon,Weekend,44.43,4.32
B021,R05,32,31,Low,Clear,Morning,Weekday,37.91,5.76
B038,R04,25,36,Medium,Clear,Evening,Weekend,52.6,4.41
B015,R01,49,48,Low,Clear,Morning,Weekday,54.16,6.56
B021,R04,36,43,Low,Clear,Morning,Weekend,39.74,4.85
B010,R02,10,41,Medium,Clear,Night,Weekday,46.38,0.98
B023,R03,58,21,Low,Clear,Afternoon,Weekday,46.12,6.82
B039,R03,5,17,High,Clear,Evening,Weekend,64.02,8.68
B005,R04,25,46,Low,Clear,Evening,Weekday,30.06,8.62
B001,R01,8,8,High,Clear,Night,Weekend,61.6,8.99
B013,R03,7,11,High,Cloudy,Evening,Weekday,79.35,13.66
B021,R04,53,26,Medium,Clear,Evening,Weekday,74.21,11.32
B026,R06,34,20,Medium,Clear,Night,Weekday,52.66,9.89
B050,R06,35,19,High,Clear,Night,Weekend,80.75,12.73
B045,R07,38,32,Low,Clear,Evening,Weekday,40.35,8.99
B021,R01,23,25,High,Clear,Night,Weekday,68.19,14.13
B018,R04,24,11,High,Rain,Morning,Weekday,82.42,15.42
B037,R07,27,8,Medium,Rain,Morning,Weekend,52.5,13.87
B045,R06,58,36,Medium,Clear,Morning,Weekday,75.93,9.04
B032,R01,44,27,Medium,Cloudy,Morning,Weekday,58.71,7.56
B036,R08,29,23,Medium,Clear,Night,Weekday,60.0,4.17
B017,R07,19,31,Medium,Clear,Afternoon,Weekday,56.18,8.21
B035,R08,42,33,Medium,Cloudy,Afternoon,Weekend,56.15,5.91
B049,R05,27,31,Low,Clear,Evening,Weekday,31.86,6.89
B011,R01,56,42,Medium,Clear,Afternoon,Weekday,67.57,6.95
B021,R02,6,26,Medium,Cloudy,Morning,Weekday,51.17,7.26
B026,R05,19,24,Low,Cloudy,Night,Weekday,37.27,8.13
B004,R07,56,13,Low,Rain,Morning,Weekday,46.02,10.68
B034,R04,48,39,Low,Cloudy,Morning,Weekend,42.08,6.83
B048,R05,39,37,Medium,Cloudy,Night,Weekday,60.73,7.93
B018,R05,14,14,Medium,Clear,Morning,Weekday,39.14,7.31
B040,R07,18,27,Low,Clear,Morning,Weekday,35.36,7.73
B035,R04,31,10,High,Cloudy,Night,Weekend,71.18,8.12
B041,R04,58,9,High,Rain,Night,Weekday,89.49,14.36
B029,R06,18,21,Medium,Clear,Evening,Weekend,56.01,8.06
B029,R02,39,43,Low,Rain,Evening,Weekday,41.73,9.5
B038,R04,37,28,Medium,Clear,Morning,Weekday,56.51,10.24
B042,R03,56,22,Medium,Clear,Evening,Weekday,62.89,9.76
B021,R03,5,11,High,Clear,Afternoon,Weekday,62.23,8.84
B042,R02,38,34,Medium,Clear,Afternoon,Weekend,57.55,3.96
B013,R01,23,26,Medium,Cloudy,Morning,Weekday,64.62,7.31
B049,R07,28,15,High,Clear,Evening,Weekday,69.97,13.46
B041,R01,46,30,Low,Rain,Morning,Weekday,40.34,9.68
B017,R03,8,29,Low,Clear,Evening,Weekday,18.99,8.17
B009,R04,40,23,Medium,Clear,Night,Weekend,58.7,5.93
B041,R02,17,49,Low,Cloudy,Night,Weekend,31.11,1.4
B001,R01,36,49,Low,Clear,Night,Weekday,33.27,5.98
B002,R01,13,15,Medium,Cloudy,Night,Weekday,48.26,8.26
B048,R08,43,34,Low,Clear,Morning,Weekday,35.44,5.06
B029,R07,20,29,Medium,Clear,Morning,Weekend,54.66,6.73
B033,R05,54,28,High,Cloudy,Morning,Weekend,84.71,12.11
B010,R03,7,25,Low,Rain,Afternoon,Weekend,21.87,6.33
B050,R04,56,43,Low,Cloudy,Night,Weekday,55.03,7.43
B040,R02,24,36,Low,Cloudy,Night,Weekday,29.82,2.94
B021,R01,14,20,Low,Cloudy,Night,Weekday,28.99,7.58
B028,R07,60,43,Low,Clear,Evening,Weekday,53.53,5.99
B011,R05,26,17,Low,Rain,Evening,Weekday,39.51,11.35
B034,R03,52,28,Medium,Clear,Afternoon,Weekday,67.64,9.86
B008,R03,7,46,Low,Clear,Afternoon,Weekday,21.92,3.59
B022,R07,15,31,Medium,Clear,Evening,Weekday,44.89,9.58
B008,R08,29,21,High,Clear,Evening,Weekday,76.07,13.42
B049,R02,46,32,High,Clear,Morning,Weekday,79.21,11.89
B015,R01,52,20,Medium,Clear,Morning,Weekday,68.7,10.11
B017,R02,12,29,Low,Clear,Evening,Weekday,27.01,6.62
B023,R07,13,33,Medium,Cloudy,Night,Weekday,40.67,5.21
B024,R07,19,38,Medium,Cloudy,Evening,Weekday,43.36,6.5
B045,R02,36,44,Low,Cloudy,Morning,Weekend,38.41,7.19
B019,R06,57,20,High,Clear,Afternoon,Weekday,87.06,12.0
B005,R05,7,20,Low,Cloudy,Evening,Weekday,27.58,9.65
B032,R03,8,46,Low,Clear,Evening,Weekday,19.41,6.35
B044,R06,34,8,High,Cloudy,Night,Weekend,80.66,9.59
B001,R04,17,21,High,Clear,Afternoon,Weekday,72.3,7.65
B023,R03,48,34,Low,Clear,Night,Weekday,38.09,5.23
B037,R03,25,26,Medium,Clear,Afternoon,Weekend,51.39,7.53
B008,R05,45,12,Medium,Cloudy,Night,Weekday,69.33,8.37
B013,R04,50,26,Medium,Rain,Afternoon,Weekday,67.0,13.0
B008,R01,23,43,Low,Cloudy,Evening,Weekend,31.01,4.74
B023,R04,43,12,Medium,Clear,Evening,Weekend,65.79,8.55
B043,R01,52,14,High,Clear,Evening,Weekday,83.54,12.89
B001,R08,26,23,Low,Rain,Morning,Weekend,31.36,9.35
B045,R08,24,29,High,Clear,Afternoon,Weekday,72.84,11.59
B024,R04,41,22,High,Rain,Afternoon,Weekday,87.6,12.95
B035,R02,35,25,Low,Clear,Night,Weekday,32.9,5.27
B024,R07,14,8,High,Rain,Morning,Weekday,69.35,16.45
B017,R04,22,43,Low,Rain,Night,Weekday,29.0,8.46
B005,R06,47,25,Medium,Cloudy,Morning,Weekend,69.71,8.82
B020,R06,43,27,High,Clear,Night,Weekday,85.33,7.53
B021,R05,50,25,Low,Clear,Morning,Weekday,44.62,7.43
B040,R07,24,34,Medium,Rain,Night,Weekday,54.99,10.43
B031,R07,22,13,High,Rain,Night,Weekday,68.12,14.61
B046,R01,15,20,Medium,Clear,Morning,Weekday,44.33,9.31
B036,R03,26,36,Low,Clear,Afternoon,Weekday,45.62,4.83
B011,R05,48,37,Low,Rain,Night,Weekend,42.14,6.49
B015,R06,22,25,Medium,Cloudy,Morning,Weekend,51.89,9.1
B019,R06,38,15,High,Rain,Morning,Weekday,77.04,13.19
B007,R08,27,8,High,Rain,Afternoon,Weekday,67.07,12.52
B028,R01,5,28,Medium,Rain,Afternoon,Weekday,37.4,11.12
B043,R06,59,34,Medium,Clear,Afternoon,Weekday,71.19,9.7
B005,R06,14,31,Low,Clear,Afternoon,Weekday,19.94,7.11
B005,R01,57,21,Low,Clear,Night,Weekday,44.94,6.42
B030,R06,5,8,Medium,Rain,Night,Weekday,45.76,8.78
B032,R03,42,32,Medium,Clear,Evening,Weekday,62.13,11.94
B008,R02,43,24,Medium,Clear,Night,Weekend,59.44,8.51
B010,R05,53,8,High,Clear,Evening,Weekday,84.28,15.42
B038,R03,13,29,Medium,Clear,Evening,Weekday,41.35,9.93
B047,R03,35,8,Medium,Rain,Night,Weekday,68.65,14.64
B032,R02,11,24,Low,Cloudy,Evening,Weekday,20.59,8.38
B048,R08,21,24,High,Cloudy,Afternoon,Weekday,75.55,9.63
B028,R07,39,15,High,Clear,Evening,Weekday,68.45,13.25
B017,R05,52,15,High,Rain,Night,Weekday,90.38,14.13
B031,R08,41,35,Medium,Clear,Morning,Weekend,65.39,10.31
B008,R08,56,17,Medium,Cloudy,Night,Weekend,63.34,10.36
B040,R03,22,13,Medium,Clear,Morning,Weekday,47.91,12.32
B025,R06,37,21,Low,Clear,Morning,Weekday,43.84,5.1
B009,R08,8,31,Medium,Clear,Evening,Weekday,38.29,8.09
B002,R02,27,34,High,Cloudy,Evening,Weekday,75.68,9.42
B015,R07,15,32,Low,Cloudy,Morning,Weekday,24.11,9.16
B050,R05,56,33,Low,Clear,Evening,Weekday,52.5,7.32
B003,R04,13,17,Medium,Clear,Afternoon,Weekday,55.81,8.7
B049,R01,34,24,Low,Rain,Night,Weekday,31.97,11.76
B036,R06,12,36,Medium,Clear,Evening,Weekday,48.94,8.73
B004,R02,44,24,Medium,Clear,Morning,Weekday,66.89,9.43
B014,R01,9,43,Low,Clear,Morning,Weekend,14.53,4.57
B041,R07,16,8,High,Rain,Night,Weekend,73.02,9.91
B041,R07,5,42,Medium,Clear,Evening,Weekday,44.25,5.23
B025,R04,19,10,High,Rain,Evening,Weekday,72.71,15.73
B050,R08,29,21,High,Clear,Morning,Weekday,65.37,7.76
B010,R03,22,33,High,Clear,Night,Weekday,74.72,8.57
B021,R03,42,46,Low,Clear,Morning,Weekday,40.09,6.13
B036,R05,46,23,Low,Cloudy,Night,Weekday,37.3,9.77
B012,R02,50,25,Low,Clear,Evening,Weekday,48.51,9.62
B027,R02,57,41,Medium,Cloudy,Evening,Weekday,72.56,9.2
B040,R08,30,25,High,Clear,Night,Weekend,74.62,10.04
B002,R07,44,42,Medium,Clear,Morning,Weekday,63.81,8.8
B013,R05,7,24,High,Rain,Morning,Weekday,62.69,11.15
B032,R08,58,45,Low,Cloudy,Morning,Weekday,42.12,7.49
B031,R01,26,25,Low,Clear,Night,Weekday,32.28,6.1
B016,R03,30,18,High,Cloudy,Night,Weekday,81.0,10.31
B032,R03,23,35,Medium,Cloudy,Morning,Weekend,57.57,7.92
B032,R07,48,27,High,Clear,Morning,Weekend,79.87,12.29
B034,R02,48,49,Low,Clear,Night,Weekday,45.2,5.37
B011,R07,51,16,High,Clear,Night,Weekday,85.88,9.27
B010,R08,43,18,Medium,Clear,Morning,Weekday,63.97,8.13
B015,R02,40,16,High,Cloudy,Morning,Weekend,80.26,10.67
B017,R05,25,40,Low,Clear,Evening,Weekend,36.11,4.95
B040,R08,45,17,Medium,Clear,Afternoon,Weekday,60.43,9.6
B018,R04,58,9,High,Clear,Night,Weekend,94.52,13.01
B009,R01,52,10,High,Rain,Afternoon,Weekday,83.34,16.55
B025,R06,30,22,Low,Cloudy,Night,Weekday,35.96,5.29
B040,R04,17,50,Low,Clear,Evening,Weekday,31.83,2.84
B014,R08,40,22,Medium,Clear,Night,Weekday,61.09,8.54
B025,R04,28,32,Low,Clear,Night,Weekend,22.29,6.02
B050,R02,45,14,Medium,Cloudy,Afternoon,Weekday,64.0,8.64
B022,R02,30,31,Low,Clear,Evening,Weekend,38.45,6.61
B030,R02,25,35,Low,Rain,Evening,Weekend,33.99,8.26
B020,R04,22,33,Medium,Clear,Evening,Weekend,55.71,10.22
B021,R07,19,32,Medium,Cloudy,Evening,Weekday,55.36,12.26
B044,R01,19,38,Medium,Cloudy,Night,Weekday,46.03,7.33
B032,R07,10,18,High,Rain,Afternoon,Weekday,56.43,12.9
B046,R02,47,41,Low,Clear,Evening,Weekend,37.5,4.31
B049,R08,35,31,Medium,Cloudy,Morning,Weekday,57.86,8.39
B021,R08,32,47,Low,Clear,Evening,Weekday,39.06,7.65
B035,R03,12,38,Medium,Clear,Afternoon,Weekend,45.38,5.65
B032,R07,33,17,Low,Rain,Afternoon,Weekend,29.59,9.03
B030,R01,25,25,Low,Rain,Afternoon,Weekend,33.98,4.74
B039,R08,21,42,Low,Cloudy,Afternoon,Weekday,30.56,1.09
B049,R03,60,46,Low,Clear,Morning,Weekday,50.8,9.95
B012,R01,53,8,High,Rain,Evening,Weekday,95.55,16.16
B041,R02,28,28,Medium,Clear,Night,Weekday,58.09,4.98
B047,R07,54,31,High,Clear,Night,Weekday,86.33,9.9
B018,R06,40,40,Medium,Cloudy,Morning,Weekday,53.37,6.35
B021,R05,35,29,Low,Clear,Evening,Weekend,44.22,5.15
B013,R02,51,24,Low,Rain,Evening,Weekend,36.67,9.3
B021,R08,38,25,Low,Clear,Night,Weekday,37.59,4.17
B008,R04,6,24,Low,Clear,Morning,Weekday,17.0,1.53
B046,R06,46,33,Medium,Cloudy,Night,Weekday,60.96,8.94
B040,R04,7,12,Medium,Cloudy,Morning,Weekday,43.05,8.54
B046,R01,34,31,Medium,Clear,Afternoon,Weekend,50.42,7.91
B007,R04,12,43,Low,Clear,Evening,Weekday,13.75,5.9
B023,R06,56,39,Low,Cloudy,Evening,Weekday,43.17,5.19
B044,R06,11,49,Low,Clear,Evening,Weekday,18.73,5.28
B032,R02,16,34,Low,Clear,Evening,Weekend,23.22,7.84
B011,R03,23,19,High,Cloudy,Evening,Weekend,70.09,10.65
B022,R02,30,48,Low,Clear,Evening,Weekend,42.61,4.07
B022,R01,32,14,Medium,Rain,Afternoon,Weekday,53.01,9.1
B043,R08,19,35,Medium,Cloudy,Evening,Weekday,46.85,7.69
B025,R04,18,39,Low,Rain,Afternoon,Weekday,28.48,5.16
B022,R03,52,11,High,Clear,Evening,Weekday,89.31,12.88
B028,R07,18,8,Medium,Rain,Evening,Weekday,51.81,9.9
B029,R05,7,41,Low,Clear,Morning,Weekend,13.91,2.47
B013,R06,54,10,High,Clear,Evening,Weekday,81.78,14.66
B018,R03,33,42,Low,Clear,Night,Weekday,42.04,4.98
B002,R08,58,20,Low,Clear,Morning,Weekend,46.39,7.52
B029,R07,10,23,High,Clear,Morning,Weekday,69.82,8.56
B021,R03,53,41,Medium,Clear,Morning,Weekday,70.09,11.4
B015,R02,27,42,Low,Clear,Night,Weekday,22.28,7.78
B027,R07,32,25,Low,Clear,Afternoon,Weekend,27.72,3.22
B050,R05,18,34,High,Cloudy,Morning,Weekday,67.33,11.19
B031,R08,18,32,Low,Clear,Morning,Weekday,31.0,4.68
B015,R06,24,31,Low,Cloudy,Morning,Weekend,30.66,6.58
B023,R08,17,30,Medium,Cloudy,Evening,Weekday,47.53,5.26
B024,R01,31,22,High,Rain,Afternoon,Weekend,75.67,10.45
B044,R01,39,45,Low,Clear,Night,Weekday,39.0,5.05
B013,R03,49,13,High,Rain,Night,Weekday,84.34,14.4
B022,R07,60,16,Medium,Cloudy,Afternoon,Weekday,58.15,8.19
B043,R03,6,31,Medium,Rain,Afternoon,Weekday,41.44,9.75
B037,R04,45,35,Medium,Clear,Afternoon,Weekday,60.9,7.47
B033,R05,49,18,High,Cloudy,Evening,Weekday,79.16,10.72
B003,R06,44,26,Low,Rain,Morning,Weekday,38.17,8.78
B019,R03,52,22,Low,Clear,Evening,Weekday,37.66,11.59
B023,R04,28,8,High,Cloudy,Afternoon,Weekday,75.93,11.16
B029,R07,33,35,Medium,Rain,Evening,Weekend,50.74,9.96
B030,R05,7,36,Medium,Cloudy,Night,Weekday,42.9,3.72
B039,R06,49,25,Medium,Clear,Evening,Weekday,62.05,9.7
B044,R01,8,19,Medium,Cloudy,Afternoon,Weekday,43.07,7.69
B047,R04,54,14,High,Clear,Morning,Weekday,91.55,13.52
B025,R07,6,21,High,Rain,Evening,Weekend,59.33,12.65
B037,R05,24,26,Medium,Clear,Afternoon,Weekend,51.5,5.46
B047,R04,58,32,Low,Clear,Evening,Weekend,52.19,4.7
B008,R03,57,16,Medium,Clear,Night,Weekday,69.27,9.46
B042,R02,19,24,Medium,Cloudy,Evening,Weekday,45.53,9.38
B016,R01,53,8,Medium,Rain,Evening,Weekday,58.75,13.26
B008,R03,36,24,Medium,Clear,Morning,Weekday,53.82,9.3
B001,R03,46,30,Low,Clear,Evening,Weekend,43.91,7.39
B044,R07,5,20,Medium,Clear,Evening,Weekend,42.27,8.69
B005,R07,42,8,Medium,Rain,Night,Weekday,64.19,13.37
B003,R05,39,20,High,Clear,Night,Weekday,77.84,6.68
B001,R07,55,26,Medium,Clear,Night,Weekday,63.63,9.41
B004,R04,11,46,Low,Cloudy,Morning,Weekend,18.07,1.62
B040,R01,49,42,Medium,Clear,Night,Weekday,58.44,5.62
B035,R03,17,21,High,Clear,Night,Weekday,63.26,11.03
B032,R05,53,27,Medium,Clear,Evening,Weekend,73.05,7.7
B042,R08,5,28,Medium,Rain,Evening,Weekend,36.59,11.38
B034,R08,18,8,Medium,Rain,Morning,Weekday,43.15,11.79
B043,R01,33,25,Low,Cloudy,Night,Weekday,32.94,8.37
B025,R07,7,15,High,Clear,Afternoon,Weekend,68.66,6.42
B010,R07,50,24,Low,Clear,Evening,Weekday,47.36,8.74
B021,R04,28,36,Medium,Clear,Afternoon,Weekday,52.72,2.61
B046,R07,5,43,Low,Cloudy,Afternoon,Weekday,14.59,3.7
B039,R08,52,36,Low,Cloudy,Night,Weekend,45.34,2.51
B027,R03,14,23,Medium,Rain,Afternoon,Weekend,50.5,8.44
B027,R08,17,41,Medium,Clear,Morning,Weekend,54.66,5.18
B002,R06,40,23,Medium,Cloudy,Morning,Weekday,48.28,12.57
B041,R03,13,16,Medium,Cloudy,Evening,Weekday,41.8,9.15
B048,R03,18,39,Medium,Clear,Afternoon,Weekday,48.64,8.71
B013,R07,40,35,Medium,Cloudy,Morning,Weekend,65.4,6.39
B009,R01,14,11,Medium,Rain,Morning,Weekday,39.56,7.28
B036,R07,44,8,Medium,Rain,Afternoon,Weekday,55.64,13.36
B022,R01,27,41,Medium,Cloudy,Morning,Weekday,50.29,6.06
B042,R01,39,23,Medium,Clear,Afternoon,Weekend,51.61,8.99
B026,R08,59,19,High,Rain,Morning,Weekend,78.79,14.02
B012,R01,11,24,Low,Cloudy,Afternoon,Weekend,35.21,5.22
B017,R05,46,25,High,Clear,Morning,Weekday,80.85,13.08
B014,R02,39,27,Low,Clear,Morning,Weekend,35.35,10.03
B014,R07,6,24,Low,Clear,Morning,Weekday,16.18,8.22
B034,R05,19,35,Low,Clear,Night,Weekend,28.42,4.05
B020,R03,13,20,Medium,Cloudy,Night,Weekday,42.86,8.82
B011,R05,51,20,Low,Clear,Morning,Weekday,48.54,9.88
B016,R04,21,8,High,Clear,Night,Weekday,64.23,11.35
B031,R06,43,8,High,Clear,Afternoon,Weekday,80.51,14.52
B006,R01,56,28,Medium,Clear,Night,Weekday,66.79,8.26
B019,R07,22,12,Medium,Clear,Evening,Weekday,52.77,10.75
B037,R04,19,18,High,Clear,Evening,Weekday,67.68,10.85
B004,R07,22,8,High,Clear,Morning,Weekday,72.97,16.29
B047,R08,28,20,Medium,Cloudy,Night,Weekday,54.57,7.65
B004,R06,27,29,Medium,Clear,Evening,Weekend,56.88,8.89
B020,R04,16,17,Medium,Cloudy,Morning,Weekend,50.04,6.94
B010,R07,27,32,Medium,Clear,Evening,Weekend,51.67,7.5
B024,R03,25,31,Low,Clear,Morning,Weekday,39.88,8.35
B035,R01,30,25,Medium,Clear,Evening,Weekend,51.53,8.61
B026,R04,12,26,Low,Clear,Evening,Weekend,32.76,7.97
B037,R03,34,18,Medium,Clear,Night,Weekday,61.53,9.76
B038,R01,38,30,Medium,Clear,Morning,Weekday,61.51,9.06
B021,R02,6,9,High,Clear,Evening,Weekday,62.11,10.59
B040,R03,9,34,High,Cloudy,Morning,Weekday,60.56,9.99
B039,R05,35,14,Medium,Clear,Night,Weekend,58.06,8.33
B021,R07,37,20,Medium,Rain,Evening,Weekday,59.01,13.0
B010,R08,58,28,Low,Rain,Afternoon,Weekday,48.07,9.83
B038,R01,8,29,Medium,Cloudy,Afternoon,Weekday,46.29,5.55
B046,R04,10,24,Low,Clear,Afternoon,Weekday,29.11,6.27
B004,R06,27,32,Low,Rain,Morning,Weekday,28.92,9.96
B045,R04,49,40,Medium,Clear,Night,Weekday,60.78,6.21
B020,R05,23,23,Low,Clear,Morning,Weekday,24.75,6.67
B017,R07,47,35,Low,Clear,Morning,Weekday,44.96,7.3
B007,R05,49,8,High,Rain,Afternoon,Weekday,91.94,13.52
B004,R04,12,43,Low,Clear,Night,Weekend,19.01,1.68
B029,R08,43,25,Low,Rain,Evening,Weekend,37.31,11.58
B014,R07,17,33,Low,Clear,Morning,Weekday,21.27,7.68
B003,R06,5,29,Low,Rain,Afternoon,Weekday,19.47,8.09
B024,R01,10,15,Low,Rain,Morning,Weekday,14.29,8.24
B037,R07,11,21,High,Rain,Morning,Weekday,70.95,15.94
B016,R03,52,22,Low,Clear,Night,Weekday,49.36,7.6
B004,R07,31,13,High,Rain,Evening,Weekday,76.42,14.91
B024,R05,19,25,Low,Rain,Morning,Weekend,34.0,9.81
B034,R05,56,32,Medium,Clear,Morning,Weekday,72.23,9.61
B030,R05,38,31,Medium,Clear,Evening,Weekend,58.67,4.32
B018,R06,27,21,Medium,Cloudy,Night,Weekday,46.76,8.4
B019,R07,52,40,Medium,Clear,Morning,Weekday,62.21,10.62
B031,R08,53,27,High,Cloudy,Night,Weekday,86.06,10.93
B019,R08,28,46,Low,Clear,Night,Weekday,30.11,1.45
B049,R07,19,23,Medium,Clear,Morning,Weekday,58.14,10.3
B046,R08,39,30,High,Clear,Evening,Weekend,80.29,10.97
B019,R02,8,28,Low,Clear,Morning,Weekday,24.52,6.89
B022,R06,48,45,Low,Clear,Morning,Weekday,48.74,4.33
B024,R01,41,33,Low,Rain,Afternoon,Weekend,41.88,6.47
B045,R01,21,12,Medium,Clear,Evening,Weekday,49.17,8.83
B012,R01,35,16,Low,Rain,Afternoon,Weekday,45.07,10.78
B030,R01,42,38,Low,Cloudy,Evening,Weekday,43.17,8.15
B038,R01,14,17,Medium,Clear,Morning,Weekday,44.53,8.35
B031,R08,58,26,Medium,Clear,Night,Weekday,69.89,7.72
B036,R04,54,37,Low,Clear,Afternoon,Weekday,44.35,5.53
B019,R05,31,24,Low,Clear,Afternoon,Weekday,31.4,6.55
B048,R06,46,19,Medium,Clear,Afternoon,Weekday,66.95,10.25
B045,R04,10,14,High,Clear,Afternoon,Weekend,62.49,7.31
B036,R06,60,9,Medium,Rain,Evening,Weekday,66.16,15.32
B030,R02,10,24,High,Clear,Night,Weekday,65.9,8.33
B049,R07,56,19,Medium,Cloudy,Night,Weekday,73.24,4.9
B033,R03,19,23,Low,Rain,Morning,Weekday,19.0,8.92
B018,R05,8,25,Medium,Rain,Morning,Weekday,40.38,11.52
B049,R02,52,16,High,Rain,Afternoon,Weekday,74.83,12.48
B028,R04,58,14,Medium,Rain,Morning,Weekend,52.08,13.32
B047,R03,60,12,High,Clear,Morning,Weekday,90.24,14.39
B011,R07,44,8,High,Rain,Evening,Weekday,75.41,17.75
B045,R02,11,29,Low,Rain,Morning,Weekend,29.33,6.33
B033,R07,55,23,Low,Clear,Morning,Weekday,41.5,10.42
B017,R07,53,45,Low,Clear,Morning,Weekend,49.44,5.87
B006,R08,57,23,Medium,Clear,Night,Weekday,69.95,6.68
B004,R06,49,38,Low,Clear,Night,Weekend,39.82,4.36
B020,R03,51,28,High,Clear,Morning,Weekday,82.98,11.26
B048,R06,30,38,Low,Cloudy,Afternoon,Weekend,35.87,3.15
B047,R07,35,38,Low,Cloudy,Night,Weekday,40.15,3.3
B027,R08,6,45,Low,Clear,Evening,Weekday,29.82,5.8
B015,R02,32,32,High,Clear,Evening,Weekday,77.07,11.03
B006,R07,46,18,Medium,Cloudy,Evening,Weekend,62.77,9.17
B047,R04,17,16,High,Clear,Morning,Weekday,68.62,9.87
B014,R07,22,31,High,Clear,Afternoon,Weekday,69.72,6.05
B011,R06,34,13,Medium,Cloudy,Evening,Weekend,54.66,12.24
B039,R03,59,46,Low,Clear,Afternoon,Weekday,44.83,5.08
B009,R02,15,27,Low,Clear,Evening,Weekday,29.43,8.43
B026,R06,17,25,Low,Clear,Afternoon,Weekend,24.29,6.15
B016,R07,55,39,Medium,Cloudy,Morning,Weekday,68.36,10.74
B005,R04,28,30,Low,Cloudy,Morning,Weekend,33.83,7.03
B010,R05,33,47,Low,Clear,Evening,Weekday,39.71,6.7
B050,R08,60,41,Medium,Clear,Evening,Weekday,71.18,7.17
B003,R04,58,20,Medium,Cloudy,Night,Weekday,65.12,11.68
B013,R07,9,12,Medium,Rain,Evening,Weekend,38.95,9.79
B043,R04,39,31,Medium,Cloudy,Night,Weekend,64.69,8.92
B049,R08,23,20,High,Rain,Night,Weekday,69.39,11.78
B030,R05,59,31,Medium,Clear,Morning,Weekday,76.49,11.46
B045,R04,17,46,Low,Cloudy,Morning,Weekday,15.39,6.58
B006,R05,9,11,High,Rain,Night,Weekend,65.41,11.92
B017,R07,48,24,High,Cloudy,Evening,Weekday,88.28,12.93
B045,R05,18,39,Low,Rain,Night,Weekday,29.44,6.63
B019,R06,42,37,Medium,Clear,Evening,Weekend,62.06,8.39
B042,R06,26,15,Medium,Rain,Morning,Weekend,55.86,11.5
B035,R05,13,34,Low,Cloudy,Evening,Weekday,30.63,6.84
B046,R02,53,19,High,Rain,Night,Weekend,89.52,12.3
B026,R03,44,41,Low,Clear,Evening,Weekend,48.14,4.28
B005,R02,30,8,High,Cloudy,Night,Weekend,72.64,9.33
B029,R05,49,20,Medium,Rain,Evening,Weekday,72.85,14.1
B037,R03,9,13,Medium,Clear,Night,Weekday,39.33,7.72
B020,R06,33,49,Low,Cloudy,Morning,Weekend,41.29,4.71
B049,R03,58,43,Low,Rain,Night,Weekday,50.97,7.27
B021,R05,26,34,Low,Clear,Morning,Weekday,44.21,7.48
B010,R06,53,24,Low,Clear,Night,Weekday,47.99,7.94
B005,R03,7,34,Low,Cloudy,Night,Weekday,26.94,0.87
B036,R03,32,29,High,Clear,Afternoon,Weekday,67.74,7.02
B006,R02,42,34,Medium,Clear,Afternoon,Weekend,65.27,6.29
B026,R03,18,14,High,Clear,Afternoon,Weekday,70.41,10.75
B004,R07,51,40,Medium,Clear,Afternoon,Weekday,69.18,7.89
B039,R05,18,9,High,Clear,Evening,Weekday,64.24,12.19
B039,R01,47,9,High,Clear,Morning,Weekday,81.01,14.31
B050,R01,15,24,Low,Cloudy,Morning,Weekday,28.41,7.89
B035,R01,13,33,High,Cloudy,Afternoon,Weekend,66.14,6.98
B001,R05,42,41,Medium,Cloudy,Evening,Weekday,62.36,8.79
B024,R01,51,34,High,Clear,Night,Weekday,86.33,7.76
B036,R02,48,36,Medium,Clear,Night,Weekend,61.52,6.79
B006,R05,10,12,Medium,Clear,Morning,Weekday,43.8,10.38
B041,R07,5,32,Low,Rain,Morning,Weekday,18.77,7.36
B046,R06,29,26,Low,Cloudy,Evening,Weekday,48.29,7.94
B044,R07,20,20,Medium,Rain,Night,Weekday,51.7,10.8
B031,R05,56,20,High,Clear,Evening,Weekday,96.78,14.35
B020,R05,19,40,Medium,Cloudy,Night,Weekend,44.3,4.7
B024,R03,38,47,Low,Clear,Afternoon,Weekday,38.56,3.27
B025,R03,21,23,High,Rain,Afternoon,Weekday,68.27,11.39
B036,R03,7,18,High,Clear,Evening,Weekday,65.48,11.68
B021,R08,7,39,Low,Clear,Morning,Weekday,24.52,5.81
B030,R08,41,41,Low,Clear,Evening,Weekend,34.82,3.85
B024,R04,21,29,Low,Cloudy,Evening,Weekday,32.88,6.81
B044,R08,59,11,High,Clear,Night,Weekday,90.84,10.34
B042,R02,53,26,High,Clear,Night,Weekday,87.97,10.49
B030,R05,56,47,Low,Clear,Night,Weekend,53.76,4.82
B022,R07,42,21,Low,Rain,Night,Weekday,45.74,10.83
B028,R05,5,34,High,Clear,Morning,Weekday,70.63,11.27
B007,R03,11,19,High,Rain,Morning,Weekday,67.19,14.06
B035,R05,30,15,High,Rain,Afternoon,Weekend,79.57,11.28
B028,R06,51,14,Medium,Rain,Evening,Weekday,64.55,13.25
B014,R08,43,32,Low,Rain,Afternoon,Weekday,42.46,9.15
B010,R05,23,8,Medium,Rain,Night,Weekday,54.41,12.53
B016,R07,56,44,Low,Clear,Evening,Weekday,45.53,5.7
B016,R01,58,34,High,Clear,Night,Weekday,89.31,13.58
B031,R06,34,22,Medium,Cloudy,Evening,Weekday,50.59,10.84
B042,R06,47,14,High,Clear,Morning,Weekend,89.67,12.92
B025,R05,59,19,Medium,Clear,Night,Weekend,75.82,9.13
B013,R04,18,13,High,Cloudy,Evening,Weekend,62.93,9.51
B006,R03,17,48,Low,Cloudy,Evening,Weekday,34.29,4.98
B044,R02,24,13,Medium,Rain,Night,Weekend,56.84,8.86
B009,R02,30,21,Medium,Cloudy,Morning,Weekday,56.6,7.09
B045,R01,31,29,Low,Cloudy,Morning,Weekday,37.11,5.38
B036,R02,29,21,High,Clear,Morning,Weekday,77.36,14.02
B043,R02,13,16,Medium,Clear,Evening,Weekday,39.93,9.52
B020,R03,45,9,Medium,Rain,Morning,Weekday,74.02,14.98
B018,R08,52,10,High,Clear,Evening,Weekday,75.15,12.83
B043,R03,16,23,High,Clear,Afternoon,Weekday,60.69,8.13
B021,R04,14,31,Medium,Cloudy,Morning,Weekday,52.31,10.42
B004,R07,10,11,High,Clear,Night,Weekday,69.59,9.64
B050,R01,54,36,Low,Clear,Night,Weekend,55.52,4.74
B033,R02,38,25,Low,Clear,Night,Weekend,39.52,5.71
B027,R04,56,36,Medium,Clear,Night,Weekend,63.38,7.91
B007,R01,45,24,Medium,Clear,Afternoon,Weekend,62.83,6.68
B006,R06,23,17,Medium,Rain,Afternoon,Weekend,55.76,6.38
B015,R02,10,32,Low,Clear,Morning,Weekday,21.53,7.87
B018,R02,6,27,Medium,Clear,Morning,Weekend,37.67,7.82
B032,R03,19,34,High,Clear,Night,Weekday,69.66,7.12
B011,R05,21,13,Medium,Clear,Night,Weekend,46.89,7.16
B020,R01,20,8,High,Rain,Night,Weekday,69.13,15.05
B024,R02,32,13,High,Clear,Evening,Weekday,72.91,15.01
B015,R08,25,22,Low,Rain,Morning,Weekend,35.41,8.54
B048,R01,12,44,Low,Clear,Night,Weekday,23.75,6.0
B007,R07,14,43,Low,Rain,Night,Weekday,24.41,6.42
B021,R08,14,14,High,Clear,Night,Weekday,70.53,8.74
B042,R04,54,47,Low,Clear,Afternoon,Weekday,41.45,4.41
B026,R08,14,39,Low,Clear,Afternoon,Weekend,22.47,5.9
B044,R04,13,34,High,Cloudy,Afternoon,Weekday,68.19,9.07
B014,R05,32,36,Medium,Clear,Evening,Weekday,51.63,7.58
B037,R02,28,43,Low,Clear,Evening,Weekend,40.5,7.03
B021,R08,23,21,Low,Rain,Morning,Weekend,26.23,10.64
B018,R07,37,16,High,Clear,Night,Weekday,77.9,9.98
B005,R03,8,16,High,Clear,Morning,Weekend,59.66,10.64
B003,R02,60,41,Low,Rain,Morning,Weekday,57.31,12.05
B023,R01,7,13,Medium,Clear,Afternoon,Weekday,38.22,6.1
B026,R06,46,22,High,Rain,Night,Weekend,92.59,9.26
B037,R04,16,8,High,Clear,Afternoon,Weekend,68.42,8.39
B024,R01,22,34,High,Clear,Afternoon,Weekday,70.08,5.92
B049,R05,27,37,Medium,Clear,Night,Weekday,43.07,4.85
B019,R04,24,21,High,Rain,Morning,Weekday,80.33,15.39
B025,R03,10,17,Low,Rain,Morning,Weekend,27.54,7.57
B021,R04,57,24,Low,Rain,Afternoon,Weekend,42.4,8.56
B012,R06,38,31,Medium,Clear,Night,Weekday,56.39,8.73
B041,R08,46,12,Medium,Rain,Morning,Weekday,54.73,15.26
B033,R07,6,9,High,Clear,Evening,Weekday,59.11,12.44
B050,R08,34,37,Low,Clear,Morning,Weekend,36.43,2.49
B004,R02,13,8,High,Rain,Night,Weekday,74.68,12.7
B042,R06,31,47,Low,Clear,Night,Weekday,47.96,5.43
B007,R07,46,32,Medium,Clear,Night,Weekday,65.67,8.13
B022,R06,38,42,Low,Clear,Afternoon,Weekday,31.22,5.78
B033,R02,44,31,Medium,Cloudy,Morning,Weekday,73.65,8.37
B017,R04,28,36,Medium,Clear,Evening,Weekday,45.14,8.98
B024,R05,53,13,Medium,Clear,Afternoon,Weekday,70.79,10.67
B034,R02,21,40,Low,Rain,Morning,Weekend,30.83,9.58
B028,R02,33,21,Medium,Clear,Night,Weekday,62.66,7.28
B043,R07,40,28,High,Clear,Morning,Weekday,76.22,10.27
B041,R03,54,39,Low,Cloudy,Night,Weekday,52.17,8.21
B039,R08,16,18,Low,Rain,Night,Weekday,35.26,7.99
B022,R04,35,24,Low,Clear,Morning,Weekday,39.55,8.11
B049,R02,53,19,High,Cloudy,Morning,Weekday,86.57,12.89
B017,R05,13,14,Medium,Clear,Evening,Weekend,51.6,8.99
B034,R01,23,42,Low,Clear,Morning,Weekend,38.21,7.77
B006,R04,50,8,High,Clear,Morning,Weekend,82.67,11.92
B046,R03,50,12,Medium,Clear,Afternoon,Weekday,61.83,10.83
B006,R06,21,33,Low,Clear,Night,Weekend,27.28,3.37
B034,R02,6,10,High,Rain,Night,Weekend,51.76,14.14
B001,R05,44,35,Medium,Cloudy,Evening,Weekday,66.67,8.33
B010,R04,9,23,Medium,Rain,Afternoon,Weekday,44.47,10.55
B021,R05,43,17,Medium,Cloudy,Evening,Weekday,60.08,7.45
B005,R05,58,15,High,Clear,Morning,Weekday,86.78,12.58
B002,R08,52,37,Low,Clear,Evening,Weekend,48.19,7.76
B022,R07,20,21,Low,Rain,Night,Weekday,26.69,6.24
B048,R06,21,39,Low,Cloudy,Afternoon,Weekday,34.99,3.96
B002,R03,58,19,High,Rain,Morning,Weekday,87.11,20.0
B010,R08,31,42,Medium,Clear,Afternoon,Weekday,49.76,4.88
B034,R04,11,36,Medium,Clear,Afternoon,Weekend,48.52,5.57
B016,R02,56,32,Low,Clear,Evening,Weekday,43.65,6.28
B048,R03,12,38,Medium,Clear,Morning,Weekday,45.65,5.92
B039,R02,12,22,High,Clear,Afternoon,Weekday,70.68,9.76
B022,R01,27,24,Medium,Clear,Afternoon,Weekend,53.74,6.43
B012,R05,36,22,High,Cloudy,Evening,Weekday,78.54,10.86
B024,R01,47,38,Low,Clear,Afternoon,Weekend,41.31,3.94
B047,R07,51,33,High,Clear,Night,Weekday,86.34,11.46
B040,R05,22,50,Low,Cloudy,Night,Weekday,27.88,3.34
B038,R06,42,32,Medium,Clear,Morning,Weekday,63.64,10.08
B010,R03,58,13,High,Cloudy,Morning,Weekday,87.32,10.56
B035,R02,16,9,High,Clear,Evening,Weekday,67.06,11.5
B049,R08,19,15,Low,Rain,Afternoon,Weekday,24.47,8.22
B032,R07,32,37,Medium,Cloudy,Evening,Weekday,58.59,7.81
B007,R06,59,28,Low,Rain,Evening,Weekday,46.78,11.23
B021,R02,42,12,High,Clear,Night,Weekday,75.53,10.66
B020,R03,54,28,Medium,Clear,Afternoon,Weekday,64.41,9.61
B026,R04,60,34,Medium,Clear,Night,Weekend,74.07,8.94
B004,R07,35,46,Low,Clear,Night,Weekday,40.4,3.59
B046,R01,56,12,High,Clear,Morning,Weekday,76.81,14.98
B022,R01,13,16,Medium,Cloudy,Evening,Weekday,43.03,8.75
B015,R08,12,38,Low,Clear,Night,Weekday,33.19,4.42
B040,R02,50,40,Medium,Cloudy,Morning,Weekday,71.28,6.9
B021,R02,23,34,Low,Cloudy,Morning,Weekday,25.23,6.07
B015,R02,55,21,Medium,Cloudy,Afternoon,Weekend,71.99,10.41
B022,R07,12,8,High,Clear,Afternoon,Weekend,58.81,9.45
B028,R03,38,20,High,Rain,Night,Weekday,74.82,12.43
B014,R04,8,23,Medium,Clear,Morning,Weekday,38.65,5.58
B027,R01,35,17,High,Clear,Morning,Weekday,81.19,11.84
B041,R06,42,19,Medium,Rain,Morning,Weekday,61.17,12.9
B040,R05,7,38,Low,Clear,Evening,Weekday,26.03,5.33
B028,R07,39,34,High,Cloudy,Morning,Weekend,69.7,9.24
B026,R07,23,24,Low,Clear,Evening,Weekday,35.92,7.64
B049,R03,47,31,Low,Clear,Afternoon,Weekday,51.68,6.25
B002,R01,33,8,High,Clear,Night,Weekday,77.7,10.81
B025,R08,14,34,Low,Clear,Afternoon,Weekend,36.93,5.4
B003,R04,16,33,High,Clear,Night,Weekday,72.35,6.85
B008,R03,50,18,High,Clear,Morning,Weekday,94.03,14.78
B044,R06,34,23,Medium,Cloudy,Night,Weekday,55.85,7.72
B033,R01,34,34,Low,Cloudy,Night,Weekday,38.6,6.24
B042,R03,22,10,Medium,Rain,Afternoon,Weekday,47.61,12.78
B035,R01,28,40,Low,Rain,Night,Weekday,26.74,7.51
B006,R01,36,28,Medium,Clear,Morning,Weekday,53.94,9.25
B039,R08,13,19,High,Rain,Evening,Weekend,67.92,13.12
B023,R07,51,26,Medium,Clear,Morning,Weekday,59.2,7.15
B025,R04,28,26,Medium,Clear,Night,Weekday,54.57,3.66
B050,R07,30,22,Medium,Cloudy,Afternoon,Weekday,44.12,9.17
B043,R05,7,41,Medium,Clear,Morning,Weekday,41.85,6.61
B019,R04,27,25,High,Cloudy,Night,Weekend,74.8,7.2
B005,R01,15,31,Low,Clear,Afternoon,Weekday,23.98,5.25
B011,R03,14,25,High,Clear,Evening,Weekday,65.43,10.72
B012,R06,54,30,Medium,Clear,Afternoon,Weekday,66.9,6.42
B010,R08,40,20,Low,Clear,Night,Weekend,38.05,7.22
B008,R04,17,28,Low,Rain,Afternoon,Weekday,29.93,9.44
B024,R05,33,15,Medium,Rain,Night,Weekday,48.05,11.54
B028,R01,42,42,Medium,Clear,Afternoon,Weekday,55.07,7.17
B041,R06,57,20,Low,Clear,Afternoon,Weekday,43.37,7.46
B036,R04,17,26,High,Clear,Afternoon,Weekend,67.44,8.18
B037,R07,30,8,Medium,Rain,Night,Weekday,64.04,12.18
B021,R07,24,33,High,Clear,Afternoon,Weekday,74.9,8.02
B008,R04,9,18,Low,Rain,Night,Weekday,15.92,9.42
B009,R04,24,23,Low,Cloudy,Morning,Weekday,33.04,7.68
B047,R04,18,36,Low,Rain,Evening,Weekday,26.24,10.3
B015,R06,49,47,Low,Cloudy,Morning,Weekend,42.23,7.39
B048,R07,18,28,High,Cloudy,Evening,Weekday,65.36,10.93
B046,R03,12,21,Low,Cloudy,Night,Weekday,24.6,6.1
B040,R05,52,21,Medium,Rain,Morning,Weekday,57.06,13.97
B018,R05,17,13,Low,Rain,Evening,Weekend,27.89,10.05
B042,R08,28,42,Medium,Cloudy,Evening,Weekday,55.58,7.84
B020,R01,19,33,High,Cloudy,Morning,Weekday,65.49,10.29
B006,R02,55,17,Medium,Rain,Morning,Weekend,64.85,14.39
B012,R03,5,16,Medium,Rain,Night,Weekday,36.53,6.39
B002,R07,26,47,Low,Cloudy,Evening,Weekday,30.97,7.2
B007,R01,38,26,High,Clear,Night,Weekday,79.45,10.07
B016,R08,54,40,Medium,Clear,Night,Weekday,66.05,6.78
B003,R01,55,34,Medium,Rain,Afternoon,Weekday,70.77,11.88
B045,R04,44,13,Medium,Clear,Night,Weekend,66.77,6.51
B003,R02,7,22,High,Clear,Evening,Weekday,60.55,10.32
B027,R07,59,23,Medium,Clear,Afternoon,Weekday,68.34,11.09
B050,R02,30,15,Medium,Cloudy,Night,Weekday,49.48,5.76
B043,R03,18,36,Medium,Cloudy,Night,Weekday,46.59,7.19
B040,R02,45,45,Low,Clear,Evening,Weekend,42.76,8.16
B038,R01,12,29,Medium,Clear,Afternoon,Weekday,49.77,8.42
B033,R02,53,41,Medium,Cloudy,Morning,Weekend,66.01,8.54
B028,R02,59,30,Medium,Rain,Morning,Weekend,71.04,10.12
B001,R05,59,13,Medium,Clear,Afternoon,Weekend,62.81,10.26
B008,R07,60,48,Low,Clear,Afternoon,Weekday,51.22,4.42
B037,R07,20,8,High,Cloudy,Afternoon,Weekday,65.65,10.33
B032,R01,46,27,High,Rain,Afternoon,Weekday,90.85,12.5
B048,R06,25,27,High,Cloudy,Morning,Weekday,81.57,8.89
B043,R02,14,49,Low,Cloudy,Night,Weekday,34.71,5.38
B037,R02,29,35,Medium,Rain,Evening,Weekday,49.9,11.32
B004,R04,60,16,High,Clear,Morning,Weekend,93.28,11.91
B030,R07,42,35,Medium,Clear,Evening,Weekday,48.54,8.56
B006,R02,26,16,Medium,Cloudy,Morning,Weekday,58.35,8.8
B046,R07,53,15,High,Rain,Afternoon,Weekday,86.32,14.75
B019,R02,52,12,Medium,Cloudy,Morning,Weekday,56.89,12.18
B032,R05,51,8,Medium,Rain,Morning,Weekday,68.51,18.46
B009,R01,58,33,Low,Cloudy,Afternoon,Weekday,47.27,6.01
B012,R07,50,28,Low,Cloudy,Night,Weekday,43.25,5.92
B011,R03,8,27,Low,Clear,Afternoon,Weekday,26.63,6.62
B046,R01,8,29,High,Clear,Night,Weekday,68.99,9.66
B016,R04,34,22,Medium,Cloudy,Morning,Weekday,58.33,9.27
B001,R01,6,15,Medium,Clear,Morning,Weekday,31.51,9.67
B045,R02,33,32,High,Clear,Evening,Weekday,77.82,13.5
B021,R04,47,8,Medium,Rain,Evening,Weekday,58.31,12.55
B030,R01,40,9,Medium,Rain,Morning,Weekday,62.39,12.37
B013,R08,25,43,Low,Clear,Evening,Weekday,34.11,7.0
B034,R04,25,17,High,Cloudy,Night,Weekend,70.87,8.03
B004,R08,52,29,Low,Clear,Afternoon,Weekday,45.25,5.62
B028,R03,25,25,Low,Clear,Morning,Weekday,23.22,9.14
B038,R01,8,29,Low,Cloudy,Morning,Weekend,31.73,5.92
B031,R07,5,50,Low,Cloudy,Evening,Weekday,23.76,4.92
B027,R07,30,30,Low,Clear,Morning,Weekday,35.89,5.93
B005,R06,60,31,Medium,Clear,Morning,Weekend,71.13,9.57
B025,R02,55,27,Low,Clear,Night,Weekday,38.08,8.6
B003,R08,6,8,Medium,Rain,Night,Weekend,47.48,7.76
B033,R04,13,40,Low,Cloudy,Afternoon,Weekday,24.05,2.29
B004,R06,59,37,Low,Clear,Morning,Weekday,49.64,8.72
B025,R06,49,37,Medium,Clear,Evening,Weekday,61.05,8.76
B020,R05,22,23,High,Cloudy,Afternoon,Weekday,64.42,8.23
B034,R08,52,34,High,Cloudy,Evening,Weekday,82.83,10.74
B026,R04,52,22,High,Rain,Morning,Weekend,84.59,14.85
B005,R06,46,25,Medium,Clear,Evening,Weekday,62.47,11.53
B035,R05,45,30,Medium,Rain,Evening,Weekend,59.52,12.09
B028,R06,15,14,Medium,Clear,Afternoon,Weekday,46.5,7.44
B029,R02,29,23,Medium,Clear,Morning,Weekend,52.52,7.2
B009,R03,30,34,Low,Clear,Afternoon,Weekday,27.67,4.38
B038,R08,40,39,Medium,Clear,Morning,Weekday,59.36,7.25
B050,R05,46,28,Medium,Rain,Night,Weekday,62.36,10.11
B006,R03,39,19,Medium,Cloudy,Afternoon,Weekday,55.55,8.69
B019,R04,42,25,Medium,Cloudy,Morning,Weekday,65.18,10.89
B044,R02,7,42,Low,Clear,Night,Weekday,22.98,3.78
B011,R05,45,17,Medium,Clear,Night,Weekday,63.98,8.79
B002,R04,39,44,Low,Clear,Night,Weekday,34.73,7.39
B047,R06,54,17,High,Cloudy,Afternoon,Weekday,83.17,5.98
B044,R07,44,23,Low,Cloudy,Night,Weekday,40.16,7.68
B044,R01,26,39,Low,Clear,Morning,Weekday,26.49,7.0
B009,R04,12,9,High,Clear,Afternoon,Weekday,56.35,10.96
B021,R03,19,27,Medium,Clear,Evening,Weekend,55.88,9.59
B024,R02,49,29,Low,Rain,Night,Weekday,41.22,7.16
B034,R02,11,13,Medium,Clear,Afternoon,Weekend,44.39,8.43
B022,R04,23,37,Low,Clear,Evening,Weekend,32.57,6.34
B003,R06,44,32,Low,Clear,Afternoon,Weekday,40.57,5.41
B012,R01,46,45,Low,Clear,Night,Weekend,36.99,4.98
B028,R08,21,31,Medium,Clear,Night,Weekday,55.35,7.23
B030,R03,5,19,High,Cloudy,Evening,Weekend,59.77,8.67
B026,R04,49,25,Medium,Rain,Morning,Weekday,67.35,9.52
B048,R04,33,24,Medium,Clear,Night,Weekday,63.47,6.03
B021,R07,17,33,Low,Clear,Evening,Weekday,21.93,5.77
B028,R02,60,49,Low,Cloudy,Night,Weekend,54.03,4.87
B026,R03,52,21,High,Cloudy,Morning,Weekday,86.49,10.14
B033,R01,33,27,Low,Clear,Evening,Weekday,31.94,8.58
B021,R02,45,8,High,Rain,Morning,Weekday,84.62,16.03
B035,R04,46,28,Medium,Rain,Night,Weekend,63.52,12.79
B034,R02,10,12,High,Clear,Evening,Weekday,61.94,12.38
B041,R02,9,34,Low,Cloudy,Afternoon,Weekday,34.02,1.34
B047,R05,38,48,Low,Cloudy,Morning,Weekday,40.91,7.7
B018,R02,15,30,High,Cloudy,Night,Weekday,62.03,7.23
B011,R06,13,12,High,Clear,Night,Weekday,68.15,8.51
B023,R02,42,39,Low,Clear,Morning,Weekend,40.09,5.57
B048,R08,44,13,High,Clear,Evening,Weekend,76.33,12.95
B022,R06,45,37,Low,Cloudy,Afternoon,Weekday,41.33,5.23
B017,R03,13,33,Low,Clear,Night,Weekend,28.44,3.69
B005,R02,12,38,Medium,Clear,Morning,Weekend,41.36,5.17
B044,R01,48,29,Medium,Cloudy,Morning,Weekend,57.01,6.95
B011,R06,44,19,High,Clear,Afternoon,Weekend,75.12,9.94
B030,R06,7,39,Medium,Cloudy,Afternoon,Weekday,36.88,3.47
B015,R04,17,24,Low,Clear,Night,Weekday,31.17,4.49
B027,R03,23,21,Medium,Clear,Afternoon,Weekday,53.54,7.34
B035,R02,38,39,Low,Clear,Morning,Weekday,34.39,7.05
B033,R07,36,10,Medium,Rain,Evening,Weekend,56.92,12.35
B020,R01,53,20,Medium,Cloudy,Evening,Weekday,59.94,10.64
B016,R04,20,42,Low,Clear,Morning,Weekend,26.76,2.89
B034,R03,40,20,Medium,Rain,Morning,Weekday,56.68,11.98
B002,R08,22,39,Medium,Cloudy,Morning,Weekday,52.5,7.49
B035,R06,18,41,Medium,Clear,Night,Weekday,54.89,6.66
B040,R01,34,22,Medium,Clear,Morning,Weekend,51.53,7.5
B028,R08,6,39,Low,Clear,Afternoon,Weekday,18.86,2.58
B047,R02,17,42,Low,Cloudy,Morning,Weekday,29.87,3.8
B039,R07,31,37,Low,Cloudy,Morning,Weekday,28.3,6.81
B006,R05,57,24,Low,Clear,Night,Weekend,43.93,5.63
B009,R05,56,39,Medium,Clear,Morning,Weekday,72.28,9.02
B020,R03,21,30,High,Clear,Afternoon,Weekend,76.62,7.13
B001,R07,35,20,Medium,Clear,Afternoon,Weekday,52.84,7.75
B008,R01,19,22,Medium,Clear,Afternoon,Weekday,45.37,6.69
B023,R04,24,41,Medium,Clear,Morning,Weekday,55.35,8.53
B003,R01,9,28,Low,Clear,Night,Weekend,29.29,3.98
B004,R07,11,8,High,Rain,Night,Weekday,63.97,14.9
B025,R08,22,11,High,Clear,Night,Weekday,67.47,9.94
B047,R06,60,16,Medium,Clear,Afternoon,Weekday,72.52,12.08
B038,R05,15,22,Low,Clear,Night,Weekend,29.09,4.21
B015,R03,36,32,High,Clear,Morning,Weekday,77.62,11.55
B021,R02,54,41,Low,Cloudy,Morning,Weekday,55.98,6.26
B035,R01,31,8,High,Cloudy,Evening,Weekday,76.54,13.73
B046,R05,30,32,High,Clear,Afternoon,Weekday,69.11,5.58
B014,R04,41,35,Low,Clear,Evening,Weekday,42.4,5.77
B036,R03,49,16,High,Clear,Evening,Weekday,80.88,11.61
B012,R02,32,8,High,Clear,Afternoon,Weekday,74.96,14.12
B017,R01,54,8,High,Cloudy,Afternoon,Weekday,90.64,13.5
B039,R04,6,40,Medium,Clear,Evening,Weekday,47.12,8.03
B009,R02,24,20,Low,Cloudy,Morning,Weekday,17.06,7.04
B035,R06,8,37,Medium,Cloudy,Evening,Weekend,40.96,6.09
B013,R05,17,19,Medium,Clear,Afternoon,Weekday,45.77,6.85
B015,R06,28,28,Low,Clear,Morning,Weekday,33.78,8.19
B018,R05,52,26,Medium,Rain,Evening,Weekend,61.4,12.24
B033,R04,42,16,Medium,Clear,Evening,Weekday,59.37,12.35
B006,R08,44,31,Low,Clear,Evening,Weekday,41.41,8.92
B027,R06,52,28,Low,Clear,Afternoon,Weekday,37.42,7.26
B023,R05,49,23,Low,Cloudy,Evening,Weekday,43.46,7.74
B027,R03,59,41,Medium,Clear,Afternoon,Weekday,74.18,6.5
B034,R04,33,21,Medium,Rain,Morning,Weekend,50.14,11.44
B046,R05,40,31,Low,Cloudy,Night,Weekday,40.55,6.49
B038,R01,6,9,High,Rain,Morning,Weekday,63.26,13.63
B014,R05,45,30,Low,Clear,Evening,Weekend,33.32,5.33
B036,R06,22,27,Medium,Rain,Afternoon,Weekday,49.12,10.16
B008,R03,53,20,High,Clear,Evening,Weekday,85.95,14.05
B035,R02,12,33,High,Clear,Morning,Weekday,72.14,8.09
B019,R08,19,27,Low,Rain,Night,Weekend,27.57,6.46
B030,R02,45,31,High,Clear,Night,Weekday,84.28,8.3
B014,R05,21,8,High,Rain,Afternoon,Weekday,66.87,14.53
B020,R02,27,15,Medium,Clear,Morning,Weekday,54.91,12.97
B049,R05,6,16,Medium,Rain,Morning,Weekday,47.29,13.53
B025,R03,10,22,Low,Clear,Afternoon,Weekday,16.63,3.07
B040,R02,33,31,Medium,Cloudy,Afternoon,Weekday,57.12,7.96
B024,R06,31,28,Medium,Clear,Afternoon,Weekday,58.09,8.43
B014,R06,41,25,High,Clear,Evening,Weekend,79.76,13.64
B026,R01,53,18,Medium,Cloudy,Evening,Weekend,67.63,9.41
B038,R05,38,18,Medium,Cloudy,Afternoon,Weekend,62.71,7.49
B023,R02,22,40,Low,Clear,Afternoon,Weekday,24.1,2.71
B022,R06,46,49,Low,Clear,Night,Weekday,44.88,2.7
B048,R07,14,45,Low,Clear,Night,Weekday,32.88,3.86
B019,R03,42,31,Low,Clear,Evening,Weekday,38.81,10.2
B046,R08,48,37,Medium,Clear,Night,Weekday,60.79,7.6
B003,R03,21,17,High,Rain,Afternoon,Weekday,67.28,12.45
B042,R07,17,33,Medium,Clear,Morning,Weekday,49.94,6.24
B019,R07,56,21,Medium,Clear,Afternoon,Weekday,75.07,9.38
B009,R01,52,32,Medium,Rain,Night,Weekday,76.35,9.79
B028,R03,46,27,Low,Clear,Evening,Weekday,50.85,7.8
B020,R03,31,20,Medium,Cloudy,Afternoon,Weekend,53.77,9.8
B045,R02,57,33,Low,Cloudy,Afternoon,Weekday,44.2,5.78
B007,R05,6,17,Medium,Cloudy,Night,Weekend,35.3,5.97
B014,R04,38,38,Low,Cloudy,Morning,Weekend,41.23,6.11
B009,R08,35,41,Low,Cloudy,Afternoon,Weekend,52.19,0.0
B019,R03,27,26,Medium,Clear,Evening,Weekend,54.53,7.43
B047,R08,11,23,High,Clear,Evening,Weekday,67.21,8.31
B014,R08,42,31,Medium,Cloudy,Morning,Weekday,60.78,8.47
B038,R08,37,30,High,Clear,Night,Weekend,81.28,11.34
B036,R03,16,38,Medium,Clear,Morning,Weekday,44.89,3.54
B040,R04,49,11,Medium,Rain,Evening,Weekday,66.12,11.68
B017,R03,16,33,Medium,Cloudy,Afternoon,Weekday,46.5,8.63
B030,R02,23,27,High,Clear,Evening,Weekday,73.89,10.92
B009,R02,13,39,Low,Rain,Morning,Weekend,26.44,7.86
B033,R04,14,27,Low,Cloudy,Evening,Weekday,29.6,7.35
B025,R06,21,15,Low,Rain,Night,Weekday,25.94,9.13
B014,R03,54,15,Medium,Rain,Morning,Weekend,72.45,12.04
B011,R06,44,8,High,Clear,Evening,Weekday,86.86,8.65
B035,R08,43,21,Low,Cloudy,Afternoon,Weekend,40.01,5.81
B041,R03,45,12,Medium,Cloudy,Afternoon,Weekend,59.68,10.09
B014,R05,14,8,High,Rain,Morning,Weekend,60.68,14.82
B030,R03,16,35,Medium,Cloudy,Afternoon,Weekday,42.18,7.31
B041,R02,19,23,Medium,Clear,Morning,Weekday,47.54,8.86
B004,R01,35,34,High,Clear,Afternoon,Weekday,78.27,9.31
B004,R07,19,19,Medium,Clear,Evening,Weekday,50.51,11.13
B028,R01,32,17,Medium,Rain,Afternoon,Weekday,64.71,8.73
B008,R01,8,18,Low,Rain,Evening,Weekday,21.44,12.89
B002,R01,40,26,Low,Clear,Morning,Weekday,36.94,9.33
B041,R07,59,35,Medium,Cloudy,Afternoon,Weekday,69.03,10.93
B046,R06,5,24,Medium,Rain,Night,Weekday,37.92,9.85
B022,R07,48,27,High,Clear,Night,Weekday,91.65,9.37
B041,R06,38,9,High,Clear,Night,Weekend,87.96,10.89
B016,R07,51,15,High,Clear,Afternoon,Weekday,89.46,12.37
B029,R07,21,19,Low,Rain,Evening,Weekday,35.15,13.51
B049,R03,43,13,High,Cloudy,Morning,Weekday,80.69,12.14
B048,R06,42,41,Medium,Clear,Afternoon,Weekday,64.36,6.38
B030,R03,48,18,Medium,Clear,Morning,Weekday,70.24,12.17
B012,R05,55,35,Medium,Cloudy,Morning,Weekday,65.89,9.15
B035,R03,37,39,Low,Rain,Afternoon,Weekend,45.66,5.76
B011,R01,25,49,Low,Cloudy,Evening,Weekday,32.38,5.07
B046,R04,30,18,High,Clear,Night,Weekday,74.51,7.13
B050,R04,50,32,Medium,Clear,Morning,Weekend,60.61,7.47
B021,R02,40,8,Medium,Rain,Morning,Weekday,61.1,14.19
B021,R02,9,19,Medium,Clear,Afternoon,Weekday,50.1,7.43
B005,R08,37,20,High,Clear,Morning,Weekend,67.2,11.48
B048,R03,5,35,Medium,Rain,Afternoon,Weekday,44.22,10.49
B020,R07,57,20,Medium,Rain,Morning,Weekday,72.13,16.86
B037,R07,10,48,Low,Cloudy,Evening,Weekend,25.6,3.95
B003,R04,41,32,Low,Cloudy,Evening,Weekday,30.66,6.17
B044,R01,6,21,High,Clear,Night,Weekday,56.21,8.3
B033,R06,57,32,Medium,Clear,Night,Weekday,68.1,9.48
B009,R01,9,15,Medium,Clear,Evening,Weekday,36.13,13.46
B009,R08,30,23,Medium,Cloudy,Night,Weekday,68.43,8.2
B004,R01,45,14,High,Clear,Night,Weekday,88.99,11.8
B035,R03,55,8,Medium,Rain,Night,Weekend,62.32,11.32
B017,R03,57,42,Medium,Clear,Evening,Weekend,72.87,8.75
B034,R05,51,31,Medium,Clear,Night,Weekday,68.85,10.02
B024,R08,17,42,Low,Clear,Afternoon,Weekday,26.69,5.33
B032,R01,16,24,High,Cloudy,Night,Weekday,72.91,9.03
B001,R07,9,34,High,Clear,Afternoon,Weekend,54.07,7.42
B008,R07,6,12,High,Rain,Night,Weekday,61.29,11.63
B045,R08,8,16,High,Clear,Afternoon,Weekday,61.39,11.22
B023,R01,31,8,High,Cloudy,Night,Weekday,84.49,13.79
B047,R03,54,13,Medium,Cloudy,Afternoon,Weekday,62.2,8.42
B040,R03,57,21,High,Clear,Night,Weekday,91.93,9.81
B012,R05,14,12,Medium,Cloudy,Afternoon,Weekday,43.56,7.66
B012,R05,17,45,Low,Cloudy,Evening,Weekday,33.81,7.16
B046,R02,48,34,Medium,Rain,Morning,Weekday,61.84,11.16
B047,R08,6,18,High,Rain,Morning,Weekend,56.93,13.61
B015,R04,30,17,Medium,Clear,Evening,Weekday,54.85,8.09
B041,R01,19,23,High,Clear,Evening,Weekday,73.72,11.21
B019,R08,50,44,Low,Clear,Afternoon,Weekday,47.61,5.48
B026,R07,14,41,Low,Rain,Afternoon,Weekday,19.54,5.18
B029,R01,26,31,Medium,Clear,Night,Weekday,45.01,6.95
B022,R05,44,38,Low,Cloudy,Night,Weekday,38.78,7.18
B040,R05,29,46,Low,Cloudy,Morning,Weekend,29.58,4.57
B021,R02,19,29,Low,Cloudy,Morning,Weekday,24.99,7.37
B038,R04,17,12,High,Clear,Afternoon,Weekday,66.19,12.25
B020,R02,12,36,Low,Clear,Afternoon,Weekday,28.96,3.03
B029,R07,25,48,Low,Clear,Evening,Weekday,31.12,6.35
B004,R04,25,34,Low,Clear,Afternoon,Weekday,26.58,0.81
B007,R06,26,13,Medium,Clear,Night,Weekend,48.41,5.51
B028,R01,50,28,Medium,Clear,Evening,Weekday,67.22,11.48
B028,R02,37,18,Medium,Cloudy,Afternoon,Weekend,57.94,6.84
B004,R05,49,39,Medium,Clear,Night,Weekday,60.94,7.87
B022,R02,31,48,Low,Clear,Night,Weekend,38.66,0.93
B012,R06,44,27,Medium,Clear,Morning,Weekend,66.04,4.64
B045,R02,54,20,High,Clear,Evening,Weekday,90.83,11.91
B003,R01,26,46,Low,Clear,Morning,Weekday,32.5,4.8
B022,R06,34,38,Medium,Clear,Evening,Weekday,52.5,8.39
B044,R08,13,20,Low,Cloudy,Evening,Weekday,25.37,9.92
B002,R08,49,41,Low,Clear,Morning,Weekday,40.95,3.9
B024,R08,39,26,Medium,Rain,Morning,Weekday,46.33,10.98
B034,R05,22,38,Medium,Clear,Afternoon,Weekend,49.82,4.89
B027,R05,46,28,Low,Rain,Evening,Weekday,32.26,10.69
B041,R08,9,40,Low,Rain,Afternoon,Weekday,20.87,7.95
B001,R08,31,24,High,Cloudy,Evening,Weekday,72.59,11.63
B008,R08,10,8,High,Rain,Night,Weekday,72.72,13.85
B023,R03,36,19,High,Clear,Afternoon,Weekend,72.07,11.1
B038,R08,12,35,Medium,Clear,Morning,Weekend,47.17,4.69
B006,R06,60,14,Medium,Clear,Night,Weekday,68.42,11.57
B022,R03,43,12,Medium,Clear,Morning,Weekday,63.8,10.57
B025,R03,25,36,Low,Clear,Night,Weekday,29.18,4.99
B018,R01,22,16,Medium,Cloudy,Night,Weekday,43.11,8.42
B017,R02,18,14,Medium,Clear,Afternoon,Weekday,49.54,8.82
B012,R05,19,38,Low,Clear,Morning,Weekday,29.59,3.81
B006,R05,46,14,High,Clear,Afternoon,Weekend,83.94,7.77
B026,R02,30,34,Low,Cloudy,Night,Weekday,33.5,4.51
B027,R05,57,8,Medium,Rain,Evening,Weekday,66.72,15.65
B008,R02,48,44,Low,Clear,Evening,Weekend,48.02,8.13
B019,R06,36,38,Medium,Clear,Night,Weekday,61.56,5.98
B042,R01,43,48,Low,Clear,Morning,Weekday,37.48,7.47
B001,R08,32,41,Low,Cloudy,Morning,Weekday,35.26,5.98
B029,R01,43,18,Medium,Clear,Morning,Weekday,55.49,10.88
B045,R07,47,22,Medium,Rain,Evening,Weekday,66.34,12.32
B049,R01,36,38,Medium,Clear,Afternoon,Weekday,60.31,7.21
B035,R02,17,20,Low,Clear,Morning,Weekday,35.58,6.0
B040,R07,19,12,Medium,Rain,Afternoon,Weekend,53.18,10.04
B014,R02,22,34,Medium,Rain,Morning,Weekday,51.89,12.06
B035,R08,43,35,Low,Cloudy,Morning,Weekday,54.4,6.61
B048,R04,10,29,High,Clear,Morning,Weekday,66.74,10.36
B045,R07,59,26,Medium,Cloudy,Afternoon,Weekday,72.28,9.43
B020,R08,15,23,Low,Clear,Afternoon,Weekday,18.45,7.23
B049,R08,36,16,High,Clear,Afternoon,Weekday,82.06,7.76
B013,R05,44,28,High,Clear,Night,Weekday,94.08,10.97
B038,R05,24,15,High,Clear,Evening,Weekend,73.43,9.53
B049,R04,37,20,Medium,Cloudy,Night,Weekday,62.42,6.71
B046,R04,44,24,Medium,Clear,Evening,Weekday,67.55,9.47
B049,R01,12,23,Low,Rain,Night,Weekend,35.01,5.54
B008,R08,55,23,Medium,Clear,Evening,Weekday,70.55,11.27
B043,R04,39,8,High,Clear,Afternoon,Weekday,71.59,9.87
B020,R02,9,37,Medium,Cloudy,Evening,Weekend,45.64,7.86
B033,R08,39,8,High,Rain,Morning,Weekday,83.39,12.11
B026,R03,51,17,Low,Rain,Afternoon,Weekday,48.99,11.58
B039,R02,18,17,Medium,Cloudy,Night,Weekday,48.24,5.63
B021,R07,25,29,High,Clear,Morning,Weekday,70.66,11.19
B049,R04,51,8,High,Rain,Morning,Weekday,83.69,14.59
B042,R05,28,8,High,Rain,Afternoon,Weekday,73.25,12.74
B043,R02,21,26,High,Clear,Morning,Weekday,71.16,9.35
B041,R05,22,42,Medium,Cloudy,Afternoon,Weekday,53.71,2.93
B009,R02,38,16,Medium,Cloudy,Evening,Weekend,60.88,9.15
B024,R05,16,8,High,Clear,Afternoon,Weekday,65.84,8.56
B037,R06,20,18,Medium,Rain,Afternoon,Weekday,44.06,8.32
B049,R02,8,30,Low,Clear,Night,Weekend,25.89,3.08
B041,R07,29,41,Medium,Cloudy,Morning,Weekday,53.05,7.56
B017,R05,38,20,Medium,Clear,Night,Weekday,67.04,8.65
B024,R03,32,27,Low,Clear,Night,Weekday,40.56,6.66
B021,R07,50,37,Medium,Cloudy,Night,Weekend,66.7,4.83
B039,R01,15,26,Low,Clear,Night,Weekend,23.72,2.23
B041,R02,17,42,Medium,Clear,Night,Weekend,41.74,6.05
B039,R03,35,25,High,Rain,Morning,Weekday,77.51,13.31
B013,R01,29,26,Medium,Cloudy,Morning,Weekday,55.23,12.13
B011,R02,43,12,High,Cloudy,Morning,Weekday,72.82,9.58
B046,R03,14,29,Low,Clear,Night,Weekend,29.37,4.54
B019,R03,28,21,High,Clear,Morning,Weekday,74.25,10.12
B011,R07,5,49,Low,Cloudy,Night,Weekday,9.15,1.91
B013,R06,57,41,Low,Rain,Morning,Weekday,44.22,8.98
B046,R03,29,22,High,Clear,Morning,Weekday,70.55,13.31
B045,R06,32,28,High,Cloudy,Morning,Weekday,69.9,8.43
B001,R04,40,41,Low,Clear,Morning,Weekday,41.94,4.08
B040,R07,22,8,High,Clear,Afternoon,Weekday,79.94,11.56
B044,R08,10,33,Medium,Clear,Morning,Weekday,47.32,10.42
B019,R05,6,17,High,Clear,Morning,Weekday,66.16,9.68
B012,R07,7,41,Medium,Clear,Afternoon,Weekday,39.62,7.23
B008,R01,50,32,Medium,Cloudy,Evening,Weekday,67.55,11.35
B008,R05,12,21,Medium,Clear,Evening,Weekday,45.08,9.82
B045,R05,35,24,Low,Cloudy,Afternoon,Weekend,37.5,5.55
B012,R08,52,16,Medium,Cloudy,Evening,Weekday,62.98,10.83
B048,R06,23,13,Medium,Cloudy,Morning,Weekday,43.61,11.34
B033,R08,54,49,Low,Clear,Night,Weekday,51.6,6.04
B045,R08,10,41,Low,Clear,Night,Weekday,25.81,3.06
B026,R05,18,32,Low,Cloudy,Morning,Weekday,27.85,4.08
B039,R03,7,10,High,Clear,Morning,Weekend,72.63,9.21
B028,R06,52,29,Medium,Rain,Evening,Weekday,61.02,11.26
B005,R05,5,33,High,Clear,Afternoon,Weekend,65.7,6.88
B008,R06,48,24,High,Clear,Night,Weekend,94.27,10.12
B025,R04,34,38,Medium,Cloudy,Morning,Weekday,59.09,9.0
B027,R06,50,11,High,Rain,Afternoon,Weekday,79.2,14.71
B046,R02,23,46,Low,Clear,Afternoon,Weekday,36.39,4.33
B023,R03,58,40,Low,Clear,Morning,Weekday,46.27,7.39
B030,R01,23,35,Medium,Rain,Afternoon,Weekday,48.43,9.13
B045,R02,13,26,Medium,Clear,Night,Weekday,41.99,8.89
B047,R02,11,28,High,Clear,Night,Weekday,73.64,7.87
B023,R08,50,17,Medium,Clear,Afternoon,Weekday,62.98,8.91
B049,R08,41,26,Low,Clear,Morning,Weekday,35.9,4.62
B047,R02,54,15,Medium,Cloudy,Afternoon,Weekday,73.23,8.74
B020,R05,45,15,Medium,Clear,Evening,Weekday,54.56,10.75
B018,R06,57,13,Low,Rain,Morning,Weekend,48.82,12.83
B018,R06,11,22,Medium,Cloudy,Morning,Weekday,42.1,6.78
B002,R07,13,8,High,Rain,Morning,Weekday,69.53,14.09
B004,R05,8,8,High,Clear,Night,Weekday,61.88,9.86
B030,R03,29,16,Medium,Clear,Morning,Weekend,47.44,9.94
B033,R05,53,9,Medium,Rain,Morning,Weekend,67.22,12.3
B036,R05,16,39,Low,Clear,Night,Weekend,25.7,4.23
B018,R05,10,42,Medium,Cloudy,Night,Weekday,49.21,6.02
B037,R03,22,16,High,Clear,Night,Weekday,71.34,8.86
B019,R07,44,23,Medium,Cloudy,Morning,Weekday,72.71,8.35
B047,R03,25,22,Low,Rain,Morning,Weekday,29.72,13.18
B028,R04,19,16,High,Clear,Night,Weekend,75.36,8.07
B040,R07,7,12,High,Clear,Night,Weekday,61.75,7.18
B020,R04,6,16,Medium,Clear,Evening,Weekday,42.39,8.88
B049,R04,60,25,Low,Clear,Night,Weekend,53.78,5.19
B033,R04,59,49,Low,Clear,Afternoon,Weekday,44.79,3.49
B012,R06,45,36,Low,Cloudy,Evening,Weekday,48.44,7.66
B015,R02,44,39,Medium,Clear,Night,Weekday,65.46,7.52
B041,R02,8,24,Low,Clear,Night,Weekday,27.96,2.17
B039,R04,36,31,High,Clear,Night,Weekday,82.68,9.55
B002,R04,6,28,High,Clear,Night,Weekend,65.89,8.5
B029,R01,50,39,Medium,Clear,Afternoon,Weekday,68.4,6.03
B041,R08,33,22,Medium,Cloudy,Night,Weekday,63.08,6.15
B010,R02,6,10,Medium,Rain,Morning,Weekday,43.03,10.49
B002,R08,38,12,High,Clear,Evening,Weekday,78.11,12.18
B011,R08,31,15,High,Clear,Night,Weekday,77.92,10.34
B013,R01,58,48,Low,Cloudy,Morning,Weekend,49.5,4.03
B010,R08,43,23,Low,Clear,Afternoon,Weekday,46.18,6.01
B014,R07,48,21,High,Clear,Evening,Weekday,93.33,12.26
B018,R01,42,26,Medium,Cloudy,Night,Weekday,56.27,8.36
B009,R08,22,44,Low,Clear,Evening,Weekday,31.49,3.91
B039,R08,40,15,Medium,Clear,Night,Weekday,54.68,7.73
B028,R05,23,10,High,Rain,Afternoon,Weekday,70.45,11.84
B003,R08,31,46,Low,Clear,Afternoon,Weekday,34.76,6.62
B020,R06,49,26,High,Rain,Evening,Weekday,82.55,16.22
B006,R07,24,37,Low,Clear,Evening,Weekday,36.52,6.54
B027,R03,25,13,High,Rain,Evening,Weekend,74.29,11.45
B002,R02,27,13,Medium,Clear,Afternoon,Weekday,50.5,9.79
B029,R04,34,40,Low,Clear,Morning,Weekday,41.53,8.06
B038,R08,29,30,Medium,Cloudy,Evening,Weekday,53.93,9.07
B003,R07,35,25,High,Rain,Night,Weekday,74.84,11.4
B016,R04,31,25,High,Clear,Afternoon,Weekday,70.41,8.42
B030,R03,38,25,Medium,Cloudy,Evening,Weekend,51.67,9.97
B040,R07,12,15,Medium,Clear,Afternoon,Weekend,43.68,7.64
B002,R02,23,13,Medium,Cloudy,Evening,Weekday,51.79,8.71
B017,R07,45,24,Medium,Cloudy,Afternoon,Weekday,67.14,7.03
B041,R04,30,10,High,Clear,Afternoon,Weekday,64.78,9.02
B012,R04,32,47,Low,Clear,Evening,Weekday,45.32,8.8
B035,R05,8,46,Low,Clear,Night,Weekday,20.15,3.67
B043,R08,35,26,Medium,Rain,Afternoon,Weekend,55.57,10.89
B001,R01,20,27,Low,Clear,Night,Weekday,28.25,5.43
B045,R07,55,32,High,Cloudy,Night,Weekday,84.34,10.46
B015,R04,14,21,Medium,Clear,Afternoon,Weekday,45.48,6.84
B026,R06,42,32,Medium,Cloudy,Afternoon,Weekday,59.81,9.71
B037,R02,52,8,High,Cloudy,Afternoon,Weekday,85.24,12.11
B021,R06,14,15,Medium,Cloudy,Night,Weekend,54.93,6.67
B049,R03,49,25,Medium,Rain,Afternoon,Weekday,60.83,8.08
B031,R07,13,40,Low,Clear,Afternoon,Weekday,35.67,4.71
B025,R05,43,17,Medium,Clear,Afternoon,Weekend,64.23,8.54
B023,R02,40,37,Low,Rain,Afternoon,Weekend,32.24,8.64
B024,R05,55,31,Medium,Clear,Evening,Weekend,63.34,8.66
B038,R01,40,18,Medium,Cloudy,Afternoon,Weekday,55.25,7.5
B028,R04,23,26,Low,Cloudy,Night,Weekend,31.39,7.19
B021,R08,23,42,Medium,Cloudy,Night,Weekend,58.1,2.87
B043,R02,16,41,Low,Clear,Morning,Weekend,32.07,3.27
B018,R03,17,20,High,Clear,Evening,Weekend,63.41,12.62
B036,R08,29,44,Low,Cloudy,Evening,Weekend,40.58,6.7
B035,R07,40,9,High,Clear,Morning,Weekday,74.78,12.24
B045,R01,29,30,Medium,Cloudy,Night,Weekday,50.04,6.87
B009,R01,32,38,Medium,Clear,Night,Weekday,61.24,6.45
B038,R05,46,37,Low,Clear,Afternoon,Weekday,48.14,6.84
B030,R01,57,33,High,Clear,Morning,Weekday,92.58,12.72
B044,R02,43,24,Low,Rain,Night,Weekday,41.6,9.92
B034,R05,34,39,Medium,Clear,Morning,Weekday,56.63,9.42
B032,R08,9,22,High,Cloudy,Morning,Weekday,58.65,11.27
B003,R01,21,8,High,Rain,Evening,Weekday,70.44,11.42
B003,R07,22,28,Medium,Cloudy,Night,Weekday,47.63,7.73
B028,R08,47,8,High,Rain,Night,Weekday,82.61,13.56
B044,R03,51,26,Medium,Clear,Afternoon,Weekend,76.97,10.77
B015,R07,25,17,Low,Rain,Night,Weekday,34.12,6.72
B041,R06,26,15,Medium,Clear,Evening,Weekday,47.46,8.59
B023,R02,43,38,Low,Rain,Night,Weekday,47.72,8.14
B040,R03,54,13,Low,Rain,Afternoon,Weekday,53.71,8.59
B011,R03,10,24,High,Clear,Night,Weekend,72.17,11.68
B048,R05,54,14,Medium,Clear,Morning,Weekday,64.62,11.97
B032,R04,20,29,Low,Cloudy,Evening,Weekday,29.44,6.39
B036,R05,6,30,High,Clear,Afternoon,Weekend,56.69,7.82
B033,R02,55,49,Low,Cloudy,Afternoon,Weekend,55.3,4.41
B024,R02,5,16,High,Clear,Morning,Weekday,63.12,9.84
B039,R05,34,26,High,Rain,Evening,Weekday,70.15,12.25
B034,R04,47,10,High,Clear,Night,Weekday,91.77,9.79
B028,R07,56,17,High,Cloudy,Evening,Weekday,84.61,12.61
B037,R05,41,45,Low,Clear,Evening,Weekend,38.53,7.31
B007,R02,52,41,Medium,Clear,Evening,Weekend,60.77,9.32
B004,R04,27,46,Low,Clear,Evening,Weekday,27.47,9.48
B037,R02,5,32,Low,Clear,Evening,Weekend,24.45,4.16
B001,R04,23,35,Medium,Clear,Evening,Weekday,48.02,6.92
B001,R04,50,33,Low,Rain,Morning,Weekday,37.38,9.91
B047,R08,7,29,High,Clear,Afternoon,Weekday,68.45,9.01
B020,R05,6,27,High,Cloudy,Morning,Weekend,65.52,9.67
B019,R05,60,33,Medium,Clear,Night,Weekend,78.94,7.9
B029,R05,41,33,Medium,Clear,Afternoon,Weekday,58.64,7.91
B010,R04,21,16,Medium,Clear,Afternoon,Weekday,50.7,7.34
B018,R04,32,14,High,Cloudy,Night,Weekday,77.06,9.94
B028,R02,22,37,Medium,Clear,Afternoon,Weekend,51.7,7.88
B035,R03,37,41,Low,Clear,Night,Weekday,39.76,3.21
B043,R05,19,25,Medium,Clear,Evening,Weekday,47.9,9.73
B047,R08,26,12,Medium,Clear,Evening,Weekday,43.99,12.42
B031,R06,45,27,High,Clear,Afternoon,Weekday,83.94,8.52
B027,R02,31,24,Low,Clear,Afternoon,Weekday,38.38,4.59
B011,R02,59,43,Low,Clear,Evening,Weekend,47.82,7.15
B049,R01,41,8,High,Cloudy,Evening,Weekday,92.93,14.04
B049,R05,36,29,High,Clear,Night,Weekday,75.61,9.05
B038,R07,49,25,High,Clear,Afternoon,Weekday,81.37,11.04
B005,R02,23,12,Medium,Clear,Afternoon,Weekday,53.72,6.09
B008,R01,32,28,Medium,Cloudy,Morning,Weekday,57.18,8.18
B034,R06,32,31,Medium,Clear,Evening,Weekday,48.13,11.14
B048,R08,60,49,Low,Cloudy,Evening,Weekday,53.98,4.51
B012,R06,14,23,Medium,Cloudy,Afternoon,Weekday,44.72,10.4
B038,R07,24,49,Low,Cloudy,Morning,Weekday,38.19,5.14
B001,R05,29,45,Low,Clear,Night,Weekday,36.5,6.77
B031,R04,25,16,High,Clear,Night,Weekday,71.32,11.87
B004,R01,18,25,Low,Clear,Evening,Weekday,35.37,7.86
B049,R04,26,8,High,Rain,Morning,Weekday,70.26,15.19
B045,R06,57,48,Low,Cloudy,Morning,Weekday,41.82,9.58
B050,R06,30,30,Low,Clear,Night,Weekday,28.19,4.0
B005,R03,48,15,Medium,Rain,Evening,Weekday,65.21,13.65
B030,R03,15,31,High,Clear,Afternoon,Weekday,76.6,7.63
B024,R08,59,39,Medium,Clear,Morning,Weekday,68.79,8.09
B003,R07,11,24,High,Clear,Afternoon,Weekday,69.3,10.64
B011,R03,21,29,Low,Clear,Evening,Weekday,32.06,7.9
B045,R03,22,8,High,Rain,Night,Weekday,68.93,13.68
B004,R07,11,28,Low,Rain,Morning,Weekday,17.21,9.54
B026,R02,60,23,High,Cloudy,Afternoon,Weekday,90.83,12.13
B027,R03,24,21,Medium,Clear,Morning,Weekend,56.02,8.1
B046,R02,42,15,High,Cloudy,Morning,Weekday,83.28,14.0
B043,R02,15,30,Medium,Cloudy,Morning,Weekday,45.8,8.16
B027,R05,48,28,Low,Clear,Evening,Weekday,41.36,8.49
B042,R02,20,8,High,Clear,Afternoon,Weekday,66.83,9.99
B050,R02,55,45,Low,Cloudy,Morning,Weekend,44.21,5.64
B006,R03,59,27,Low,Rain,Afternoon,Weekday,49.73,9.95
B015,R02,31,26,High,Cloudy,Evening,Weekday,74.72,11.49
B030,R04,55,40,Low,Clear,Morning,Weekday,50.03,6.06
B042,R07,15,26,Low,Clear,Morning,Weekend,22.65,5.47
B037,R03,20,9,Medium,Rain,Morning,Weekday,49.87,12.18
B037,R07,27,15,High,Rain,Afternoon,Weekday,73.32,12.52
B042,R01,16,41,Low,Clear,Afternoon,Weekday,25.46,1.33
B037,R03,44,36,Medium,Cloudy,Morning,Weekday,63.54,10.05
B035,R02,7,35,Medium,Rain,Afternoon,Weekday,39.04,8.3
B023,R04,6,11,High,Rain,Afternoon,Weekday,68.96,12.74
B006,R07,42,31,High,Cloudy,Morning,Weekend,83.12,10.84
B004,R03,52,9,High,Clear,Morning,Weekday,88.72,11.59
B018,R04,56,31,Medium,Cloudy,Night,Weekday,67.64,9.26
B009,R07,28,26,Medium,Clear,Night,Weekend,52.36,5.04
B049,R01,33,29,Low,Rain,Morning,Weekend,32.89,9.26
B029,R06,51,30,Medium,Clear,Evening,Weekday,61.34,7.49
B013,R08,50,8,High,Cloudy,Morning,Weekday,77.35,9.88
B047,R08,38,29,Medium,Cloudy,Morning,Weekend,59.46,9.63
B017,R01,24,29,Low,Cloudy,Morning,Weekday,35.49,7.7
B045,R06,22,26,Medium,Cloudy,Morning,Weekday,44.89,8.56
B032,R05,18,29,Medium,Clear,Morning,Weekday,55.61,8.37
B048,R06,22,35,Medium,Cloudy,Morning,Weekday,43.14,5.7
B022,R05,6,26,Medium,Clear,Morning,Weekend,47.27,7.13
B004,R03,5,35,Medium,Clear,Morning,Weekday,38.27,7.55
B005,R05,24,31,Low,Rain,Night,Weekday,37.4,7.02
B037,R08,38,23,High,Cloudy,Night,Weekday,82.81,9.72
B041,R08,45,16,Medium,Cloudy,Night,Weekday,75.75,7.53
B049,R04,45,30,Low,Clear,Evening,Weekend,39.38,4.86
B013,R05,52,28,Low,Cloudy,Afternoon,Weekday,34.82,6.78
B034,R04,15,8,High,Cloudy,Evening,Weekday,58.05,10.38
B045,R08,31,14,High,Cloudy,Evening,Weekday,74.47,13.09
B022,R07,27,26,Medium,Rain,Morning,Weekday,54.32,11.99
B023,R07,42,26,Low,Clear,Night,Weekday,37.41,7.83
B003,R06,48,46,Low,Cloudy,Morning,Weekend,45.82,5.91
B042,R06,7,21,Low,Cloudy,Morning,Weekday,27.97,11.31
B034,R06,16,31,Medium,Clear,Night,Weekday,50.92,6.16
B032,R05,34,33,Medium,Clear,Morning,Weekday,56.8,9.26
B045,R06,35,24,Medium,Rain,Afternoon,Weekday,53.27,9.51
B049,R05,27,32,Medium,Clear,Afternoon,Weekday,57.66,8.53
B021,R05,5,38,Low,Clear,Evening,Weekday,29.41,6.06
B046,R02,45,37,Low,Clear,Night,Weekday,39.49,2.86
B044,R02,24,41,Medium,Clear,Afternoon,Weekend,46.14,3.89
B021,R05,58,28,Low,Rain,Evening,Weekday,54.77,10.99
B044,R07,10,20,Low,Clear,Morning,Weekday,26.61,5.07
B011,R04,15,14,Medium,Clear,Evening,Weekday,49.01,10.74
B039,R08,39,22,High,Rain,Evening,Weekday,88.1,12.43
B004,R08,8,12,High,Clear,Afternoon,Weekend,55.03,8.29
B001,R03,33,20,High,Cloudy,Evening,Weekend,75.44,10.51
B028,R01,14,12,Medium,Rain,Night,Weekday,48.89,12.04
B024,R02,55,32,Medium,Cloudy,Morning,Weekend,77.57,8.24
B035,R05,33,35,Low,Cloudy,Night,Weekday,36.25,6.43
B013,R01,42,15,High,Clear,Morning,Weekday,78.58,12.83
B047,R02,5,23,Low,Clear,Night,Weekday,23.58,3.28
B034,R03,44,24,Low,Clear,Morning,Weekend,45.65,10.29
B011,R08,12,46,Low,Clear,Night,Weekday,31.96,5.06
B036,R04,42,10,High,Clear,Morning,Weekend,88.35,10.18
B017,R05,21,33,High,Clear,Afternoon,Weekday,60.94,6.85
B035,R03,23,27,High,Cloudy,Evening,Weekday,67.66,12.82
B018,R08,37,29,Medium,Clear,Evening,Weekday,62.82,10.95
B040,R07,19,33,Medium,Clear,Evening,Weekday,50.8,9.57
B022,R02,49,33,High,Clear,Evening,Weekday,86.68,10.11
B024,R05,35,31,Medium,Clear,Morning,Weekend,54.37,6.94
B019,R01,25,17,High,Cloudy,Night,Weekday,73.7,11.84
B037,R07,7,27,Low,Cloudy,Night,Weekday,22.34,5.65
B039,R08,6,25,Low,Rain,Afternoon,Weekday,25.37,6.28
B021,R07,39,24,High,Rain,Evening,Weekend,82.04,15.47
B008,R06,45,23,Low,Cloudy,Evening,Weekday,44.12,11.6
B028,R04,20,15,High,Cloudy,Afternoon,Weekend,71.38,8.13
B005,R08,60,14,Medium,Clear,Evening,Weekend,69.15,9.72
B017,R07,49,8,High,Clear,Afternoon,Weekday,92.45,13.82
B037,R02,55,16,Low,Rain,Evening,Weekday,53.09,14.53
B036,R04,54,26,Medium,Clear,Night,Weekday,67.28,10.96
B019,R05,25,39,Medium,Clear,Afternoon,Weekday,56.8,6.95
B027,R06,16,16,Medium,Clear,Night,Weekday,58.14,7.08
B034,R08,32,20,Medium,Clear,Evening,Weekday,51.48,11.52
B011,R03,16,17,High,Cloudy,Night,Weekend,64.51,8.07
B045,R04,37,38,Medium,Clear,Night,Weekday,58.93,6.34
B047,R01,24,35,Low,Clear,Morning,Weekday,33.57,6.62
B012,R02,44,8,High,Clear,Evening,Weekday,79.33,13.44
B021,R08,53,34,Low,Cloudy,Morning,Weekday,50.03,6.83
B011,R01,25,41,Medium,Cloudy,Afternoon,Weekend,52.09,3.62
B039,R04,56,37,Low,Clear,Morning,Weekday,53.46,7.17
B028,R08,58,21,High,Cloudy,Evening,Weekday,85.66,11.99
B005,R06,43,33,Low,Clear,Morning,Weekday,37.2,5.24
B017,R03,45,44,Low,Cloudy,Morning,Weekday,41.52,6.75
B020,R03,53,10,High,Cloudy,Evening,Weekday,85.75,13.93
B041,R01,46,22,High,Rain,Night,Weekday,78.52,14.02
B046,R05,40,47,Low,Clear,Afternoon,Weekday,40.53,4.79
B012,R05,26,23,High,Clear,Morning,Weekday,69.72,10.94
B006,R06,30,9,High,Clear,Evening,Weekend,84.5,12.9
B017,R03,11,45,Low,Clear,Morning,Weekday,25.2,5.3
B019,R01,11,19,High,Clear,Afternoon,Weekday,67.34,9.69
B026,R01,12,33,Medium,Clear,Afternoon,Weekend,39.77,6.21
B048,R08,30,30,Medium,Clear,Afternoon,Weekend,57.75,5.48
B044,R08,28,13,Medium,Rain,Morning,Weekday,49.97,14.06
B044,R01,28,31,Medium,Clear,Night,Weekday,58.57,7.23
B032,R08,44,13,Low,Rain,Night,Weekend,34.3,8.8
B006,R04,52,14,High,Rain,Night,Weekday,85.84,15.22
B036,R08,16,33,Low,Rain,Evening,Weekday,33.16,8.52
B038,R06,51,18,Medium,Rain,Night,Weekday,66.38,11.04
B011,R05,12,33,Low,Cloudy,Night,Weekday,25.3,5.32
B033,R05,58,11,High,Cloudy,Afternoon,Weekday,95.68,12.11
B024,R04,13,42,Low,Clear,Evening,Weekday,22.39,10.9
B023,R02,7,36,Medium,Clear,Afternoon,Weekend,37.65,6.5
B015,R04,58,21,Medium,Rain,Morning,Weekday,63.78,9.65
B027,R06,25,21,High,Clear,Morning,Weekday,67.47,11.64
B011,R01,35,26,Medium,Clear,Afternoon,Weekday,59.58,5.15
B050,R04,52,13,High,Cloudy,Evening,Weekday,84.49,12.82
B017,R01,51,39,Low,Cloudy,Night,Weekday,50.42,5.98
B014,R06,28,28,Low,Rain,Night,Weekday,36.3,7.49
B027,R07,8,18,Medium,Clear,Evening,Weekday,45.83,6.19
B018,R06,24,32,High,Cloudy,Night,Weekday,63.32,8.89
B028,R03,20,50,Low,Clear,Night,Weekend,32.86,1.76
B047,R01,14,41,Low,Rain,Afternoon,Weekday,33.25,7.54
B047,R05,47,36,Low,Clear,Morning,Weekday,44.02,4.45
B004,R04,30,9,Medium,Rain,Evening,Weekend,50.17,11.49
B007,R07,33,29,Medium,Clear,Evening,Weekday,48.74,10.82
B045,R06,9,17,High,Clear,Night,Weekday,69.48,6.06
B035,R01,15,50,Low,Clear,Night,Weekday,28.01,4.11
B048,R07,33,37,Low,Clear,Morning,Weekday,29.7,5.49
B009,R02,49,37,Low,Cloudy,Evening,Weekday,46.41,7.45
B008,R03,19,26,Medium,Clear,Afternoon,Weekday,49.39,5.56
B045,R02,10,36,Medium,Clear,Morning,Weekday,52.95,7.15
B017,R06,52,30,Low,Clear,Afternoon,Weekend,41.97,3.91
B017,R02,19,22,High,Rain,Morning,Weekday,71.36,11.56
B049,R02,47,24,Low,Clear,Afternoon,Weekday,49.43,7.97
B033,R03,24,27,Medium,Clear,Afternoon,Weekday,54.31,7.2
B032,R03,38,42,Medium,Cloudy,Afternoon,Weekday,58.21,7.12
B008,R08,6,20,Low,Rain,Evening,Weekday,21.31,10.04
B019,R03,48,9,High,Rain,Night,Weekday,82.44,16.03
B038,R07,20,22,High,Rain,Evening,Weekday,67.46,14.51
B003,R08,23,33,Medium,Clear,Afternoon,Weekday,48.0,7.65
B005,R03,38,31,Medium,Rain,Night,Weekday,64.68,11.22
B013,R02,53,36,Low,Cloudy,Afternoon,Weekday,51.74,4.75
B047,R05,18,30,Medium,Rain,Morning,Weekday,52.64,13.59
B046,R05,28,28,Low,Clear,Night,Weekday,35.11,3.68
B031,R08,32,11,High,Rain,Evening,Weekend,76.94,14.74
B016,R03,52,26,Low,Clear,Afternoon,Weekend,38.18,6.23
B050,R07,36,46,Low,Cloudy,Night,Weekend,41.48,7.13
B032,R04,41,37,Low,Clear,Evening,Weekend,40.56,7.08
B022,R01,14,33,Low,Clear,Morning,Weekday,21.02,5.06
B029,R06,53,19,Medium,Clear,Afternoon,Weekday,71.74,8.25
B022,R07,49,21,Low,Clear,Evening,Weekday,43.69,8.41
B043,R04,52,21,High,Cloudy,Night,Weekday,89.75,10.96
B003,R06,13,23,Low,Cloudy,Morning,Weekday,28.7,7.26
B010,R04,28,35,Medium,Cloudy,Afternoon,Weekday,49.47,7.52
B042,R04,40,34,Medium,Clear,Evening,Weekday,63.73,9.52
B021,R08,60,8,High,Rain,Morning,Weekday,86.66,16.95
B016,R05,33,13,High,Cloudy,Morning,Weekday,68.18,10.47
B012,R01,33,9,High,Clear,Evening,Weekend,80.22,9.59
B002,R04,52,14,High,Cloudy,Afternoon,Weekday,87.0,13.01
B041,R03,27,38,Medium,Clear,Evening,Weekend,54.06,5.25
B024,R06,31,23,High,Clear,Morning,Weekday,79.28,11.17
B035,R07,35,13,High,Clear,Morning,Weekday,71.77,11.04
B030,R05,47,48,Low,Cloudy,Night,Weekday,38.74,7.48
B030,R06,11,28,Medium,Clear,Afternoon,Weekday,39.94,9.63
B047,R08,53,43,Low,Clear,Evening,Weekend,44.14,6.5
B035,R03,58,12,Medium,Rain,Afternoon,Weekday,70.67,11.99
B019,R03,49,17,Medium,Clear,Afternoon,Weekday,74.69,8.82
B050,R04,8,27,Medium,Clear,Morning,Weekday,42.79,8.55
B008,R03,18,14,Medium,Rain,Night,Weekday,49.82,11.98
B026,R01,46,33,High,Clear,Evening,Weekend,75.87,15.65
B049,R08,46,34,Medium,Cloudy,Evening,Weekday,60.25,8.13
B040,R03,14,31,High,Clear,Night,Weekday,56.72,8.84
B007,R04,48,48,Low,Cloudy,Night,Weekday,55.39,4.65
B030,R06,38,30,Medium,Clear,Morning,Weekday,49.54,8.44
B007,R08,30,29,Medium,Rain,Morning,Weekday,52.41,10.83
B003,R03,27,23,Low,Clear,Evening,Weekday,32.78,7.87
B001,R05,13,38,Medium,Cloudy,Night,Weekday,55.34,6.37
B036,R08,41,35,Medium,Rain,Afternoon,Weekday,61.62,10.5
B025,R08,12,8,Medium,Rain,Afternoon,Weekday,38.98,11.69
B037,R07,57,31,Medium,Clear,Night,Weekday,66.99,6.3
B001,R05,18,8,Medium,Rain,Evening,Weekday,49.3,12.17
B015,R05,11,31,Low,Clear,Afternoon,Weekday,22.27,5.57
B037,R06,11,15,Medium,Cloudy,Afternoon,Weekday,41.79,10.0
B013,R02,13,35,Low,Clear,Night,Weekday,22.42,5.24
B040,R07,7,21,Low,Clear,Morning,Weekday,19.57,6.45
B008,R05,18,35,Low,Clear,Afternoon,Weekday,24.34,5.43
B005,R05,21,47,Low,Cloudy,Morning,Weekday,26.02,5.76
B009,R02,54,34,Low,Clear,Afternoon,Weekend,45.28,3.67
B001,R06,48,33,Low,Clear,Evening,Weekday,47.67,7.82
B036,R07,26,30,Low,Clear,Morning,Weekday,26.55,7.2
B035,R05,50,19,Medium,Rain,Evening,Weekday,60.86,14.66
B002,R04,30,43,Low,Cloudy,Morning,Weekday,35.19,8.19
B040,R06,32,17,Medium,Clear,Night,Weekday,58.53,11.2
B023,R07,49,26,High,Rain,Night,Weekend,91.82,9.27
B009,R05,18,27,High,Cloudy,Afternoon,Weekend,72.43,7.68
B034,R05,13,46,Low,Clear,Evening,Weekday,27.18,7.88
B046,R02,55,19,High,Clear,Morning,Weekday,87.26,13.74
B014,R07,30,20,Low,Clear,Evening,Weekday,34.28,9.63
B004,R04,6,44,Low,Cloudy,Evening,Weekday,17.08,4.43
B030,R06,15,24,High,Rain,Afternoon,Weekday,69.37,10.55
B031,R03,21,14,High,Clear,Night,Weekend,68.22,10.11
B038,R01,38,25,Medium,Clear,Morning,Weekday,59.66,8.9
B011,R04,23,13,Medium,Clear,Afternoon,Weekday,46.73,6.78
B035,R03,43,35,Medium,Clear,Evening,Weekday,60.93,9.67
B008,R04,22,35,Low,Cloudy,Night,Weekday,26.26,4.59
B003,R07,17,23,Low,Cloudy,Night,Weekday,31.06,6.94
B014,R03,9,25,Medium,Clear,Morning,Weekend,43.11,8.08
B013,R07,54,12,High,Rain,Night,Weekday,87.77,17.0
B045,R03,27,34,Low,Clear,Evening,Weekday,31.2,5.68
B032,R04,60,8,High,Rain,Night,Weekday,93.33,14.73
B034,R02,28,32,Low,Clear,Evening,Weekend,35.67,7.21
B045,R04,33,28,Medium,Cloudy,Morning,Weekday,52.21,9.97
B019,R07,52,39,Medium,Clear,Evening,Weekday,61.31,9.94
B038,R04,51,31,Medium,Clear,Night,Weekday,69.74,5.55
B016,R08,12,22,Low,Rain,Night,Weekday,14.42,5.08
B002,R08,30,26,Medium,Clear,Morning,Weekend,61.78,6.61
B040,R03,19,21,Medium,Rain,Morning,Weekday,45.75,12.42
B017,R08,5,27,Low,Cloudy,Night,Weekday,25.62,1.99
B034,R01,32,14,Low,Rain,Morning,Weekday,37.76,11.95
B042,R03,53,28,Medium,Rain,Evening,Weekday,64.57,12.53
B016,R08,51,37,Medium,Clear,Afternoon,Weekday,66.9,7.18
B038,R05,50,20,Low,Cloudy,Evening,Weekday,45.19,12.11
B002,R04,18,27,Medium,Rain,Evening,Weekday,52.71,14.34
B002,R06,46,26,High,Clear,Morning,Weekday,79.02,10.65
B026,R04,38,17,Low,Rain,Afternoon,Weekday,42.22,10.62
B013,R08,35,14,Medium,Cloudy,Night,Weekday,47.7,8.94
B047,R02,10,41,Low,Cloudy,Morning,Weekend,27.81,5.7
B031,R07,53,30,Low,Clear,Evening,Weekday,46.38,7.93
B034,R06,9,35,Low,Cloudy,Afternoon,Weekday,26.74,2.36
B039,R03,35,32,Medium,Clear,Morning,Weekend,60.39,7.88
B003,R02,41,8,High,Rain,Evening,Weekend,87.66,16.12
B008,R04,19,23,Low,Clear,Evening,Weekday,29.97,7.51
B023,R08,19,20,Medium,Clear,Night,Weekday,45.01,9.0
B014,R03,56,18,Medium,Rain,Night,Weekend,76.92,12.81
B027,R03,47,29,Low,Cloudy,Afternoon,Weekday,45.16,8.13
B029,R05,9,26,Medium,Rain,Evening,Weekend,48.68,11.09
B039,R05,32,19,High,Clear,Evening,Weekend,73.93,9.18
B039,R08,37,12,High,Cloudy,Night,Weekday,76.39,7.96
B001,R08,15,8,High,Cloudy,Evening,Weekday,68.06,13.24
B017,R01,47,47,Low,Cloudy,Night,Weekday,46.19,6.09
B041,R05,10,33,High,Clear,Evening,Weekend,66.37,9.18
B030,R07,27,48,Low,Clear,Night,Weekend,28.52,3.43
B013,R06,44,8,Medium,Rain,Night,Weekday,69.6,12.08
B021,R03,6,31,High,Clear,Afternoon,Weekday,57.03,8.26
B019,R05,19,34,Low,Rain,Evening,Weekday,31.15,9.91
B019,R08,27,31,Medium,Clear,Evening,Weekend,53.62,9.56
B025,R01,26,15,Medium,Rain,Night,Weekday,65.64,11.11
B022,R08,13,37,Medium,Cloudy,Evening,Weekday,44.33,8.19
B031,R08,51,50,Low,Cloudy,Night,Weekday,39.37,4.62
B017,R08,44,23,High,Clear,Afternoon,Weekday,85.25,10.67
B023,R04,34,24,Medium,Rain,Afternoon,Weekend,54.49,6.54
B032,R06,20,20,Low,Clear,Night,Weekday,35.32,7.37
B010,R05,50,24,Low,Cloudy,Morning,Weekday,49.38,8.09
B010,R03,51,12,High,Clear,Afternoon,Weekday,89.03,10.3
B036,R04,56,22,Low,Cloudy,Evening,Weekday,44.12,11.35
B008,R08,34,24,Low,Rain,Night,Weekday,41.32,8.33
B020,R07,49,29,Medium,Clear,Night,Weekend,76.03,5.67
B032,R03,13,39,Medium,Cloudy,Afternoon,Weekday,44.6,7.11
B050,R04,5,13,Medium,Clear,Night,Weekday,41.52,7.04
B014,R07,42,35,Medium,Rain,Afternoon,Weekday,60.3,9.42
B050,R07,12,8,High,Rain,Night,Weekend,64.48,13.03
B028,R06,56,10,High,Clear,Afternoon,Weekday,88.69,13.32
B046,R03,22,49,Low,Clear,Evening,Weekday,31.1,3.74
B024,R05,31,33,Medium,Cloudy,Morning,Weekday,55.21,8.58
B015,R05,22,34,High,Clear,Morning,Weekend,66.56,6.89
B022,R01,36,29,Medium,Clear,Morning,Weekend,63.95,7.57
B030,R04,53,27,Medium,Clear,Morning,Weekday,68.37,8.87
B004,R01,36,32,Low,Clear,Afternoon,Weekend,42.85,6.26
B013,R02,57,12,Medium,Clear,Night,Weekday,71.49,8.28
B023,R05,52,18,Medium,Clear,Morning,Weekday,52.71,11.56
B008,R04,49,41,Medium,Clear,Night,Weekend,69.02,5.83
B018,R06,58,34,High,Cloudy,Afternoon,Weekday,93.06,7.61
B012,R01,40,30,Low,Cloudy,Afternoon,Weekend,41.2,3.76
B031,R06,40,25,Low,Clear,Morning,Weekday,50.85,5.95
B014,R06,25,40,Low,Cloudy,Evening,Weekday,37.73,5.37
B034,R08,50,9,Medium,Rain,Morning,Weekday,70.04,12.37
B018,R08,36,29,Low,Clear,Night,Weekday,29.5,5.42
B034,R06,35,33,Medium,Rain,Morning,Weekday,64.22,12.8
B011,R01,41,22,Low,Cloudy,Afternoon,Weekday,43.89,5.4
B041,R08,20,38,Medium,Clear,Afternoon,Weekday,43.3,4.66
B012,R02,50,34,Low,Clear,Night,Weekend,46.6,4.17
B049,R07,50,15,High,Clear,Night,Weekday,76.56,10.75
B015,R07,18,16,Medium,Cloudy,Night,Weekend,52.42,5.87
B031,R08,28,17,High,Clear,Morning,Weekday,74.91,9.72
B049,R01,29,16,Medium,Rain,Morning,Weekday,51.51,13.61
B029,R07,50,41,Low,Cloudy,Evening,Weekday,48.53,8.38
B026,R03,55,30,Low,Clear,Night,Weekday,43.71,6.45
B018,R07,39,26,High,Clear,Evening,Weekend,80.1,13.14
B032,R05,21,34,Medium,Clear,Evening,Weekend,56.04,11.43
B022,R01,50,32,Low,Clear,Afternoon,Weekday,43.3,8.23
B038,R08,46,21,Medium,Clear,Evening,Weekday,58.25,7.61
B017,R08,49,21,Medium,Cloudy,Afternoon,Weekday,69.96,9.35
B023,R07,58,43,Low,Cloudy,Night,Weekend,49.56,3.5
B024,R01,8,40,Low,Clear,Afternoon,Weekend,34.04,2.38
B050,R02,15,17,High,Cloudy,Night,Weekday,70.09,7.24
B008,R03,51,39,Low,Clear,Morning,Weekday,49.31,7.61
B041,R08,19,35,Low,Clear,Evening,Weekday,31.32,9.36
B006,R01,34,31,Low,Cloudy,Night,Weekend,39.78,4.58
B005,R08,28,42,Low,Clear,Morning,Weekend,37.05,6.58
B044,R08,6,22,Medium,Rain,Morning,Weekend,46.39,10.6
B029,R05,47,36,Low,Rain,Night,Weekday,37.91,9.44
B028,R07,38,23,Low,Cloudy,Afternoon,Weekday,34.71,3.08
B011,R05,27,13,High,Clear,Night,Weekday,76.81,11.09
B001,R07,35,20,Low,Clear,Evening,Weekday,37.96,9.87
B043,R08,41,29,Medium,Clear,Morning,Weekday,56.68,11.98
B019,R01,17,26,Medium,Cloudy,Afternoon,Weekday,50.0,5.04
B009,R06,37,21,Medium,Rain,Night,Weekday,66.57,13.36
B027,R07,11,24,High,Cloudy,Night,Weekday,66.46,8.42
B034,R06,36,20,Low,Cloudy,Morning,Weekday,40.11,8.42
B044,R03,11,30,High,Cloudy,Night,Weekend,67.77,8.86
B004,R05,46,10,High,Rain,Evening,Weekday,79.95,17.33
B036,R06,42,23,Medium,Clear,Afternoon,Weekday,60.75,5.86
B018,R05,56,37,Low,Rain,Evening,Weekend,37.56,9.75
B015,R07,48,46,Low,Cloudy,Morning,Weekday,39.28,4.95
B013,R07,17,42,Medium,Clear,Afternoon,Weekday,48.11,6.0
B019,R03,28,8,High,Rain,Morning,Weekend,68.04,12.97
B049,R07,32,24,Medium,Rain,Morning,Weekend,55.9,8.47
B006,R08,36,45,Low,Cloudy,Evening,Weekday,36.52,5.12
B048,R03,47,31,Low,Rain,Afternoon,Weekday,50.12,9.54
B012,R06,22,41,Medium,Clear,Morning,Weekend,61.12,7.22
B037,R07,38,36,Medium,Clear,Evening,Weekday,58.72,7.59
B017,R01,52,23,Low,Clear,Evening,Weekday,47.88,8.18
B023,R04,38,36,Low,Clear,Afternoon,Weekday,45.05,5.81
B026,R02,55,29,Medium,Clear,Night,Weekend,67.47,7.92
B029,R08,42,15,Medium,Clear,Night,Weekday,63.1,10.09
B033,R04,5,38,Medium,Cloudy,Morning,Weekday,35.53,7.61
B027,R04,47,8,High,Clear,Night,Weekday,86.08,12.53
B025,R05,54,17,Medium,Clear,Afternoon,Weekday,73.38,9.3
B010,R08,46,26,Low,Clear,Night,Weekday,37.41,7.31
B047,R08,35,12,Medium,Clear,Afternoon,Weekday,49.2,11.45
B023,R03,54,9,High,Clear,Morning,Weekday,93.47,15.7
B021,R05,5,8,High,Clear,Night,Weekend,60.92,9.02
B021,R06,55,26,High,Clear,Afternoon,Weekday,83.6,8.76
B043,R02,20,35,Low,Clear,Afternoon,Weekday,30.48,6.82
B013,R06,43,30,High,Clear,Afternoon,Weekday,78.77,6.2
B037,R01,19,8,High,Rain,Evening,Weekday,64.32,15.8
B033,R02,37,13,Medium,Clear,Morning,Weekday,50.88,11.27
B024,R05,27,50,Low,Cloudy,Afternoon,Weekday,42.52,3.95
B044,R07,57,14,High,Clear,Evening,Weekday,96.83,14.15
B011,R07,45,42,Medium,Clear,Evening,Weekday,61.25,7.06
B017,R05,38,39,Low,Clear,Afternoon,Weekend,52.09,2.62
B004,R06,21,23,Low,Rain,Morning,Weekday,37.14,7.88
B047,R05,29,19,Medium,Clear,Night,Weekday,54.25,6.5
B025,R05,60,30,Medium,Cloudy,Evening,Weekend,81.35,8.55
B030,R04,46,43,Low,Cloudy,Afternoon,Weekend,32.78,3.93
B009,R01,10,34,Medium,Clear,Morning,Weekend,43.96,8.28
B021,R08,35,17,High,Rain,Morning,Weekday,86.3,17.37
B020,R07,9,26,Medium,Clear,Afternoon,Weekend,42.8,4.64
B019,R04,44,47,Low,Clear,Evening,Weekend,47.87,5.69
B019,R05,44,31,Medium,Clear,Night,Weekday,57.1,8.03
B012,R03,34,33,Low,Clear,Morning,Weekday,33.69,5.69
B037,R04,9,45,Low,Clear,Night,Weekday,26.44,2.87
B042,R05,16,37,Medium,Cloudy,Morning,Weekday,51.31,10.32
B017,R07,11,21,High,Clear,Morning,Weekday,66.54,12.46
B037,R08,49,36,Medium,Cloudy,Morning,Weekday,62.43,11.16
B048,R05,17,39,Low,Clear,Evening,Weekday,23.85,7.19
B039,R01,53,9,Medium,Rain,Evening,Weekday,78.32,15.77
B028,R06,8,13,Medium,Clear,Afternoon,Weekday,45.75,8.43
B041,R02,54,8,High,Cloudy,Night,Weekday,92.53,14.32
B035,R04,46,8,High,Cloudy,Night,Weekday,87.94,7.22
B047,R04,7,45,Low,Clear,Afternoon,Weekend,21.14,0.84
B048,R04,16,21,Low,Clear,Evening,Weekday,28.25,5.54
B018,R05,5,28,Low,Clear,Night,Weekday,18.66,3.74
B014,R08,31,32,High,Clear,Afternoon,Weekday,79.35,9.16
B035,R01,47,31,Low,Clear,Morning,Weekend,42.72,6.48
B044,R08,54,40,Low,Cloudy,Night,Weekday,55.14,4.48
B041,R05,17,38,Medium,Clear,Evening,Weekend,40.46,7.49
B007,R05,21,41,Low,Clear,Night,Weekday,33.02,4.88
B041,R06,12,39,Low,Clear,Morning,Weekday,38.74,6.45
B013,R03,36,22,Medium,Rain,Evening,Weekday,54.34,13.92
B018,R01,24,22,Low,Clear,Evening,Weekday,32.81,7.06
B037,R04,55,41,Medium,Clear,Afternoon,Weekday,65.76,9.02
B013,R02,21,22,High,Clear,Evening,Weekend,74.99,10.37
B036,R04,38,50,Low,Clear,Afternoon,Weekday,29.0,5.45
B031,R08,39,27,Medium,Cloudy,Evening,Weekday,53.49,9.05
B002,R05,39,14,High,Cloudy,Morning,Weekday,74.55,14.91
B016,R01,42,30,High,Cloudy,Morning,Weekday,85.41,11.94
B009,R07,46,37,Medium,Cloudy,Morning,Weekday,62.1,9.15
B009,R01,28,28,Medium,Rain,Morning,Weekday,50.83,9.66
B038,R01,58,43,Low,Clear,Morning,Weekday,51.05,8.81
B011,R03,22,26,Medium,Clear,Night,Weekday,52.13,5.77
B022,R04,54,25,High,Clear,Morning,Weekday,86.03,15.39
B033,R03,50,22,Medium,Clear,Evening,Weekday,62.52,11.94
B036,R07,52,40,Medium,Clear,Afternoon,Weekend,61.48,4.52
B045,R07,43,29,Low,Clear,Night,Weekend,48.64,5.52
B023,R06,37,38,Medium,Clear,Evening,Weekday,65.98,11.99
B045,R08,53,35,Medium,Clear,Morning,Weekday,59.95,9.4
B045,R02,27,23,Medium,Rain,Morning,Weekday,51.56,11.3
B034,R06,29,35,Low,Rain,Evening,Weekday,36.77,10.13
B009,R05,41,16,Medium,Clear,Night,Weekend,56.0,6.83
B024,R03,31,18,Medium,Rain,Afternoon,Weekday,59.22,12.9
B008,R03,5,21,Low,Rain,Afternoon,Weekend,23.59,5.54
B007,R06,25,37,Low,Rain,Afternoon,Weekday,36.67,7.99
B036,R05,53,40,Low,Clear,Afternoon,Weekday,58.09,7.6
B018,R01,14,17,Medium,Cloudy,Morning,Weekday,38.66,9.38
B003,R05,35,12,Medium,Clear,Night,Weekday,64.82,10.98
B028,R04,48,31,High,Cloudy,Morning,Weekend,81.38,10.06
B006,R06,29,49,Low,Cloudy,Night,Weekday,38.02,2.35
B044,R08,24,15,High,Cloudy,Afternoon,Weekday,74.81,11.27
B044,R05,6,25,Medium,Clear,Evening,Weekend,50.08,8.35
B021,R01,59,8,Medium,Rain,Evening,Weekday,70.04,13.38
B028,R05,52,34,Low,Clear,Morning,Weekday,42.13,7.53
B040,R03,19,36,Low,Clear,Evening,Weekday,30.95,5.22
B001,R02,32,23,High,Clear,Morning,Weekday,84.67,11.33
B036,R03,17,24,Low,Rain,Morning,Weekday,30.49,12.98
B021,R08,54,13,Low,Rain,Night,Weekday,44.38,11.86
B043,R07,56,32,Low,Cloudy,Afternoon,Weekday,47.47,7.42
B035,R02,58,33,High,Clear,Afternoon,Weekday,90.5,10.33
B013,R07,18,29,Low,Clear,Afternoon,Weekday,29.83,6.77
B049,R05,54,23,Low,Clear,Afternoon,Weekday,47.14,7.24
B010,R04,6,17,Medium,Clear,Night,Weekend,48.16,3.79
B044,R08,38,20,Medium,Clear,Afternoon,Weekend,69.37,5.51
B047,R05,39,29,Medium,Clear,Afternoon,Weekday,64.5,7.02
B010,R01,41,13,Medium,Clear,Evening,Weekday,63.86,10.57
B046,R05,29,8,High,Rain,Afternoon,Weekday,79.91,13.46
B013,R02,52,14,High,Cloudy,Afternoon,Weekday,89.48,13.14
B037,R03,58,29,High,Cloudy,Morning,Weekend,89.98,11.48
B038,R04,19,47,Low,Clear,Morning,Weekday,26.85,5.57
B024,R07,16,16,High,Clear,Afternoon,Weekday,65.35,8.11
B002,R05,13,25,Low,Clear,Morning,Weekday,26.69,6.59
B022,R05,35,31,Low,Clear,Evening,Weekday,39.21,6.79
B017,R03,18,22,High,Cloudy,Evening,Weekday,74.94,9.83
B036,R04,33,21,High,Clear,Evening,Weekend,76.22,6.44
B014,R06,57,34,Medium,Rain,Night,Weekend,67.01,7.88
B010,R07,52,15,High,Rain,Evening,Weekday,87.62,18.4
B035,R05,47,31,High,Clear,Afternoon,Weekday,85.9,11.55
B025,R05,42,23,Medium,Clear,Evening,Weekday,58.35,9.16
B003,R06,46,24,Medium,Rain,Evening,Weekday,59.66,12.3
B047,R07,12,16,High,Cloudy,Evening,Weekday,69.47,15.37
B038,R02,52,39,Low,Cloudy,Evening,Weekend,45.64,10.33
B017,R02,7,42,Low,Cloudy,Morning,Weekday,29.65,5.54
B012,R08,6,8,High,Clear,Evening,Weekday,64.64,13.12
B024,R08,20,45,Low,Clear,Evening,Weekday,29.9,6.45
B029,R01,23,49,Low,Clear,Morning,Weekday,25.86,4.83
B043,R03,34,41,Low,Clear,Morning,Weekday,37.3,6.79
B025,R04,45,17,Medium,Clear,Night,Weekday,57.84,9.99
B036,R05,20,16,High,Clear,Afternoon,Weekend,63.85,10.5
B026,R07,35,34,Medium,Rain,Night,Weekday,65.31,10.27
B038,R05,58,21,Medium,Cloudy,Morning,Weekday,66.82,11.21
B001,R08,32,8,High,Clear,Morning,Weekday,80.72,10.64
B020,R01,8,12,High,Clear,Morning,Weekday,58.72,10.02
B028,R07,14,26,Medium,Cloudy,Night,Weekday,43.7,4.36
B016,R07,55,33,High,Clear,Evening,Weekday,83.75,12.67
B047,R05,49,37,Medium,Cloudy,Afternoon,Weekday,68.18,6.74
B017,R03,22,42,Low,Rain,Afternoon,Weekday,33.49,6.52
B040,R01,51,24,Low,Clear,Evening,Weekday,39.14,9.05
B028,R03,36,37,Medium,Clear,Afternoon,Weekend,51.18,6.53
B012,R01,34,42,Medium,Cloudy,Evening,Weekend,59.66,4.74
B027,R05,40,42,Medium,Clear,Night,Weekday,66.8,7.42
B042,R01,13,36,Medium,Clear,Morning,Weekend,53.05,6.15
B047,R02,40,45,Low,Clear,Evening,Weekend,36.37,7.12
B030,R07,33,34,Low,Rain,Evening,Weekday,34.59,9.42
B041,R04,20,33,Medium,Clear,Morning,Weekday,52.62,7.34
B034,R05,32,21,Low,Rain,Morning,Weekday,38.98,12.11
B037,R06,25,40,Medium,Clear,Afternoon,Weekday,53.75,4.95
B006,R04,51,37,Medium,Clear,Evening,Weekday,63.68,8.91
B007,R05,60,26,Medium,Cloudy,Morning,Weekday,72.38,9.03
B032,R04,6,32,Low,Clear,Afternoon,Weekday,23.82,3.78
B032,R02,50,32,Medium,Clear,Night,Weekday,66.01,10.56
B025,R04,39,8,High,Clear,Evening,Weekday,83.97,11.5
B033,R01,58,22,High,Clear,Night,Weekday,94.56,10.58
B007,R08,32,8,High,Clear,Morning,Weekend,77.74,12.72
B012,R04,59,29,Medium,Cloudy,Morning,Weekend,70.98,8.8
B016,R05,40,33,Low,Cloudy,Evening,Weekday,39.22,8.35
B016,R06,35,26,Medium,Rain,Night,Weekday,58.16,9.62
B043,R06,37,27,High,Cloudy,Morning,Weekday,82.3,11.06
B036,R08,27,32,Low,Cloudy,Evening,Weekend,35.97,5.93
B013,R03,45,46,Low,Cloudy,Evening,Weekend,39.79,5.64
B007,R08,21,36,Low,Rain,Evening,Weekday,27.52,11.02
B036,R07,50,19,Medium,Clear,Morning,Weekday,61.86,9.67
B047,R04,53,21,Medium,Clear,Morning,Weekday,72.24,11.0
B009,R06,5,42,Low,Cloudy,Evening,Weekend,14.2,6.08
B032,R08,46,8,High,Clear,Afternoon,Weekend,76.22,11.43
B011,R04,27,35,Medium,Rain,Evening,Weekday,50.43,10.97
B008,R07,52,29,Low,Clear,Evening,Weekday,49.77,10.58
B033,R06,31,46,Low,Clear,Evening,Weekday,34.16,6.6
B023,R07,29,21,Low,Cloudy,Afternoon,Weekend,30.37,6.59
B025,R04,36,40,Medium,Clear,Night,Weekday,59.77,6.05
B008,R05,23,38,Low,Rain,Morning,Weekday,33.53,9.56
B045,R04,28,27,Medium,Rain,Morning,Weekday,57.93,12.57
B022,R08,7,8,High,Cloudy,Night,Weekend,70.32,7.89
B004,R07,16,33,Medium,Clear,Evening,Weekday,54.16,10.64
B040,R05,39,28,Low,Clear,Evening,Weekday,42.28,9.81
B003,R05,19,32,Medium,Clear,Morning,Weekday,49.08,7.49
B029,R03,21,8,High,Rain,Evening,Weekday,72.65,12.98
B041,R06,54,23,Low,Clear,Night,Weekday,44.95,6.85
B029,R01,36,22,Low,Clear,Morning,Weekday,42.46,7.83
B034,R05,11,18,Medium,Clear,Afternoon,Weekday,43.02,6.7
B034,R07,23,34,Medium,Clear,Evening,Weekend,47.71,7.1
B028,R06,11,35,Low,Rain,Night,Weekend,30.25,7.19
B013,R02,9,27,Medium,Clear,Morning,Weekday,37.29,10.7
B015,R04,44,16,Medium,Clear,Morning,Weekend,59.01,10.75
B023,R08,25,16,High,Cloudy,Afternoon,Weekday,75.5,12.0
B044,R07,52,22,Low,Rain,Evening,Weekday,45.57,11.63
B026,R02,52,20,High,Rain,Afternoon,Weekday,85.36,11.07
B004,R07,55,46,Low,Cloudy,Night,Weekday,42.25,4.49
B026,R04,51,13,Medium,Clear,Morning,Weekend,60.65,9.01
B040,R03,11,27,Medium,Clear,Morning,Weekend,44.59,8.86
B009,R07,41,24,Medium,Rain,Afternoon,Weekday,52.99,7.67
B005,R05,27,8,High,Rain,Afternoon,Weekday,73.45,13.57
B032,R01,15,25,Low,Cloudy,Afternoon,Weekday,33.18,5.17
B020,R05,14,33,Medium,Cloudy,Evening,Weekend,52.24,8.06
B050,R04,25,31,Low,Rain,Morning,Weekday,35.17,7.89
B011,R07,59,12,Medium,Clear,Evening,Weekday,70.46,13.75
B015,R01,45,47,Low,Clear,Night,Weekend,42.09,4.11
B032,R05,37,8,High,Cloudy,Evening,Weekend,78.78,10.55
B028,R01,24,8,High,Rain,Afternoon,Weekday,67.75,11.75
B022,R08,37,33,High,Cloudy,Night,Weekend,75.67,7.6
B041,R04,44,29,Low,Rain,Night,Weekday,34.47,9.54
B017,R03,39,30,Medium,Clear,Evening,Weekday,63.71,8.62
B026,R03,38,27,Low,Clear,Evening,Weekend,38.48,8.07
B044,R07,40,13,High,Clear,Afternoon,Weekday,89.02,10.89
B007,R05,31,29,Medium,Rain,Afternoon,Weekday,52.84,12.25
B042,R02,23,14,Medium,Clear,Night,Weekday,51.46,7.52
B026,R04,47,20,Medium,Clear,Afternoon,Weekend,66.68,7.8
B025,R05,9,19,Low,Rain,Morning,Weekday,26.39,10.96
B010,R05,33,35,Medium,Clear,Morning,Weekday,56.13,7.36
B045,R03,60,18,Low,Rain,Night,Weekday,57.99,8.88
B019,R07,14,18,High,Clear,Evening,Weekday,62.82,9.78
B011,R01,60,16,High,Clear,Evening,Weekday,92.86,14.4
B013,R04,59,25,Medium,Cloudy,Morning,Weekday,67.54,8.29
B008,R08,44,8,High,Rain,Evening,Weekday,81.38,16.45
B040,R01,17,45,Low,Clear,Afternoon,Weekday,29.66,2.83
B004,R06,33,25,High,Rain,Morning,Weekday,75.93,12.68
B047,R06,9,43,Low,Clear,Night,Weekday,23.75,0.89
B031,R04,16,39,Medium,Clear,Evening,Weekday,41.09,7.97
B028,R07,17,41,Medium,Clear,Night,Weekday,52.53,4.88
B011,R02,26,42,Low,Rain,Night,Weekend,26.05,5.65
B043,R06,44,42,Medium,Clear,Evening,Weekday,68.43,8.69
B001,R03,19,49,Low,Clear,Evening,Weekday,29.03,8.23
B049,R02,17,8,High,Rain,Morning,Weekday,72.66,13.07
B047,R05,5,26,Low,Clear,Morning,Weekday,11.59,7.18
B038,R06,58,41,Medium,Clear,Night,Weekend,68.83,6.12
B024,R03,42,8,High,Clear,Night,Weekday,80.94,12.31
B047,R05,47,35,Low,Cloudy,Morning,Weekday,39.53,7.1
B031,R02,49,18,Medium,Clear,Night,Weekday,68.37,11.79
B041,R04,57,19,Medium,Rain,Afternoon,Weekend,65.71,10.77
B046,R05,56,25,Low,Clear,Evening,Weekday,44.05,9.19
B050,R01,5,23,High,Clear,Evening,Weekday,60.88,12.54
B026,R04,15,31,Low,Rain,Afternoon,Weekday,31.8,6.88
B049,R04,47,28,Low,Clear,Morning,Weekday,44.72,9.49
B050,R02,44,26,Medium,Rain,Morning,Weekday,63.75,14.07
B005,R02,26,41,Medium,Clear,Night,Weekday,56.4,5.53
B020,R03,39,9,High,Clear,Night,Weekday,78.54,12.45
B041,R03,55,32,High,Clear,Morning,Weekday,92.16,10.1
B011,R01,48,28,Medium,Clear,Night,Weekday,65.69,8.6
B033,R04,10,16,Medium,Clear,Afternoon,Weekend,48.75,5.74
B050,R08,32,34,Low,Clear,Evening,Weekend,32.5,6.26
B038,R07,35,47,Low,Clear,Afternoon,Weekday,37.93,5.47
B027,R01,59,18,Medium,Clear,Evening,Weekday,73.76,13.21
B034,R01,12,17,High,Clear,Evening,Weekend,74.22,7.02
B015,R07,9,39,Low,Clear,Night,Weekend,29.23,1.73
B032,R07,46,47,Low,Clear,Night,Weekday,47.94,6.91
B021,R07,58,41,Medium,Clear,Evening,Weekday,61.99,9.64
B046,R02,52,37,Low,Cloudy,Night,Weekend,44.67,4.87
B005,R01,48,42,Medium,Cloudy,Afternoon,Weekday,66.79,8.65
B006,R01,21,40,Medium,Cloudy,Morning,Weekday,44.34,4.06
B038,R05,42,36,Medium,Clear,Night,Weekend,62.99,4.91
B022,R07,13,41,Low,Clear,Night,Weekday,24.86,5.52
B018,R07,14,28,High,Clear,Night,Weekday,65.6,6.2
B014,R03,24,36,Low,Rain,Morning,Weekday,32.32,8.93
B010,R03,18,34,High,Clear,Afternoon,Weekend,70.76,4.31
B046,R04,18,28,Medium,Clear,Evening,Weekend,52.65,7.27
B013,R03,30,21,High,Clear,Afternoon,Weekday,69.61,11.61
B031,R06,33,8,Medium,Rain,Night,Weekday,61.22,8.99
B030,R04,53,48,Low,Cloudy,Morning,Weekday,49.66,6.1
B003,R08,31,21,High,Clear,Afternoon,Weekend,74.25,10.29
B030,R07,29,25,Medium,Clear,Night,Weekday,59.26,6.47
B006,R05,20,16,Low,Rain,Night,Weekday,21.66,9.31
B029,R03,40,26,Low,Clear,Evening,Weekday,40.83,11.04
B008,R05,38,18,Medium,Clear,Morning,Weekday,56.22,11.27
B044,R03,20,12,Medium,Cloudy,Evening,Weekend,44.78,9.76
B045,R03,37,19,Medium,Clear,Afternoon,Weekday,51.08,10.97
B043,R05,7,31,Medium,Clear,Evening,Weekend,46.66,7.62
B044,R01,27,35,Medium,Clear,Afternoon,Weekday,56.06,6.68
B033,R01,15,8,High,Rain,Night,Weekday,73.49,11.28
B017,R01,52,20,Medium,Clear,Morning,Weekend,69.33,10.85
B048,R06,22,19,Low,Rain,Morning,Weekday,29.53,13.22
B011,R01,51,8,High,Cloudy,Night,Weekday,99.07,8.6
B013,R03,45,24,Low,Rain,Morning,Weekend,47.57,8.42
B050,R07,48,8,Medium,Rain,Evening,Weekday,58.25,14.25
B011,R02,33,16,Medium,Clear,Afternoon,Weekday,55.85,7.33
B031,R05,54,18,Medium,Clear,Afternoon,Weekday,68.13,10.52
B028,R07,9,49,Low,Cloudy,Afternoon,Weekend,23.18,3.17
B044,R02,28,31,Low,Cloudy,Evening,Weekday,44.27,8.05
B006,R07,33,34,Medium,Clear,Afternoon,Weekday,55.05,9.96
B041,R06,33,21,High,Rain,Morning,Weekend,74.57,13.53
B016,R02,30,42,Medium,Clear,Afternoon,Weekday,58.71,5.63
B004,R08,44,28,Medium,Clear,Evening,Weekday,62.6,8.4
B035,R04,7,33,Low,Cloudy,Morning,Weekday,22.39,6.66
B048,R01,6,22,Low,Clear,Night,Weekend,33.83,2.6
B026,R08,29,20,Low,Clear,Morning,Weekend,42.18,7.97
B012,R06,23,34,Low,Rain,Evening,Weekday,24.45,8.78
B011,R07,44,39,Medium,Cloudy,Morning,Weekday,71.37,5.68
B037,R03,6,38,Low,Rain,Afternoon,Weekday,22.11,8.02
B025,R01,23,42,Low,Cloudy,Evening,Weekday,37.17,7.21
B018,R08,5,29,Medium,Cloudy,Night,Weekday,52.41,7.68
B019,R01,31,17,High,Cloudy,Afternoon,Weekday,79.55,7.95
B023,R02,58,28,High,Clear,Evening,Weekend,100.0,13.48
B038,R04,49,24,Medium,Clear,Evening,Weekday,68.77,13.43
B018,R01,59,31,Low,Clear,Night,Weekday,52.64,5.21
B026,R07,56,9,Medium,Rain,Night,Weekday,73.05,13.21
B006,R07,53,22,Low,Clear,Evening,Weekday,40.31,8.57
B004,R05,39,25,Medium,Clear,Night,Weekday,58.48,7.54
B044,R05,45,10,High,Cloudy,Night,Weekend,77.14,10.81
B029,R01,9,18,Medium,Clear,Afternoon,Weekday,43.61,6.64
B034,R02,42,20,High,Clear,Evening,Weekday,83.25,12.22
B017,R02,8,17,Medium,Clear,Morning,Weekday,43.26,12.03
B043,R03,21,19,Medium,Rain,Afternoon,Weekend,49.78,7.49
B043,R06,57,38,Low,Clear,Evening,Weekday,41.72,8.55
B016,R06,25,18,High,Clear,Evening,Weekday,69.88,15.41
B002,R08,57,26,Low,Clear,Afternoon,Weekday,56.84,7.08
B034,R06,52,8,High,Clear,Night,Weekend,83.22,11.92
B008,R04,35,34,Low,Clear,Morning,Weekday,35.78,5.84
B013,R02,52,32,Low,Rain,Morning,Weekday,47.17,9.01
B042,R03,26,16,High,Clear,Evening,Weekday,74.86,10.15
B008,R05,15,45,Low,Clear,Evening,Weekday,26.82,5.94
B030,R07,38,8,High,Rain,Morning,Weekday,72.02,18.03
B032,R06,53,32,Low,Cloudy,Evening,Weekday,49.2,9.32
B036,R05,19,16,High,Clear,Morning,Weekday,79.1,11.64
B047,R05,54,42,Medium,Clear,Night,Weekday,76.18,6.78
B030,R01,14,17,Medium,Rain,Morning,Weekend,43.41,10.06
B001,R04,42,34,Medium,Clear,Morning,Weekday,63.01,7.81
B043,R03,36,27,Low,Cloudy,Morning,Weekday,50.65,6.51
B039,R04,57,8,High,Clear,Evening,Weekday,88.48,14.8
B017,R01,52,23,Low,Clear,Night,Weekday,47.27,10.69
B020,R03,35,28,Medium,Cloudy,Afternoon,Weekday,50.03,9.06
B024,R03,41,31,Medium,Clear,Afternoon,Weekday,65.71,6.99
B050,R02,48,25,Medium,Clear,Morning,Weekday,65.39,8.87
B022,R04,32,23,Low,Rain,Evening,Weekend,31.54,8.49
B029,R04,35,29,Low,Clear,Afternoon,Weekend,40.97,8.31
B022,R02,10,20,Low,Clear,Afternoon,Weekend,29.89,5.97
B044,R08,18,10,High,Cloudy,Morning,Weekday,65.53,12.44
B009,R05,27,25,Low,Cloudy,Morning,Weekday,25.19,9.1
B037,R01,20,10,High,Clear,Evening,Weekday,70.7,13.46
B010,R04,29,43,Low,Cloudy,Afternoon,Weekday,37.96,1.26
B036,R02,43,34,Low,Clear,Morning,Weekend,42.83,4.74
B037,R07,6,17,Medium,Cloudy,Night,Weekday,48.79,9.22
B028,R08,42,30,Low,Rain,Night,Weekday,32.44,11.84
B028,R03,45,8,Medium,Rain,Night,Weekday,57.43,14.27
B042,R06,43,12,High,Cloudy,Morning,Weekend,82.61,11.6
B043,R07,38,25,Low,Clear,Evening,Weekend,31.21,8.11
B021,R02,55,25,High,Clear,Night,Weekday,83.71,9.18
B024,R06,44,28,Medium,Clear,Night,Weekday,59.36,8.78
B042,R05,47,43,Low,Clear,Night,Weekday,48.58,5.64
B040,R01,29,49,Low,Clear,Morning,Weekday,41.03,5.56
B002,R06,40,8,High,Rain,Morning,Weekday,83.62,16.38
B008,R08,20,36,Low,Rain,Morning,Weekday,39.37,8.97
B048,R05,22,8,High,Clear,Night,Weekend,78.0,5.39
B027,R06,17,18,Medium,Cloudy,Morning,Weekend,52.45,7.44
B022,R03,41,34,Low,Cloudy,Morning,Weekday,44.3,6.21
B037,R03,31,36,Medium,Clear,Evening,Weekday,52.57,8.74
B027,R08,38,33,High,Clear,Morning,Weekday,72.03,11.25
B029,R03,15,38,Medium,Clear,Afternoon,Weekday,43.93,6.8
B003,R03,5,40,Medium,Clear,Morning,Weekday,46.71,6.78
B044,R02,17,20,High,Cloudy,Morning,Weekday,66.93,10.81
B013,R03,34,24,Low,Rain,Afternoon,Weekend,40.06,4.21
B045,R07,9,16,High,Clear,Afternoon,Weekend,55.36,10.08
B010,R03,22,24,High,Cloudy,Morning,Weekend,73.63,10.12
B036,R07,18,24,Medium,Clear,Evening,Weekday,44.72,9.15
B009,R02,17,8,High,Rain,Night,Weekend,64.86,11.49
B027,R03,36,11,Medium,Rain,Afternoon,Weekday,66.33,9.43
B034,R08,11,40,Medium,Clear,Evening,Weekday,56.26,10.8
B001,R05,12,30,Medium,Rain,Morning,Weekday,40.63,9.71
B032,R08,54,15,Medium,Clear,Morning,Weekend,65.85,7.68
B025,R05,11,14,Medium,Clear,Afternoon,Weekday,44.88,7.65
B029,R04,56,36,Low,Cloudy,Afternoon,Weekday,51.69,6.21
B007,R05,53,27,Medium,Clear,Evening,Weekday,64.15,12.25
B049,R01,20,38,Low,Clear,Morning,Weekday,25.97,5.84
B003,R01,47,50,Low,Cloudy,Afternoon,Weekday,44.97,4.3
B020,R01,35,21,Low,Clear,Afternoon,Weekday,37.9,5.37
B020,R02,55,24,High,Clear,Night,Weekend,91.84,7.43
B030,R08,31,25,Medium,Clear,Afternoon,Weekend,52.09,4.85
B035,R05,37,27,Medium,Clear,Evening,Weekend,57.48,9.75
B035,R08,57,36,Low,Clear,Morning,Weekday,52.39,8.38
B049,R07,33,15,Medium,Clear,Afternoon,Weekday,56.2,10.17
B039,R01,12,20,Low,Rain,Night,Weekday,17.61,7.92
B027,R04,37,21,Low,Rain,Afternoon,Weekend,46.62,10.37
B026,R02,45,42,Medium,Clear,Afternoon,Weekday,62.08,5.65
B014,R04,23,27,Medium,Clear,Morning,Weekday,51.17,8.2
B017,R05,25,35,Low,Cloudy,Night,Weekday,45.14,4.84
B018,R03,45,21,Medium,Rain,Evening,Weekday,73.06,13.05
B045,R04,25,8,High,Clear,Evening,Weekday,77.25,11.52
B029,R03,29,34,Low,Rain,Morning,Weekday,29.07,7.75
B020,R02,46,40,Low,Clear,Evening,Weekday,49.88,3.91
B027,R04,60,32,Medium,Rain,Evening,Weekday,61.14,15.29
B018,R04,27,36,Low,Clear,Afternoon,Weekday,34.18,5.02
B004,R06,15,14,High,Rain,Evening,Weekday,65.18,13.84
B001,R02,37,29,Medium,Clear,Night,Weekday,54.99,6.57
B050,R02,24,27,Medium,Rain,Afternoon,Weekend,53.16,9.04
B001,R01,29,17,Medium,Clear,Evening,Weekday,57.57,10.16
B026,R05,30,40,Medium,Clear,Night,Weekday,58.93,9.2
B045,R04,44,43,Low,Rain,Afternoon,Weekday,41.59,6.89
B020,R08,56,9,High,Cloudy,Night,Weekday,86.95,11.45
B023,R04,16,12,Medium,Cloudy,Morning,Weekend,52.27,9.93
B010,R07,36,48,Low,Clear,Morning,Weekend,42.39,5.89
B011,R02,37,27,Medium,Cloudy,Evening,Weekend,59.19,7.11
B041,R08,14,29,Low,Rain,Night,Weekday,22.67,8.34
B041,R02,8,23,Low,Clear,Afternoon,Weekday,15.55,7.1
B005,R05,19,27,Medium,Cloudy,Night,Weekend,52.8,8.37
B001,R02,55,30,Medium,Rain,Night,Weekday,72.36,9.05
B017,R03,10,42,Medium,Cloudy,Morning,Weekend,43.99,6.09
B022,R03,31,34,Low,Rain,Morning,Weekend,37.37,6.69
B034,R06,9,31,Medium,Rain,Evening,Weekday,51.1,12.27
B045,R03,9,41,Low,Cloudy,Night,Weekday,34.55,4.11
B041,R03,22,32,Medium,Cloudy,Night,Weekday,49.02,8.72
B029,R05,32,24,Medium,Rain,Afternoon,Weekday,55.56,11.26
B004,R04,39,8,Medium,Rain,Afternoon,Weekday,61.77,10.66
B005,R03,26,19,High,Rain,Morning,Weekday,66.93,14.04
B011,R08,38,15,High,Clear,Night,Weekday,68.28,9.6
B021,R06,8,19,High,Clear,Evening,Weekday,57.33,9.59
B035,R02,22,9,High,Cloudy,Morning,Weekday,69.62,11.29
B012,R03,45,19,High,Cloudy,Night,Weekend,78.88,9.97
B026,R06,55,10,High,Clear,Morning,Weekend,83.42,10.85
B019,R05,30,17,High,Clear,Evening,Weekday,75.26,12.42
B045,R07,46,14,Medium,Clear,Night,Weekend,62.93,6.3
B007,R07,26,20,Low,Cloudy,Evening,Weekday,29.22,5.39
B047,R07,51,29,Low,Rain,Night,Weekday,37.43,11.7
B007,R02,37,16,High,Rain,Night,Weekend,80.54,11.49
B026,R06,47,15,Medium,Clear,Evening,Weekday,68.77,10.98
B040,R03,18,10,High,Clear,Afternoon,Weekday,65.91,9.77
B005,R04,35,48,Low,Clear,Evening,Weekday,35.58,7.12
B021,R02,14,18,Medium,Clear,Evening,Weekend,51.06,8.96
B014,R02,55,15,Medium,Cloudy,Morning,Weekday,72.74,12.44
B004,R07,28,10,High,Clear,Evening,Weekend,71.71,12.14
B023,R04,25,27,Low,Clear,Evening,Weekday,31.98,7.61
B042,R07,52,12,High,Clear,Morning,Weekday,93.38,14.54
B020,R02,12,25,High,Clear,Afternoon,Weekday,70.39,8.32
B015,R03,36,34,Low,Clear,Evening,Weekday,32.3,7.44
B050,R07,35,15,Medium,Clear,Morning,Weekday,48.92,9.92
B045,R07,38,45,Low,Clear,Afternoon,Weekday,37.61,6.77
B029,R08,27,37,Low,Clear,Afternoon,Weekday,28.67,5.42
B008,R07,29,36,Medium,Clear,Evening,Weekday,56.84,8.98
B041,R02,11,31,Low,Cloudy,Afternoon,Weekday,29.07,1.49
B048,R03,23,35,Low,Rain,Evening,Weekend,32.78,8.96
B019,R04,11,9,High,Clear,Afternoon,Weekend,61.47,10.17
B048,R01,51,15,Medium,Cloudy,Afternoon,Weekend,59.15,9.81
B039,R04,12,8,Medium,Rain,Afternoon,Weekend,49.31,9.64
B046,R03,18,37,Low,Clear,Evening,Weekday,33.14,7.54
B028,R05,5,8,High,Clear,Afternoon,Weekday,68.04,10.64
B046,R07,17,24,High,Clear,Night,Weekend,67.05,5.12
B027,R04,7,17,Medium,Clear,Morning,Weekend,43.04,9.7
B004,R05,57,29,High,Cloudy,Morning,Weekday,92.56,11.62
B015,R05,32,12,High,Clear,Night,Weekday,76.06,11.07
B035,R03,42,21,Medium,Rain,Afternoon,Weekday,58.14,10.17
B037,R03,55,32,Medium,Clear,Night,Weekday,63.3,9.29
B001,R08,19,23,Low,Rain,Evening,Weekday,33.09,10.76
B003,R07,40,41,Low,Rain,Morning,Weekend,38.54,5.62
B047,R01,57,33,Low,Rain,Afternoon,Weekday,45.78,7.91
B024,R06,7,21,Low,Rain,Morning,Weekday,25.75,11.53
B027,R02,8,30,Low,Clear,Night,Weekday,20.44,5.92
B040,R04,9,30,High,Cloudy,Night,Weekend,61.61,6.87
B036,R03,54,23,Low,Clear,Morning,Weekday,47.2,8.14
B034,R04,30,9,High,Rain,Morning,Weekday,72.67,13.55
B029,R06,29,40,Medium,Clear,Morning,Weekday,61.57,6.81
B024,R06,14,38,Low,Clear,Morning,Weekday,29.67,6.12
B024,R07,12,8,Medium,Rain,Night,Weekday,46.63,13.4
B042,R05,16,41,Low,Clear,Afternoon,Weekend,35.02,2.69
B004,R07,58,34,High,Clear,Morning,Weekday,89.4,11.55
B003,R02,7,30,High,Clear,Afternoon,Weekday,68.91,7.19
B034,R01,31,20,Low,Cloudy,Morning,Weekday,30.53,7.8
B049,R04,54,20,High,Cloudy,Evening,Weekday,83.84,13.47
B023,R02,27,28,Medium,Cloudy,Afternoon,Weekday,48.71,10.29
B023,R08,44,19,Low,Rain,Evening,Weekday,44.52,13.3
B045,R01,37,25,Medium,Clear,Night,Weekday,50.78,9.84
B005,R04,18,16,Medium,Clear,Evening,Weekend,50.59,8.36
B031,R02,58,49,Low,Cloudy,Night,Weekday,46.53,3.83
B041,R03,27,17,High,Cloudy,Morning,Weekend,74.15,10.62
B006,R04,35,30,Low,Clear,Night,Weekday,37.4,4.89
B037,R02,17,42,Medium,Clear,Morning,Weekend,51.28,5.76
B010,R06,16,44,Low,Clear,Morning,Weekday,39.18,5.83
B040,R01,39,31,High,Clear,Morning,Weekday,89.6,11.94
B007,R02,22,30,High,Clear,Night,Weekend,75.08,9.69
B039,R03,25,49,Low,Clear,Morning,Weekday,30.78,6.15
B038,R07,49,50,Low,Clear,Evening,Weekday,45.44,6.98
B021,R04,51,22,Low,Clear,Evening,Weekday,43.51,7.86
B020,R08,46,9,High,Cloudy,Morning,Weekday,79.32,14.84
B003,R04,5,19,Low,Rain,Morning,Weekday,12.74,10.65
B022,R04,42,22,High,Clear,Afternoon,Weekday,79.86,9.68
B047,R03,45,12,High,Clear,Night,Weekday,83.88,12.51
B004,R01,46,8,Medium,Rain,Afternoon,Weekday,66.06,12.47
B028,R04,51,47,Low,Clear,Evening,Weekend,46.06,7.78
B012,R01,13,16,Medium,Rain,Night,Weekend,43.03,8.98
B038,R02,27,18,Medium,Clear,Evening,Weekday,51.01,9.94
B036,R06,18,14,Medium,Rain,Night,Weekday,53.62,8.32
B047,R08,15,31,Medium,Clear,Night,Weekday,38.95,6.03
B041,R06,11,26,Medium,Clear,Night,Weekday,42.95,9.46
B005,R01,35,29,Medium,Rain,Evening,Weekday,57.62,16.18
B013,R01,28,19,High,Rain,Morning,Weekday,71.95,14.67
B023,R06,30,43,Low,Clear,Evening,Weekend,27.41,4.82
B050,R04,34,31,Medium,Rain,Night,Weekday,61.67,9.57
B030,R05,38,29,High,Clear,Evening,Weekday,84.82,11.53
B037,R05,50,38,Low,Cloudy,Evening,Weekday,40.06,7.26
B025,R03,42,17,Medium,Clear,Afternoon,Weekday,44.96,10.11
B048,R08,9,23,High,Clear,Night,Weekday,74.5,6.86
B027,R07,9,24,Medium,Cloudy,Evening,Weekday,42.42,9.09
B014,R06,23,39,Low,Clear,Night,Weekday,26.64,7.35
B048,R06,55,31,Low,Clear,Evening,Weekday,46.94,10.09
B047,R03,42,37,Low,Clear,Afternoon,Weekday,42.6,8.59
B036,R08,32,35,Low,Clear,Evening,Weekend,32.86,6.08
B039,R05,30,14,High,Cloudy,Morning,Weekday,75.65,11.02
B016,R02,46,37,Medium,Clear,Night,Weekday,62.4,7.96
B022,R04,27,37,Low,Rain,Afternoon,Weekend,30.06,5.28
B021,R04,50,14,High,Clear,Evening,Weekday,76.83,12.51
B021,R02,53,12,Medium,Clear,Afternoon,Weekend,73.16,8.45
B008,R02,34,20,Low,Clear,Evening,Weekday,39.82,10.4
B049,R08,7,18,Medium,Cloudy,Night,Weekday,39.66,8.85
B016,R05,32,50,Low,Clear,Evening,Weekend,38.03,5.85
B031,R03,37,29,High,Clear,Afternoon,Weekday,74.15,9.72
B042,R02,46,18,Medium,Clear,Morning,Weekend,62.81,12.15
B010,R03,7,8,High,Rain,Afternoon,Weekend,66.47,12.2
B032,R08,9,33,Low,Clear,Morning,Weekday,26.82,4.65
B034,R07,23,20,High,Rain,Morning,Weekday,69.47,13.98
B009,R01,46,24,Low,Clear,Night,Weekday,47.08,5.31
B017,R04,52,25,High,Clear,Afternoon,Weekday,86.05,9.7
B011,R05,5,15,High,Clear,Evening,Weekday,59.86,13.48
B032,R04,42,15,Medium,Clear,Morning,Weekday,69.38,11.05
B010,R05,13,8,High,Clear,Afternoon,Weekday,60.88,10.45
B022,R08,9,14,High,Rain,Night,Weekend,66.5,11.54
B017,R01,50,27,High,Clear,Evening,Weekend,92.08,11.13
B004,R04,46,46,Low,Clear,Evening,Weekday,34.49,3.8
B048,R01,38,16,Medium,Clear,Evening,Weekday,67.18,11.95
B047,R08,41,29,High,Clear,Afternoon,Weekday,88.95,10.73
B025,R05,37,9,High,Clear,Afternoon,Weekend,76.16,10.44
B021,R02,29,18,Medium,Rain,Evening,Weekday,55.95,11.79
B037,R07,46,9,High,Clear,Night,Weekend,79.32,13.19
B038,R04,33,39,Low,Cloudy,Evening,Weekend,32.37,5.29
B049,R01,29,28,High,Clear,Evening,Weekend,68.84,9.13
B001,R06,58,42,Low,Clear,Night,Weekday,57.47,5.92
B025,R04,13,31,Low,Clear,Night,Weekday,25.34,5.91
B036,R04,7,39,Medium,Clear,Night,Weekend,36.57,5.51
B017,R04,19,37,Medium,Clear,Evening,Weekday,54.69,9.26
B041,R03,8,23,Medium,Clear,Night,Weekday,47.37,8.87
B024,R01,49,40,Medium,Clear,Afternoon,Weekday,66.38,7.8
B002,R01,42,20,Low,Rain,Night,Weekday,37.71,11.4
B040,R04,24,42,Low,Clear,Evening,Weekend,29.98,6.16
B015,R08,53,23,High,Cloudy,Morning,Weekday,96.86,12.06
B032,R08,27,36,Medium,Clear,Morning,Weekend,55.43,6.64
B039,R02,41,8,Medium,Rain,Afternoon,Weekday,57.86,14.19
B006,R04,51,41,Medium,Clear,Morning,Weekday,69.22,9.85
B001,R03,12,8,High,Clear,Morning,Weekend,70.22,10.26
B047,R05,41,34,Medium,Rain,Morning,Weekend,69.57,9.87
B023,R03,60,37,Low,Clear,Afternoon,Weekend,50.33,3.71
B039,R08,49,27,High,Cloudy,Morning,Weekend,88.16,13.25
B017,R02,37,28,High,Cloudy,Evening,Weekday,81.16,12.37
B034,R08,37,14,Medium,Clear,Morning,Weekday,54.93,12.67
B041,R08,11,12,High,Rain,Night,Weekday,58.67,15.54
B029,R08,26,9,Medium,Rain,Morning,Weekday,56.11,15.74
B009,R04,9,13,Medium,Rain,Morning,Weekday,47.96,11.32
B013,R08,50,18,Low,Rain,Evening,Weekday,32.84,16.22
B006,R01,19,30,Medium,Clear,Afternoon,Weekday,52.15,8.12
B006,R07,25,41,Low,Clear,Afternoon,Weekday,32.1,2.79
B020,R06,29,44,Low,Cloudy,Morning,Weekday,36.68,6.33
B003,R04,21,46,Low,Clear,Evening,Weekday,28.09,6.14
B017,R02,60,46,Low,Clear,Morning,Weekday,57.27,7.68
B049,R01,54,27,Medium,Clear,Afternoon,Weekday,72.15,9.06
B012,R03,11,30,Medium,Rain,Afternoon,Weekday,38.55,10.09
B048,R08,58,26,Low,Clear,Night,Weekend,44.1,5.0
B047,R05,54,8,High,Rain,Night,Weekday,87.3,14.91
B045,R05,23,35,Low,Clear,Evening,Weekend,28.41,5.3
B001,R07,56,31,Medium,Clear,Evening,Weekday,73.41,10.67
B017,R04,11,29,Low,Rain,Afternoon,Weekday,20.44,7.18
B003,R03,44,31,Low,Rain,Afternoon,Weekday,47.36,7.98
B026,R07,49,47,Low,Clear,Afternoon,Weekend,32.36,5.15
B015,R06,54,36,Medium,Clear,Morning,Weekday,64.98,10.15
B036,R06,28,20,High,Clear,Night,Weekday,80.94,10.57
B032,R07,15,25,Low,Rain,Night,Weekend,27.21,6.25
B032,R02,45,13,Medium,Clear,Afternoon,Weekend,62.64,9.24
B004,R05,59,21,Low,Clear,Afternoon,Weekday,53.39,7.44
B018,R03,5,27,High,Cloudy,Night,Weekend,65.14,6.83
B049,R04,58,25,High,Clear,Evening,Weekend,88.44,13.24
B019,R08,36,42,Low,Clear,Afternoon,Weekday,44.59,6.12
B043,R01,44,31,Medium,Rain,Afternoon,Weekday,62.65,5.88
B035,R04,57,8,High,Rain,Evening,Weekend,91.21,12.34
B040,R04,48,20,Medium,Rain,Afternoon,Weekday,68.73,13.78
B014,R03,6,38,Medium,Clear,Night,Weekday,30.85,3.93
B033,R05,19,8,Medium,Rain,Night,Weekday,45.9,9.25
B014,R03,25,31,Medium,Cloudy,Evening,Weekday,49.55,8.91
B034,R01,28,15,High,Clear,Night,Weekday,77.29,10.72
B004,R07,54,25,High,Cloudy,Evening,Weekend,95.72,10.83
B024,R03,21,31,High,Clear,Evening,Weekend,61.17,5.18
B029,R02,51,39,Medium,Cloudy,Night,Weekday,63.42,7.75
B019,R04,56,40,Medium,Cloudy,Evening,Weekday,73.47,12.34
B006,R05,56,40,Medium,Cloudy,Night,Weekday,59.3,5.58
B033,R08,13,23,High,Clear,Evening,Weekday,68.42,13.55
B049,R06,39,25,Medium,Cloudy,Evening,Weekday,61.78,9.74
B040,R01,24,12,Medium,Clear,Evening,Weekday,54.69,13.28
B019,R06,23,29,Low,Rain,Night,Weekday,25.88,8.84
B001,R04,22,35,Medium,Cloudy,Afternoon,Weekday,50.8,5.86
B005,R03,24,21,High,Clear,Morning,Weekday,65.99,12.13
B027,R06,34,23,Medium,Clear,Afternoon,Weekday,62.54,10.09
B016,R02,44,44,Low,Cloudy,Evening,Weekend,36.68,3.85
B006,R03,5,29,Low,Clear,Night,Weekend,22.69,3.85
B040,R04,28,35,Medium,Cloudy,Evening,Weekday,64.45,10.47
B013,R06,28,18,High,Clear,Afternoon,Weekend,79.64,8.57
B048,R08,51,20,High,Cloudy,Morning,Weekday,76.66,10.37
B035,R07,23,29,High,Clear,Afternoon,Weekday,69.98,12.07
B019,R01,34,22,Medium,Clear,Night,Weekday,57.33,5.49
B012,R06,30,28,Medium,Rain,Night,Weekday,54.05,9.59
B016,R08,46,36,Medium,Cloudy,Afternoon,Weekend,64.94,6.45
B043,R07,48,31,Medium,Clear,Afternoon,Weekend,67.08,10.18
B010,R07,42,11,Medium,Rain,Morning,Weekday,70.17,10.06
B025,R06,33,31,Medium,Clear,Evening,Weekday,54.16,9.42
B020,R05,17,40,Medium,Cloudy,Night,Weekday,52.22,5.12
B031,R06,8,38,Low,Clear,Night,Weekend,23.09,2.11
B004,R04,49,30,Low,Clear,Morning,Weekday,52.34,10.21
B044,R07,21,8,High,Clear,Night,Weekday,72.46,9.14
B023,R01,37,21,High,Clear,Night,Weekend,78.7,7.31
B002,R04,9,27,Medium,Rain,Afternoon,Weekday,43.19,7.54
B022,R02,32,34,Low,Rain,Afternoon,Weekend,31.65,7.11
B037,R03,28,18,High,Clear,Morning,Weekday,78.33,11.54
B008,R06,21,42,Medium,Clear,Night,Weekday,46.4,5.68
B007,R05,54,17,Medium,Rain,Morning,Weekend,57.67,11.6
B014,R01,43,35,Medium,Clear,Evening,Weekday,56.7,11.65
B003,R05,52,38,Medium,Clear,Evening,Weekday,66.76,6.69
B050,R05,44,27,Medium,Clear,Morning,Weekend,55.89,10.52
B016,R05,48,22,High,Clear,Night,Weekday,79.97,8.46
B019,R06,50,25,Low,Clear,Evening,Weekday,35.55,10.41
B018,R01,55,47,Low,Cloudy,Night,Weekday,43.36,6.46
B016,R01,15,41,Low,Clear,Afternoon,Weekday,36.06,5.07
B008,R07,16,40,Low,Rain,Morning,Weekday,24.83,8.1
B033,R05,17,35,Low,Clear,Evening,Weekday,27.96,6.04
B049,R07,12,37,Low,Cloudy,Night,Weekday,37.21,4.6
B012,R07,5,20,Low,Clear,Afternoon,Weekday,24.16,7.09
B011,R03,13,37,Low,Cloudy,Morning,Weekday,27.96,5.38
B005,R06,32,28,Low,Clear,Evening,Weekday,31.23,7.07
B027,R06,6,32,Low,Clear,Afternoon,Weekday,24.13,4.42
B012,R04,18,20,Medium,Rain,Morning,Weekday,57.66,11.33
B017,R08,17,33,Medium,Clear,Evening,Weekday,42.46,8.4
B006,R07,52,38,Low,Cloudy,Night,Weekday,45.07,8.32
B033,R06,6,35,Medium,Rain,Afternoon,Weekday,37.13,7.38
B005,R05,8,29,High,Clear,Afternoon,Weekday,72.08,10.29
B028,R08,16,26,High,Clear,Night,Weekday,62.1,10.35
B014,R02,52,20,Low,Clear,Afternoon,Weekend,42.48,4.12
B005,R05,14,26,High,Rain,Afternoon,Weekday,61.2,10.31
B033,R01,7,40,Medium,Clear,Morning,Weekend,36.59,6.1
B050,R06,8,27,Low,Cloudy,Night,Weekday,24.46,4.87
B048,R08,10,29,Low,Cloudy,Afternoon,Weekend,23.25,3.08
B041,R06,27,26,Low,Clear,Night,Weekday,35.25,7.32
B019,R04,9,14,Medium,Cloudy,Morning,Weekday,47.61,9.64
B022,R07,54,24,Medium,Clear,Morning,Weekend,58.59,9.45
B005,R02,7,31,Medium,Clear,Night,Weekday,45.01,8.34
B002,R06,14,30,Low,Cloudy,Night,Weekday,22.44,3.87
B030,R04,47,42,Low,Clear,Evening,Weekday,44.22,6.45
B047,R04,23,39,Low,Clear,Morning,Weekday,33.17,5.52
B039,R02,18,16,Medium,Cloudy,Afternoon,Weekend,47.71,4.95
B004,R05,25,16,High,Cloudy,Morning,Weekday,79.08,11.59
B033,R05,47,15,High,Clear,Morning,Weekday,76.34,13.52
B013,R05,32,19,High,Cloudy,Evening,Weekday,70.37,10.26
B020,R03,25,28,Medium,Clear,Night,Weekday,53.72,5.79
B007,R07,40,18,Medium,Rain,Morning,Weekday,70.56,12.82
B015,R08,28,32,Medium,Cloudy,Evening,Weekday,49.29,9.67
B023,R07,58,37,Medium,Clear,Night,Weekday,68.67,7.59
B014,R05,42,41,Medium,Clear,Morning,Weekday,66.95,7.91
B023,R02,21,13,High,Cloudy,Evening,Weekday,75.08,14.22
B019,R03,26,17,Medium,Rain,Morning,Weekday,56.08,11.41
B029,R07,23,49,Low,Clear,Afternoon,Weekend,27.9,5.07
B020,R05,49,15,High,Clear,Night,Weekday,84.37,10.31
B029,R03,58,8,High,Clear,Night,Weekday,89.15,12.86
B024,R08,14,30,Medium,Clear,Morning,Weekday,52.22,7.38
B018,R02,15,23,Medium,Cloudy,Evening,Weekend,46.84,7.72
B010,R05,42,44,Low,Clear,Evening,Weekday,47.78,6.01
B041,R08,6,12,Medium,Cloudy,Afternoon,Weekday,42.73,8.97
B008,R01,37,22,Low,Rain,Afternoon,Weekend,39.2,10.46
B026,R08,47,33,Low,Rain,Evening,Weekday,42.86,10.69
B029,R06,35,37,Medium,Clear,Night,Weekday,56.61,5.47
B010,R02,52,48,Low,Cloudy,Afternoon,Weekday,45.64,5.98
B017,R08,39,8,Medium,Rain,Morning,Weekday,59.67,15.73
B002,R08,41,8,High,Clear,Morning,Weekday,72.39,14.21
B006,R04,51,40,Low,Clear,Night,Weekday,44.1,3.57
B005,R04,51,30,Medium,Rain,Night,Weekday,73.94,9.82
B028,R08,40,38,Medium,Clear,Afternoon,Weekday,50.93,5.94
B041,R08,27,29,Low,Rain,Morning,Weekend,32.28,8.65
B005,R02,40,15,Medium,Clear,Night,Weekday,57.19,9.86
B018,R04,44,18,Medium,Clear,Morning,Weekday,63.63,12.09
B026,R07,43,26,Medium,Clear,Afternoon,Weekend,64.05,7.84
B020,R02,30,8,High,Clear,Night,Weekday,75.73,13.23
B041,R01,29,39,Medium,Clear,Evening,Weekend,44.44,10.41
B049,R02,21,32,High,Clear,Morning,Weekday,60.36,12.33
B027,R05,19,25,Medium,Clear,Night,Weekend,36.18,5.35
B049,R05,41,45,Low,Clear,Afternoon,Weekend,39.82,4.89
B012,R03,49,26,Medium,Clear,Evening,Weekday,56.28,11.3
B007,R04,8,14,Low,Rain,Night,Weekday,12.26,11.34
B003,R08,26,31,Medium,Clear,Morning,Weekday,48.4,13.37
B010,R06,21,30,Medium,Rain,Morning,Weekday,47.09,10.48
B034,R04,26,8,Medium,Rain,Afternoon,Weekend,52.59,10.86
B025,R07,21,35,Low,Clear,Morning,Weekday,30.54,6.56
B035,R02,18,13,Medium,Clear,Evening,Weekend,49.3,11.15
B016,R06,18,28,Low,Rain,Afternoon,Weekend,33.1,6.67
B002,R06,21,28,Medium,Cloudy,Afternoon,Weekday,49.03,8.32
B024,R08,12,21,High,Clear,Night,Weekday,69.74,9.34
B010,R08,38,22,High,Cloudy,Afternoon,Weekday,77.25,7.98
B038,R04,30,35,Low,Clear,Night,Weekday,33.01,5.26
B022,R06,49,15,Medium,Clear,Afternoon,Weekend,61.64,8.77
B026,R06,34,28,Medium,Clear,Night,Weekday,56.82,8.23
B043,R05,26,8,High,Clear,Night,Weekday,76.3,12.47
B039,R01,20,27,Medium,Rain,Night,Weekend,53.2,8.24
B027,R08,34,33,Low,Rain,Evening,Weekday,40.05,8.57
B029,R02,20,24,Medium,Cloudy,Night,Weekday,51.55,9.75
B047,R04,42,18,Medium,Clear,Evening,Weekend,55.24,9.29
B038,R08,58,37,Medium,Clear,Night,Weekday,82.79,8.39
B020,R05,28,12,High,Clear,Night,Weekend,67.33,9.8
B027,R07,40,33,Low,Clear,Evening,Weekend,40.61,4.62
B041,R08,39,34,High,Clear,Evening,Weekday,94.49,13.58
B020,R07,10,20,Low,Cloudy,Evening,Weekday,29.41,8.19
B044,R03,8,11,High,Clear,Evening,Weekday,60.5,12.92
B019,R06,22,8,High,Rain,Night,Weekday,77.09,15.19
B020,R06,10,35,Medium,Rain,Night,Weekday,45.98,8.66
B035,R04,30,15,Medium,Cloudy,Afternoon,Weekday,50.92,9.66
B047,R01,41,44,Low,Cloudy,Afternoon,Weekend,41.59,4.35
B002,R01,31,32,Low,Clear,Night,Weekday,33.69,6.84
B030,R04,45,37,Low,Clear,Afternoon,Weekend,41.43,4.26
B034,R04,15,21,Low,Rain,Evening,Weekday,27.71,12.76
B022,R05,42,19,Medium,Cloudy,Afternoon,Weekday,64.5,7.24
B003,R07,20,49,Low,Clear,Evening,Weekend,34.51,6.93
B006,R04,23,9,High,Cloudy,Night,Weekend,67.86,11.97
B015,R07,47,25,Medium,Rain,Afternoon,Weekday,65.3,11.63
B027,R08,57,30,Medium,Clear,Evening,Weekday,67.16,10.56
B010,R08,19,27,Medium,Clear,Night,Weekday,53.34,9.44
B009,R03,30,13,Low,Rain,Night,Weekday,29.89,11.05
B033,R07,60,34,Low,Clear,Evening,Weekend,49.9,6.41
B032,R05,45,25,Low,Clear,Evening,Weekday,33.35,9.61
B048,R08,60,13,High,Clear,Night,Weekday,93.52,11.56
B006,R06,35,9,Medium,Rain,Morning,Weekday,66.51,14.1
B041,R06,23,20,Low,Rain,Morning,Weekday,39.23,11.2
B036,R08,55,8,High,Clear,Evening,Weekend,91.69,11.93
B002,R08,28,32,Low,Clear,Afternoon,Weekday,36.87,3.42
B029,R08,13,37,Medium,Clear,Evening,Weekend,56.83,6.46
B004,R07,27,27,Medium,Clear,Night,Weekend,50.72,8.57
B001,R06,8,28,Medium,Clear,Evening,Weekday,42.73,9.04
B019,R06,14,10,High,Clear,Morning,Weekend,74.06,12.75
B026,R02,13,18,High,Clear,Evening,Weekday,65.8,14.3
B025,R08,23,28,Medium,Rain,Morning,Weekday,46.87,11.66
B010,R03,19,33,Low,Clear,Afternoon,Weekday,21.9,5.83
B015,R08,55,29,High,Clear,Afternoon,Weekend,83.3,10.72
B022,R05,38,39,Medium,Clear,Afternoon,Weekday,67.79,4.12
B048,R05,46,36,Low,Cloudy,Evening,Weekday,42.48,6.97
B021,R06,23,36,Medium,Clear,Morning,Weekday,47.7,8.25
B022,R08,53,42,Low,Clear,Evening,Weekday,46.06,9.38
B036,R01,56,26,Low,Cloudy,Afternoon,Weekend,49.63,3.95
B034,R05,60,20,High,Rain,Evening,Weekend,80.71,16.0
B030,R08,25,25,Medium,Cloudy,Morning,Weekday,48.05,8.49
B025,R03,38,27,Low,Clear,Night,Weekday,31.56,7.15
B045,R04,55,24,Medium,Clear,Morning,Weekday,74.82,9.99
B028,R08,21,8,High,Cloudy,Afternoon,Weekday,69.91,10.38
B001,R03,22,23,Low,Clear,Afternoon,Weekend,30.12,4.28
B049,R06,21,40,Medium,Clear,Afternoon,Weekday,49.6,5.85
B045,R06,6,25,High,Rain,Evening,Weekend,57.4,14.14
B004,R02,55,23,Low,Rain,Morning,Weekday,50.09,9.78
B007,R07,5,13,Medium,Rain,Evening,Weekday,51.68,10.34
B049,R05,47,31,Low,Rain,Afternoon,Weekday,40.41,7.09
B009,R07,14,33,Medium,Cloudy,Morning,Weekday,51.44,7.4
B036,R08,41,8,High,Cloudy,Night,Weekday,79.94,11.38
B019,R07,52,20,Low,Clear,Afternoon,Weekday,42.18,7.7
B001,R05,60,15,High,Rain,Morning,Weekday,94.53,15.59
B010,R05,9,22,High,Clear,Morning,Weekday,56.39,9.72
B036,R08,60,50,Low,Cloudy,Afternoon,Weekday,42.89,8.31
B009,R06,59,40,Medium,Clear,Night,Weekday,78.34,8.83
B045,R05,16,38,Low,Clear,Morning,Weekday,25.98,4.92
B046,R01,40,14,High,Cloudy,Morning,Weekend,85.96,11.53
B042,R01,35,17,Medium,Clear,Night,Weekday,56.91,10.42
B032,R04,59,36,Medium,Cloudy,Afternoon,Weekday,56.81,7.42
B032,R05,42,18,Medium,Cloudy,Morning,Weekday,64.4,10.17
B006,R02,55,34,Medium,Clear,Afternoon,Weekday,69.34,7.6
B048,R04,13,8,High,Clear,Evening,Weekday,62.76,14.16
B038,R06,48,40,Medium,Clear,Evening,Weekday,69.48,10.12
B017,R05,30,11,High,Rain,Night,Weekend,79.68,11.4
B010,R01,19,36,Medium,Clear,Afternoon,Weekday,45.72,9.86
B050,R02,20,23,Low,Clear,Morning,Weekday,35.41,5.94
B027,R08,17,16,High,Clear,Night,Weekday,69.6,9.94
B050,R04,29,28,Medium,Rain,Evening,Weekday,54.85,13.99
B035,R02,34,23,Medium,Cloudy,Afternoon,Weekday,53.31,8.11
B021,R05,57,8,High,Clear,Night,Weekend,83.92,10.72
B025,R03,60,20,Low,Rain,Night,Weekday,57.09,10.92
B028,R02,11,29,Medium,Rain,Afternoon,Weekend,47.42,8.63
B047,R02,59,40,Low,Cloudy,Morning,Weekday,54.22,6.39
B015,R06,56,34,Medium,Clear,Morning,Weekday,65.6,10.85
B004,R01,8,14,High,Cloudy,Morning,Weekend,66.52,9.03
B029,R08,47,13,High,Clear,Afternoon,Weekend,81.76,8.33
B009,R05,44,13,Medium,Cloudy,Evening,Weekday,65.33,11.8
B027,R02,42,13,High,Rain,Night,Weekday,73.99,12.43
B026,R05,34,24,High,Rain,Afternoon,Weekday,70.07,12.59
B019,R01,14,24,Medium,Clear,Morning,Weekday,41.47,9.53
B028,R06,34,39,Low,Rain,Morning,Weekday,36.94,9.53
B017,R05,43,33,Medium,Clear,Night,Weekday,50.41,12.59
B043,R07,11,12,High,Clear,Night,Weekday,67.8,12.3
B041,R01,40,19,High,Clear,Night,Weekday,83.07,11.54
B042,R01,39,39,Medium,Cloudy,Night,Weekday,50.76,8.02
B050,R08,28,20,High,Clear,Night,Weekday,71.97,11.37
B020,R04,43,49,Low,Clear,Afternoon,Weekday,50.78,4.84
B045,R06,40,29,Low,Clear,Morning,Weekday,37.8,7.69
B040,R06,49,20,High,Cloudy,Morning,Weekday,79.46,12.43
B039,R08,24,32,Low,Rain,Afternoon,Weekday,30.12,7.24
B049,R07,53,29,Low,Cloudy,Evening,Weekend,52.36,10.89
B023,R05,36,33,Medium,Clear,Morning,Weekday,52.26,7.64
B047,R03,43,18,Medium,Rain,Evening,Weekday,64.26,15.08
B032,R07,53,26,Medium,Cloudy,Evening,Weekend,68.62,11.12
B047,R04,30,21,Low,Rain,Evening,Weekend,34.95,11.12
B033,R06,30,8,High,Cloudy,Evening,Weekday,73.11,13.31
B046,R01,40,10,High,Rain,Morning,Weekday,84.64,14.13
B005,R06,47,25,Medium,Rain,Morning,Weekday,57.8,13.43
B043,R07,39,18,Medium,Clear,Afternoon,Weekday,61.52,9.67
B048,R03,47,39,Medium,Clear,Morning,Weekday,55.75,12.68
B034,R02,39,15,Medium,Cloudy,Afternoon,Weekday,64.32,10.22
B040,R02,16,24,Medium,Cloudy,Evening,Weekday,51.79,10.04
B011,R08,37,33,Medium,Cloudy,Afternoon,Weekend,56.41,6.76
B050,R06,40,41,Low,Clear,Afternoon,Weekday,38.83,4.82
B003,R06,18,23,Low,Clear,Morning,Weekend,31.39,6.87
B033,R04,37,15,Medium,Cloudy,Afternoon,Weekend,51.72,9.1
B011,R06,50,13,Medium,Rain,Evening,Weekday,63.51,13.22
B016,R03,49,22,Medium,Cloudy,Morning,Weekday,64.49,9.88
B018,R06,49,8,High,Clear,Morning,Weekday,75.97,12.19
B030,R05,28,24,Medium,Clear,Morning,Weekday,58.49,10.32
B048,R07,19,24,High,Clear,Night,Weekday,79.9,11.21
B010,R08,35,46,Low,Clear,Evening,Weekday,49.52,2.75
B018,R03,21,36,Medium,Clear,Afternoon,Weekend,40.74,5.36
B038,R04,16,12,High,Cloudy,Night,Weekday,73.8,13.06
B019,R05,26,29,Medium,Rain,Morning,Weekday,49.84,12.72
B036,R05,27,29,Medium,Clear,Night,Weekend,52.95,7.23
B013,R07,30,18,Medium,Cloudy,Night,Weekday,50.09,6.85
B046,R02,18,17,High,Cloudy,Afternoon,Weekday,72.04,11.36
B003,R03,16,30,Medium,Rain,Evening,Weekday,35.49,11.52
B010,R07,54,20,High,Rain,Night,Weekday,81.0,14.89
B038,R05,8,20,High,Clear,Evening,Weekday,52.71,14.77
B001,R04,50,29,Medium,Clear,Evening,Weekday,62.11,8.59
B027,R07,55,12,Medium,Clear,Morning,Weekday,65.93,13.79
B046,R02,17,48,Low,Cloudy,Morning,Weekend,20.63,3.98
B008,R05,59,20,Medium,Cloudy,Afternoon,Weekday,72.11,11.5
B046,R07,22,21,Medium,Clear,Afternoon,Weekend,53.17,6.19
B042,R03,47,12,High,Rain,Night,Weekday,87.83,12.62
B017,R02,32,22,Medium,Clear,Morning,Weekend,63.03,10.02
B009,R03,42,17,High,Rain,Evening,Weekday,79.67,13.0
B006,R03,45,23,Low,Clear,Evening,Weekend,43.61,6.88
B043,R03,48,35,Medium,Clear,Night,Weekday,58.89,6.84
B025,R07,23,30,Medium,Clear,Morning,Weekday,51.84,7.87
B039,R02,50,19,Medium,Clear,Afternoon,Weekday,65.56,10.27
B049,R07,51,8,High,Cloudy,Night,Weekday,93.13,12.85
B028,R07,47,41,Low,Clear,Evening,Weekday,46.18,7.49
B033,R07,42,23,Low,Cloudy,Morning,Weekend,43.78,6.23
B037,R05,50,40,Medium,Clear,Afternoon,Weekday,63.49,7.4
B009,R06,7,41,Medium,Clear,Afternoon,Weekday,27.17,3.92
B018,R01,23,27,High,Rain,Evening,Weekend,71.62,10.97
B021,R05,24,27,High,Rain,Evening,Weekend,69.62,11.84
B002,R02,29,27,Low,Clear,Evening,Weekday,28.94,5.83
B043,R01,15,27,Medium,Rain,Evening,Weekday,51.2,11.94
B038,R01,60,23,Medium,Cloudy,Afternoon,Weekday,74.94,10.25
B040,R01,21,8,High,Clear,Morning,Weekday,65.47,12.31
B036,R06,53,25,High,Rain,Afternoon,Weekday,86.69,11.55
B050,R07,59,41,Medium,Clear,Evening,Weekday,68.96,9.18
B043,R08,39,42,Medium,Clear,Morning,Weekday,65.18,9.87
B037,R04,18,48,Low,Cloudy,Afternoon,Weekday,31.19,5.63
B015,R02,43,14,Medium,Clear,Morning,Weekday,65.06,9.08
B028,R08,23,16,Medium,Clear,Afternoon,Weekday,49.66,9.1
B018,R06,7,41,Medium,Clear,Morning,Weekday,45.57,6.06
B034,R06,38,15,Medium,Cloudy,Afternoon,Weekday,63.36,10.89
B022,R04,53,35,Medium,Cloudy,Afternoon,Weekday,78.08,9.97
B011,R01,45,22,Medium,Clear,Night,Weekend,59.79,4.1
B013,R07,26,25,Medium,Rain,Evening,Weekend,51.17,9.92
B004,R04,42,45,Low,Clear,Night,Weekend,37.31,4.7
B022,R08,60,45,Low,Cloudy,Afternoon,Weekday,47.76,2.45
B007,R08,31,28,Low,Rain,Evening,Weekday,42.41,12.7
B043,R04,25,17,High,Rain,Afternoon,Weekend,68.36,12.32
B024,R06,45,37,Low,Clear,Night,Weekend,44.45,2.49
B004,R02,35,28,High,Cloudy,Morning,Weekend,82.49,11.73
B028,R03,31,50,Low,Clear,Morning,Weekday,41.5,7.22
B015,R07,41,17,Medium,Cloudy,Evening,Weekday,67.77,11.92
B001,R08,6,30,High,Clear,Night,Weekend,65.35,8.06
B003,R08,58,27,Medium,Clear,Night,Weekday,70.86,10.19
B014,R04,51,20,Low,Clear,Afternoon,Weekday,42.66,5.73
B038,R07,13,38,Low,Clear,Evening,Weekday,16.65,6.68
B050,R04,23,23,High,Cloudy,Morning,Weekday,68.52,9.89
B001,R01,46,20,Medium,Rain,Night,Weekday,63.8,13.13
B038,R07,40,21,Medium,Clear,Afternoon,Weekday,65.07,8.57
B038,R01,14,37,Medium,Clear,Evening,Weekday,54.51,4.9
B021,R08,44,25,Medium,Clear,Night,Weekday,62.03,6.15
B048,R06,58,37,Low,Cloudy,Night,Weekday,54.62,6.13
B029,R01,49,24,Medium,Clear,Morning,Weekday,65.34,9.33
B005,R07,43,38,Medium,Clear,Night,Weekend,62.54,5.53
B049,R05,11,32,Low,Clear,Morning,Weekday,24.0,5.05
B010,R07,8,22,High,Rain,Night,Weekday,61.62,10.21
B028,R04,19,18,High,Clear,Afternoon,Weekday,66.59,10.28
B021,R01,16,8,High,Clear,Afternoon,Weekday,65.25,11.53
B050,R02,52,37,Low,Cloudy,Afternoon,Weekday,42.63,6.32
B007,R05,10,50,Low,Clear,Evening,Weekday,29.25,6.2
B003,R06,13,18,High,Clear,Evening,Weekday,72.84,11.57
B045,R03,39,25,Low,Clear,Afternoon,Weekday,35.7,4.04
B047,R04,12,41,Low,Rain,Afternoon,Weekday,21.54,8.75
B020,R04,11,13,High,Clear,Afternoon,Weekday,64.57,11.95
B019,R02,8,34,Low,Clear,Morning,Weekend,19.64,5.83
B035,R03,17,36,Medium,Clear,Afternoon,Weekday,43.41,4.55
B004,R08,23,8,Medium,Rain,Evening,Weekend,49.76,10.17
B005,R03,11,8,High,Clear,Morning,Weekend,66.72,9.6
B001,R06,14,28,Low,Cloudy,Afternoon,Weekend,28.16,7.35
B004,R06,29,23,High,Rain,Evening,Weekend,72.93,13.78
B012,R05,48,27,Medium,Rain,Morning,Weekday,61.38,12.39
B027,R08,39,25,Medium,Cloudy,Morning,Weekday,62.54,9.85
B042,R04,29,30,Low,Clear,Evening,Weekend,36.44,5.98
B023,R01,33,25,Low,Clear,Evening,Weekday,37.36,8.03
B025,R06,60,27,Medium,Clear,Morning,Weekday,67.18,10.48
B021,R02,16,34,Medium,Cloudy,Evening,Weekday,54.67,7.66
B024,R02,55,33,High,Cloudy,Morning,Weekday,80.95,9.64
B025,R02,51,33,Medium,Rain,Morning,Weekday,62.7,12.16
B045,R07,44,20,Medium,Clear,Morning,Weekday,57.07,9.11
B046,R08,16,14,Medium,Cloudy,Morning,Weekend,48.01,10.24
B032,R08,56,8,High,Rain,Afternoon,Weekday,84.66,15.24
B032,R06,10,21,Medium,Rain,Evening,Weekday,45.47,11.66
B005,R06,14,45,Low,Cloudy,Afternoon,Weekday,29.62,2.68
B036,R02,6,25,High,Cloudy,Afternoon,Weekday,69.32,9.66
B046,R08,60,20,Medium,Clear,Afternoon,Weekday,71.07,10.48
B042,R08,49,28,Medium,Clear,Afternoon,Weekday,65.5,7.64
B049,R06,29,16,Medium,Clear,Morning,Weekend,56.65,9.52
B042,R07,11,35,Medium,Clear,Morning,Weekday,34.08,6.45
B039,R01,44,50,Low,Clear,Morning,Weekday,42.29,6.31
B016,R01,27,45,Low,Cloudy,Night,Weekend,27.96,2.05
B033,R05,52,34,High,Cloudy,Morning,Weekday,82.75,10.53
B049,R08,15,30,Low,Clear,Afternoon,Weekday,26.9,6.29
B021,R04,40,17,Medium,Clear,Night,Weekend,64.76,9.61
B009,R01,53,41,Low,Clear,Night,Weekday,37.66,3.55
B006,R05,52,25,Medium,Clear,Night,Weekday,67.2,8.45
B045,R03,55,22,Low,Clear,Morning,Weekday,48.02,9.76
B035,R04,27,28,Medium,Rain,Afternoon,Weekday,55.66,8.37
B039,R08,47,41,Medium,Clear,Morning,Weekday,74.68,8.1
B022,R01,11,36,Low,Clear,Evening,Weekday,33.28,7.18
B041,R07,31,39,Medium,Clear,Night,Weekday,56.96,5.91
B005,R03,17,8,High,Cloudy,Evening,Weekday,71.3,10.45
B042,R05,55,19,Medium,Cloudy,Night,Weekday,67.32,8.78
B023,R01,21,9,High,Clear,Night,Weekend,74.3,9.2
B017,R08,36,8,High,Rain,Evening,Weekend,78.18,17.04
B012,R01,30,21,High,Rain,Evening,Weekday,77.14,17.95
B023,R06,26,8,High,Clear,Morning,Weekday,69.68,12.8
B016,R03,17,34,Low,Clear,Evening,Weekday,29.65,6.9
B003,R01,16,34,High,Clear,Evening,Weekday,74.81,8.65
B030,R02,11,19,High,Clear,Afternoon,Weekday,68.34,7.23
B022,R07,5,8,High,Rain,Evening,Weekday,63.08,16.2
B009,R06,37,32,Low,Clear,Morning,Weekend,23.99,4.01
B029,R06,56,15,High,Clear,Night,Weekday,89.92,12.43
B047,R01,59,17,High,Clear,Night,Weekday,89.06,14.98
B037,R07,18,8,High,Clear,Afternoon,Weekday,63.63,8.95
B023,R06,51,23,Low,Rain,Morning,Weekend,45.16,7.13
B013,R04,47,23,Low,Clear,Night,Weekday,43.19,7.56
B032,R03,60,16,High,Clear,Afternoon,Weekend,90.03,12.45
B046,R04,45,36,Medium,Cloudy,Night,Weekday,66.22,6.03
B047,R05,21,31,Medium,Clear,Morning,Weekend,49.44,8.9
B048,R04,8,28,High,Clear,Evening,Weekday,62.77,12.35
B023,R07,56,25,Low,Clear,Afternoon,Weekday,46.23,7.61
B045,R02,55,16,Medium,Clear,Evening,Weekend,68.72,9.92
B017,R06,43,37,Medium,Clear,Morning,Weekday,64.21,10.07
B040,R07,5,23,Low,Clear,Morning,Weekday,28.95,5.88
B021,R06,45,32,Low,Clear,Night,Weekend,45.15,4.97
B002,R08,49,45,Low,Cloudy,Night,Weekday,49.88,4.61
B037,R02,28,37,Low,Clear,Afternoon,Weekday,38.23,5.38
B006,R06,38,17,Medium,Rain,Night,Weekday,59.76,11.52
B044,R04,38,11,High,Clear,Night,Weekday,75.37,11.0
B018,R08,28,30,Medium,Cloudy,Morning,Weekday,56.02,8.46
B030,R08,19,27,Low,Rain,Morning,Weekday,37.29,10.29
B022,R05,21,48,Low,Clear,Afternoon,Weekday,35.93,2.71
B033,R08,17,8,High,Cloudy,Evening,Weekday,74.89,11.22
B030,R08,11,8,High,Rain,Afternoon,Weekday,56.28,14.4
B017,R01,13,35,Low,Clear,Morning,Weekday,16.67,7.41
B043,R02,48,22,Low,Rain,Morning,Weekday,41.58,9.92
B032,R04,39,18,Medium,Clear,Afternoon,Weekday,61.87,7.59
B042,R07,27,34,High,Clear,Afternoon,Weekday,71.63,7.71
B014,R04,58,19,Medium,Cloudy,Evening,Weekday,68.0,8.63
B010,R04,51,34,Medium,Clear,Morning,Weekend,58.1,9.84
B047,R01,43,31,Medium,Cloudy,Night,Weekday,58.46,8.38
B036,R03,27,12,High,Rain,Morning,Weekday,69.06,13.17
B034,R06,30,36,Low,Rain,Night,Weekday,30.72,8.68
B009,R06,5,13,High,Clear,Night,Weekday,58.82,10.89
B042,R07,18,8,Medium,Rain,Night,Weekday,43.52,11.1
B028,R08,36,42,Medium,Clear,Evening,Weekend,46.02,8.36
B011,R05,55,23,Medium,Clear,Afternoon,Weekday,74.56,9.61
B014,R07,52,32,Medium,Clear,Night,Weekday,65.42,8.1
B039,R03,14,27,Medium,Cloudy,Afternoon,Weekday,43.56,7.04
B047,R06,5,35,Medium,Clear,Night,Weekend,41.78,5.55
B019,R05,9,48,Low,Cloudy,Evening,Weekend,26.17,4.63
B015,R07,7,29,Medium,Clear,Night,Weekday,44.07,5.9
B028,R05,53,27,Medium,Clear,Afternoon,Weekend,62.82,6.73
B024,R04,54,25,Low,Rain,Evening,Weekday,51.97,13.86
B008,R02,57,19,High,Clear,Afternoon,Weekday,85.53,10.6
B043,R04,31,45,Low,Clear,Afternoon,Weekday,34.34,2.52
B009,R01,55,26,Medium,Cloudy,Afternoon,Weekend,76.12,9.49
B047,R08,58,27,Low,Clear,Night,Weekday,59.3,6.9
B033,R06,26,19,Medium,Rain,Evening,Weekday,58.74,12.51
B033,R05,22,40,Low,Clear,Evening,Weekday,27.66,6.4
B019,R07,20,32,Medium,Clear,Evening,Weekday,47.87,10.72
B003,R08,6,26,Low,Clear,Morning,Weekday,19.1,5.0
B010,R02,51,39,Low,Clear,Morning,Weekday,44.31,8.87
B040,R07,17,22,High,Cloudy,Evening,Weekday,71.17,11.82
B047,R06,49,40,Medium,Clear,Night,Weekday,55.1,8.74
B042,R05,20,34,Low,Rain,Morning,Weekday,24.83,8.2
B001,R05,12,33,Low,Clear,Night,Weekday,26.55,8.66
B029,R04,47,9,High,Clear,Night,Weekday,83.02,11.39
B050,R02,12,32,Low,Cloudy,Morning,Weekday,23.76,6.13
B034,R02,58,29,High,Cloudy,Afternoon,Weekend,82.02,8.03
B013,R06,14,23,Medium,Cloudy,Afternoon,Weekend,44.02,6.13
B001,R05,59,41,Low,Cloudy,Afternoon,Weekend,47.08,3.59
B034,R08,37,18,Medium,Clear,Morning,Weekday,51.85,13.39
B029,R02,35,23,High,Cloudy,Night,Weekday,73.32,7.26
B048,R02,16,14,Medium,Clear,Morning,Weekend,47.03,5.14
B047,R07,13,14,Medium,Clear,Evening,Weekday,48.86,9.16
B013,R06,41,8,Medium,Rain,Night,Weekend,65.07,11.65
B048,R04,13,18,High,Clear,Morning,Weekend,61.26,12.01
B049,R07,52,27,Medium,Cloudy,Night,Weekday,64.25,8.72
B029,R07,22,32,Low,Clear,Morning,Weekday,29.77,6.12
B039,R03,34,35,Low,Clear,Evening,Weekday,36.01,7.37
B024,R01,36,21,Low,Clear,Evening,Weekday,36.67,9.72
B026,R03,44,25,Low,Cloudy,Evening,Weekend,36.15,5.81
B017,R02,27,36,Low,Clear,Afternoon,Weekday,35.87,6.48
B007,R05,15,17,Medium,Clear,Evening,Weekend,45.93,6.05
B013,R01,24,36,Low,Rain,Afternoon,Weekday,32.16,7.01
B005,R01,23,33,Medium,Clear,Night,Weekday,51.9,6.73
B026,R05,40,29,Medium,Clear,Night,Weekday,56.97,5.74
B049,R01,56,35,Low,Rain,Night,Weekday,51.82,8.79
B003,R05,30,24,Low,Rain,Morning,Weekday,32.74,9.42
B007,R01,14,38,Low,Clear,Morning,Weekday,27.84,6.18
B049,R07,28,37,Low,Rain,Afternoon,Weekday,34.48,7.89
B039,R08,17,15,High,Clear,Afternoon,Weekend,69.79,9.44
B001,R06,56,38,Medium,Clear,Afternoon,Weekday,73.38,7.04
B049,R06,50,36,Low,Rain,Morning,Weekday,41.39,10.15
B017,R03,57,26,Medium,Rain,Morning,Weekday,68.45,14.62
B043,R07,38,36,Low,Clear,Night,Weekday,38.79,6.64
B025,R01,33,13,Medium,Clear,Evening,Weekday,55.04,11.33
B003,R04,40,25,Medium,Clear,Evening,Weekend,62.44,7.75
B015,R05,11,39,Medium,Clear,Morning,Weekday,39.68,3.53
B029,R07,55,32,Low,Cloudy,Evening,Weekday,54.49,5.46
B043,R01,34,43,Low,Clear,Night,Weekday,44.22,5.68
B032,R06,21,17,Medium,Clear,Evening,Weekday,47.34,8.88
B026,R06,52,20,High,Cloudy,Afternoon,Weekday,85.51,8.96
B016,R05,17,8,High,Rain,Night,Weekday,59.54,11.96
B025,R04,60,49,Low,Clear,Morning,Weekday,46.73,6.58
B028,R01,28,19,Medium,Cloudy,Afternoon,Weekend,65.55,7.33
B009,R01,58,18,Medium,Rain,Morning,Weekday,72.0,12.38
B001,R04,59,8,High,Clear,Morning,Weekday,92.92,14.99
B029,R04,35,22,Low,Rain,Afternoon,Weekday,35.02,8.61
B022,R04,31,39,Medium,Cloudy,Night,Weekend,54.99,5.34
B016,R06,54,40,Low,Clear,Morning,Weekday,46.7,5.87
B041,R05,25,14,Medium,Clear,Afternoon,Weekday,45.49,11.4
B044,R07,48,41,Medium,Cloudy,Afternoon,Weekday,64.59,6.99
B041,R08,59,20,High,Clear,Morning,Weekday,93.25,13.47
B007,R04,5,10,High,Clear,Morning,Weekday,71.33,11.56
B014,R05,19,36,Medium,Clear,Night,Weekday,50.7,8.35
B029,R03,7,23,Medium,Cloudy,Afternoon,Weekend,42.83,4.77
B019,R01,10,46,Low,Clear,Evening,Weekend,24.34,5.31
B019,R01,18,18,Medium,Clear,Evening,Weekday,50.84,9.41
B002,R08,59,14,Medium,Clear,Morning,Weekday,73.35,11.62
B041,R08,42,25,Low,Cloudy,Morning,Weekday,46.33,7.46
B045,R02,37,8,High,Clear,Night,Weekday,67.88,14.11
B015,R03,56,23,Low,Clear,Evening,Weekend,53.33,8.03
B003,R07,42,27,Medium,Clear,Morning,Weekday,55.0,7.29
B011,R08,12,18,High,Clear,Morning,Weekend,61.08,9.75
B046,R04,30,8,High,Clear,Evening,Weekday,73.95,13.16
B030,R04,19,8,High,Cloudy,Morning,Weekday,72.01,12.22
B040,R07,18,20,Low,Cloudy,Evening,Weekend,22.43,5.01
B018,R06,52,29,High,Cloudy,Evening,Weekday,83.03,10.38
B048,R03,24,37,Low,Clear,Night,Weekday,33.43,7.59
B002,R04,59,8,High,Clear,Evening,Weekday,91.91,13.78
B032,R08,52,10,Medium,Rain,Morning,Weekday,68.29,13.7
B008,R02,23,14,High,Clear,Afternoon,Weekday,76.21,13.33
B022,R05,60,49,Low,Cloudy,Afternoon,Weekend,55.72,5.48
B006,R01,37,16,Medium,Rain,Afternoon,Weekend,59.04,10.25
B012,R03,40,11,High,Cloudy,Night,Weekend,79.66,10.47
B047,R01,28,33,High,Clear,Morning,Weekday,70.03,13.37
B040,R05,14,33,Low,Clear,Night,Weekend,24.11,2.77
B036,R03,56,13,High,Clear,Night,Weekday,81.19,12.85
B015,R08,54,44,Low,Cloudy,Night,Weekday,53.94,6.46
B028,R05,38,42,Medium,Cloudy,Morning,Weekday,58.66,8.35
B049,R04,40,37,Medium,Cloudy,Morning,Weekday,63.72,7.92
B045,R07,51,42,Low,Clear,Morning,Weekday,58.89,7.58
B018,R04,40,16,Low,Rain,Afternoon,Weekday,51.13,9.62
B002,R08,20,18,High,Cloudy,Evening,Weekday,75.54,12.84
B013,R07,19,41,Medium,Clear,Morning,Weekend,47.62,4.12
B045,R04,22,35,Low,Clear,Morning,Weekday,35.01,11.15
B015,R05,11,17,High,Cloudy,Night,Weekday,65.47,10.37
B020,R05,51,18,High,Clear,Morning,Weekend,80.8,12.23
B029,R05,26,34,Medium,Clear,Evening,Weekday,48.44,12.0
B042,R01,36,36,Low,Clear,Afternoon,Weekend,42.26,3.42
B029,R08,47,46,Low,Cloudy,Morning,Weekend,47.18,4.46
B003,R05,23,23,Medium,Clear,Afternoon,Weekday,57.6,7.19
B019,R04,44,41,Medium,Clear,Morning,Weekday,60.82,11.84
B003,R02,60,35,Medium,Rain,Afternoon,Weekday,67.79,10.56
B014,R08,5,33,High,Cloudy,Morning,Weekday,57.05,13.6
B040,R05,39,24,Medium,Cloudy,Night,Weekday,51.21,7.44
B004,R02,9,33,Low,Clear,Afternoon,Weekday,20.26,0.59
B011,R07,54,29,High,Cloudy,Night,Weekday,83.74,7.72
B031,R04,16,22,Medium,Cloudy,Night,Weekday,42.31,8.36
B043,R05,16,15,Medium,Rain,Morning,Weekday,45.43,13.01
B032,R01,25,9,High,Clear,Night,Weekend,81.98,10.22
B027,R01,23,8,High,Clear,Night,Weekday,68.06,9.14
B030,R07,13,35,Medium,Clear,Morning,Weekend,37.25,5.03
B043,R02,47,39,Low,Cloudy,Night,Weekday,44.26,3.39
B002,R06,53,11,High,Clear,Afternoon,Weekday,89.7,11.17
B049,R01,52,19,Medium,Clear,Afternoon,Weekday,61.57,9.68
B009,R08,40,41,Medium,Clear,Evening,Weekend,63.79,9.85
B028,R01,46,41,Medium,Clear,Evening,Weekday,72.02,10.57
B031,R01,58,29,Medium,Clear,Evening,Weekday,67.83,10.87
B034,R04,51,18,High,Rain,Evening,Weekday,89.22,19.53
B015,R01,55,24,Medium,Cloudy,Night,Weekday,72.12,8.96
B048,R03,36,29,High,Clear,Afternoon,Weekday,80.05,6.13
B025,R05,39,17,High,Clear,Evening,Weekday,84.04,10.6
B036,R07,35,33,High,Clear,Night,Weekend,80.16,8.33
B008,R01,57,26,Medium,Cloudy,Morning,Weekday,63.76,8.3
B009,R06,59,8,High,Clear,Afternoon,Weekday,78.3,14.1
B037,R08,36,23,Medium,Rain,Morning,Weekend,58.93,11.55
B048,R06,41,32,Low,Cloudy,Evening,Weekday,39.34,9.9
B045,R01,36,12,High,Clear,Evening,Weekend,69.87,12.3
B039,R01,47,20,Medium,Rain,Evening,Weekday,62.42,9.75
B032,R03,60,47,Low,Cloudy,Afternoon,Weekday,49.33,7.71
B017,R01,41,45,Low,Clear,Morning,Weekday,42.0,6.26
B035,R01,43,47,Low,Clear,Morning,Weekend,47.07,5.25
B037,R05,42,12,High,Cloudy,Afternoon,Weekend,76.96,10.84
B019,R06,34,13,Medium,Clear,Evening,Weekend,46.68,9.71
B044,R03,36,40,Low,Clear,Evening,Weekday,35.99,7.89
B029,R06,49,34,High,Clear,Night,Weekend,88.57,9.0
B007,R03,6,45,Low,Clear,Afternoon,Weekend,29.69,2.38
B028,R06,55,13,High,Clear,Morning,Weekday,84.49,10.92
B009,R01,15,11,Medium,Rain,Night,Weekday,50.42,10.89
B028,R06,24,20,Medium,Cloudy,Morning,Weekend,46.5,8.28
B006,R06,41,19,Medium,Cloudy,Morning,Weekday,60.53,11.27
B029,R03,13,45,Low,Cloudy,Night,Weekday,12.25,4.92
B017,R07,42,23,High,Cloudy,Morning,Weekend,79.36,10.46
B016,R02,53,31,Low,Rain,Night,Weekday,48.1,8.48
B023,R03,23,8,High,Clear,Night,Weekend,69.2,11.5
B031,R03,59,12,Medium,Cloudy,Night,Weekday,62.48,11.1
B003,R03,44,36,Medium,Clear,Evening,Weekday,62.39,8.51
B021,R04,11,24,Medium,Rain,Evening,Weekday,54.57,9.28
B026,R07,9,20,Low,Rain,Afternoon,Weekday,20.35,10.78
B036,R04,51,8,Medium,Rain,Afternoon,Weekday,61.93,13.73
B042,R04,46,31,High,Clear,Night,Weekday,81.8,11.18
B037,R03,28,41,Low,Clear,Afternoon,Weekday,42.32,2.96
B022,R02,52,15,Medium,Clear,Evening,Weekday,59.33,12.7
B042,R03,45,26,Medium,Clear,Evening,Weekend,58.65,7.87
B012,R01,11,13,Medium,Clear,Night,Weekday,48.88,9.6
B042,R02,15,36,Low,Clear,Evening,Weekday,21.32,6.34
B013,R04,13,19,Medium,Cloudy,Night,Weekday,42.21,5.61
B011,R08,53,19,High,Clear,Afternoon,Weekday,95.37,11.28
B016,R06,34,18,Low,Rain,Evening,Weekday,45.73,12.01
B008,R06,45,12,Medium,Clear,Night,Weekend,65.45,9.35
B040,R07,7,16,Medium,Clear,Night,Weekend,45.14,6.68
B040,R08,26,30,Medium,Cloudy,Morning,Weekday,50.06,5.71
B045,R05,44,29,Medium,Cloudy,Night,Weekend,62.02,9.25
B002,R07,55,14,Medium,Clear,Night,Weekend,63.69,9.61
B030,R02,24,14,Low,Rain,Evening,Weekday,39.59,11.23
B030,R04,36,29,High,Cloudy,Morning,Weekday,78.73,12.95
B012,R02,52,8,High,Rain,Morning,Weekend,85.22,12.88
B010,R02,11,13,Low,Rain,Morning,Weekend,25.77,8.66
B044,R06,11,14,Medium,Clear,Evening,Weekday,42.32,11.43
B011,R03,24,15,High,Rain,Afternoon,Weekday,74.57,15.93
B015,R01,29,8,High,Rain,Night,Weekday,73.4,12.73
B016,R05,49,8,High,Rain,Morning,Weekday,99.04,13.06
B017,R04,39,8,High,Rain,Morning,Weekend,77.32,15.42
B026,R02,48,24,Low,Rain,Evening,Weekend,48.18,12.37
B002,R05,28,32,High,Clear,Evening,Weekday,83.23,8.31
B050,R02,44,8,High,Clear,Morning,Weekday,68.05,12.81
B012,R08,17,18,Medium,Rain,Afternoon,Weekend,46.35,11.03
B026,R06,56,21,Medium,Cloudy,Evening,Weekday,75.64,13.38
B023,R01,52,28,Medium,Clear,Morning,Weekday,54.76,7.58
B018,R06,43,41,Medium,Clear,Afternoon,Weekday,67.47,6.66
B032,R05,8,37,Low,Cloudy,Evening,Weekday,25.64,5.41
B049,R04,16,26,Low,Clear,Afternoon,Weekday,35.71,3.84
B038,R02,21,32,Low,Clear,Morning,Weekday,29.0,6.89
B047,R01,5,33,Medium,Clear,Afternoon,Weekday,43.82,6.66
B003,R08,21,44,Low,Cloudy,Morning,Weekend,24.65,7.32
B038,R06,6,16,High,Clear,Evening,Weekend,61.86,6.72
B003,R08,10,41,Low,Clear,Night,Weekday,21.11,4.72
B030,R05,48,8,High,Cloudy,Night,Weekday,81.07,10.49
B001,R06,15,11,High,Cloudy,Morning,Weekday,68.24,9.86
B030,R02,57,28,High,Clear,Night,Weekday,84.58,10.03
B045,R02,47,32,Medium,Clear,Morning,Weekday,52.34,9.85
B032,R08,22,41,Low,Cloudy,Night,Weekday,32.22,3.52
B028,R04,44,31,Medium,Cloudy,Night,Weekend,63.09,6.48
B021,R01,29,30,Low,Clear,Evening,Weekend,38.21,6.55
B046,R03,43,8,High,Clear,Morning,Weekend,81.47,12.61
B013,R06,32,24,Low,Rain,Afternoon,Weekday,30.59,10.37
B027,R02,50,9,Medium,Rain,Evening,Weekday,72.63,14.08
B036,R05,20,24,High,Clear,Afternoon,Weekday,68.31,9.43
B007,R06,16,33,High,Clear,Evening,Weekday,63.15,10.45
B022,R04,45,19,High,Clear,Morning,Weekday,89.77,14.78
B010,R04,56,41,Medium,Clear,Afternoon,Weekday,76.51,8.29
B039,R02,33,12,Medium,Clear,Evening,Weekday,42.68,11.54
B015,R02,27,23,Medium,Clear,Night,Weekday,48.86,7.78
B015,R08,25,24,Low,Cloudy,Afternoon,Weekend,31.58,4.92
B004,R02,20,8,High,Clear,Evening,Weekday,71.39,9.64
B032,R08,57,8,Medium,Rain,Evening,Weekday,71.77,14.1
B023,R07,55,46,Low,Cloudy,Afternoon,Weekday,60.09,6.12
B006,R03,52,28,High,Cloudy,Night,Weekday,80.52,10.25
B024,R02,45,8,Medium,Rain,Afternoon,Weekday,63.29,12.01
B020,R06,49,12,High,Cloudy,Afternoon,Weekday,77.13,13.54
B037,R06,30,18,High,Rain,Afternoon,Weekday,76.13,13.25
B020,R08,41,20,High,Clear,Evening,Weekday,88.79,10.67
B012,R07,26,31,Low,Clear,Night,Weekday,19.02,2.99
B033,R07,55,38,Low,Clear,Afternoon,Weekday,40.32,7.38
B028,R01,14,32,High,Clear,Afternoon,Weekday,70.92,7.05
B008,R05,11,8,High,Clear,Afternoon,Weekend,69.54,9.61
B001,R02,13,41,Medium,Cloudy,Afternoon,Weekend,42.35,6.04
B037,R08,29,31,Medium,Clear,Afternoon,Weekday,58.58,7.68
B022,R06,50,50,Low,Cloudy,Afternoon,Weekday,51.52,7.17
B006,R07,19,13,High,Clear,Night,Weekday,72.26,9.87
B021,R06,17,39,Low,Cloudy,Night,Weekend,35.8,3.82
B032,R06,46,27,Low,Clear,Night,Weekday,44.62,5.85
B035,R07,50,8,Medium,Rain,Morning,Weekend,63.69,12.54
B015,R03,30,30,Low,Clear,Morning,Weekday,36.42,8.3
B005,R07,25,11,High,Rain,Evening,Weekday,76.72,16.41
B046,R07,27,39,Low,Clear,Night,Weekday,25.44,2.43
B050,R05,48,47,Low,Cloudy,Night,Weekday,45.35,3.8
B048,R08,32,23,Medium,Clear,Night,Weekday,55.36,8.36
B006,R08,55,8,Medium,Rain,Afternoon,Weekday,64.85,13.54
B025,R07,42,26,Low,Cloudy,Afternoon,Weekend,35.32,3.57
B046,R04,16,26,Medium,Rain,Evening,Weekday,38.6,10.83
B040,R08,28,12,Medium,Clear,Night,Weekday,51.42,9.57
B029,R08,17,8,High,Rain,Afternoon,Weekday,65.52,14.03
B007,R08,44,36,Low,Clear,Night,Weekday,46.71,6.27
B040,R07,52,9,High,Clear,Night,Weekday,91.65,11.52
B013,R06,6,30,Medium,Clear,Afternoon,Weekend,38.73,3.94
B038,R02,58,44,Low,Clear,Afternoon,Weekday,44.69,5.04
B018,R06,43,31,Low,Cloudy,Morning,Weekend,38.69,8.06
B002,R05,16,40,Medium,Clear,Afternoon,Weekend,53.6,6.41
B008,R04,43,47,Low,Clear,Morning,Weekday,38.14,4.97
B011,R07,55,21,Low,Cloudy,Afternoon,Weekday,57.32,9.71
B033,R03,18,24,Low,Rain,Night,Weekend,29.63,5.95
B038,R01,34,40,Medium,Cloudy,Afternoon,Weekday,59.21,6.99
B048,R07,45,30,Medium,Cloudy,Evening,Weekday,60.15,8.43
B027,R02,54,28,Low,Cloudy,Night,Weekend,55.1,8.26
B020,R01,47,39,Medium,Cloudy,Evening,Weekday,65.67,10.63
B012,R03,52,8,High,Rain,Night,Weekday,83.6,14.62
B043,R05,23,36,Low,Clear,Afternoon,Weekday,24.91,4.21
B031,R05,35,8,High,Clear,Afternoon,Weekend,80.94,13.42
B027,R03,47,11,Medium,Rain,Afternoon,Weekday,60.3,12.88
B032,R06,54,8,High,Rain,Morning,Weekday,86.11,18.98
B010,R03,47,33,Low,Clear,Afternoon,Weekday,38.82,6.27
B003,R08,29,20,High,Cloudy,Evening,Weekend,69.89,11.23
B045,R08,8,37,Medium,Cloudy,Morning,Weekend,40.95,7.71
B027,R07,54,29,Medium,Clear,Afternoon,Weekday,66.68,8.73
B035,R02,55,17,Medium,Clear,Morning,Weekday,61.56,11.34
B031,R08,17,31,Low,Cloudy,Morning,Weekday,27.24,7.07
B015,R04,40,9,High,Clear,Night,Weekday,76.4,12.59
B016,R07,46,33,Medium,Clear,Morning,Weekend,62.39,7.14
B013,R07,58,26,Low,Rain,Morning,Weekday,53.58,11.09
B049,R07,41,32,Low,Cloudy,Night,Weekend,41.55,4.13
B035,R01,7,21,Low,Rain,Afternoon,Weekday,20.46,8.87
B011,R01,20,22,Medium,Rain,Evening,Weekday,49.76,12.17
B021,R05,30,21,Medium,Cloudy,Morning,Weekend,57.99,7.8
B011,R07,44,14,Medium,Rain,Evening,Weekday,65.51,15.91
B030,R06,60,46,Low,Clear,Morning,Weekday,51.04,8.79
B048,R08,43,25,Medium,Cloudy,Evening,Weekday,70.49,12.1
B035,R05,23,20,Medium,Cloudy,Night,Weekend,47.08,8.88
B022,R02,50,28,Low,Cloudy,Morning,Weekday,47.64,8.94
B038,R03,19,45,Low,Clear,Morning,Weekend,29.16,5.47
B031,R01,36,44,Low,Clear,Afternoon,Weekend,43.1,3.46
B014,R07,53,12,High,Clear,Afternoon,Weekday,86.55,13.58
B024,R02,25,14,Medium,Cloudy,Morning,Weekend,62.92,9.25
B050,R05,5,22,High,Rain,Night,Weekday,62.95,10.5
B049,R05,10,21,Low,Rain,Evening,Weekday,28.67,10.68
B032,R01,31,16,High,Clear,Afternoon,Weekend,74.5,8.83
B036,R05,27,21,Medium,Clear,Afternoon,Weekday,55.21,9.4
B032,R06,51,36,Medium,Clear,Afternoon,Weekday,62.44,8.92
B015,R05,35,22,Low,Clear,Afternoon,Weekday,39.65,7.75
B043,R04,16,34,Medium,Rain,Night,Weekday,38.18,6.91
B035,R08,25,25,High,Rain,Morning,Weekday,69.81,10.8
B003,R03,56,39,Low,Clear,Evening,Weekday,44.55,8.24
B016,R05,6,23,Low,Clear,Afternoon,Weekday,32.52,5.52
B005,R08,9,25,Medium,Clear,Night,Weekend,40.87,7.97
B021,R08,13,16,High,Clear,Night,Weekend,64.08,7.74
B010,R04,24,24,Medium,Rain,Afternoon,Weekday,48.19,8.72
B019,R02,50,26,Low,Cloudy,Evening,Weekday,47.06,7.63
B025,R05,22,32,Medium,Cloudy,Afternoon,Weekday,49.34,5.33
B004,R06,26,18,Medium,Cloudy,Night,Weekend,50.72,6.48
B029,R02,12,9,High,Clear,Evening,Weekday,76.69,10.42
B019,R08,38,26,High,Clear,Night,Weekday,79.77,9.99
B043,R08,13,19,Medium,Clear,Morning,Weekend,49.89,8.16
B002,R07,11,25,Low,Cloudy,Night,Weekday,27.53,4.23
B010,R05,34,21,High,Rain,Afternoon,Weekday,72.8,11.12
B043,R01,22,15,Medium,Cloudy,Evening,Weekday,48.11,8.61
B025,R04,31,31,High,Clear,Afternoon,Weekend,69.9,4.6
B020,R04,20,16,Medium,Cloudy,Morning,Weekday,43.86,8.58
B048,R01,25,28,High,Clear,Evening,Weekday,72.67,10.47
B019,R03,9,28,High,Clear,Evening,Weekend,65.0,6.49
B023,R08,59,37,Low,Clear,Evening,Weekend,48.86,9.3
B024,R07,33,8,High,Clear,Night,Weekday,78.38,12.46
B011,R06,51,37,Low,Rain,Afternoon,Weekday,44.67,8.12
B046,R04,41,25,High,Cloudy,Evening,Weekday,86.7,8.97
B034,R02,47,27,High,Clear,Evening,Weekday,81.0,13.81
B028,R08,26,33,Low,Clear,Evening,Weekday,37.9,6.52
B005,R06,18,35,Medium,Clear,Morning,Weekday,52.78,5.67
B005,R04,23,35,Medium,Clear,Evening,Weekday,38.69,6.85
B021,R07,39,17,High,Clear,Night,Weekday,71.95,9.81
B012,R03,28,8,High,Cloudy,Night,Weekday,65.38,9.45
B050,R07,46,22,Medium,Clear,Evening,Weekday,64.51,9.7
B004,R02,10,23,High,Rain,Night,Weekend,59.57,7.49
B049,R07,7,45,Low,Clear,Night,Weekday,28.72,5.62
B042,R06,38,39,Low,Clear,Evening,Weekday,33.53,8.65
B020,R08,49,14,Medium,Clear,Night,Weekday,65.38,8.29
B038,R02,54,27,Medium,Cloudy,Morning,Weekday,61.93,11.39
B025,R08,6,39,Low,Clear,Evening,Weekday,25.86,5.22
B014,R01,19,19,Medium,Clear,Afternoon,Weekday,47.9,7.88
B011,R05,41,24,Medium,Rain,Night,Weekday,58.24,9.02
B032,R01,19,18,High,Clear,Evening,Weekday,66.06,12.51
B011,R06,36,26,Low,Rain,Afternoon,Weekday,32.46,9.87
B018,R05,25,25,Medium,Clear,Morning,Weekday,54.3,9.43
B027,R01,21,19,Medium,Cloudy,Morning,Weekday,47.1,8.63
B018,R05,38,27,High,Clear,Evening,Weekday,90.97,8.77
B023,R04,36,41,Medium,Clear,Evening,Weekday,65.95,10.05
B011,R07,54,8,High,Clear,Morning,Weekday,85.66,13.12
B021,R02,51,19,High,Clear,Morning,Weekday,83.44,11.25
B044,R05,56,38,Medium,Cloudy,Morning,Weekday,67.03,8.37
B005,R04,27,39,Low,Rain,Afternoon,Weekday,41.0,7.68
B023,R07,39,31,High,Clear,Afternoon,Weekday,90.02,7.65
B041,R07,41,23,Medium,Clear,Evening,Weekday,50.66,11.04
B025,R03,47,25,Medium,Clear,Afternoon,Weekend,70.18,7.1
B041,R08,45,20,Medium,Cloudy,Night,Weekday,61.05,7.73
B010,R01,41,17,High,Clear,Morning,Weekend,76.39,9.99
B022,R03,37,16,High,Clear,Evening,Weekend,84.09,12.13
B019,R08,29,22,High,Cloudy,Afternoon,Weekday,74.91,6.08
B001,R08,50,41,Low,Clear,Evening,Weekday,51.84,6.56
B007,R06,41,41,Medium,Clear,Afternoon,Weekday,65.26,7.93
B004,R04,44,35,Low,Clear,Evening,Weekday,43.66,7.6
B001,R03,25,38,Low,Cloudy,Morning,Weekday,40.61,8.08
B015,R03,50,28,High,Clear,Morning,Weekday,84.24,11.86
B040,R08,52,21,Medium,Rain,Morning,Weekday,60.52,12.01
B012,R07,42,34,Medium,Clear,Afternoon,Weekday,70.59,7.2
B022,R04,44,16,Medium,Clear,Evening,Weekend,60.82,10.3
B022,R07,38,31,High,Cloudy,Evening,Weekday,79.87,10.23
B050,R02,23,22,Low,Clear,Evening,Weekend,28.69,7.87
B047,R05,31,47,Low,Clear,Night,Weekday,36.0,7.01
B017,R06,13,38,Medium,Clear,Afternoon,Weekday,48.1,4.33
B029,R06,9,34,Medium,Clear,Morning,Weekend,38.94,7.68
B046,R01,9,8,High,Cloudy,Morning,Weekday,59.05,10.46
B014,R07,29,25,High,Clear,Evening,Weekday,70.08,10.53
B050,R05,30,18,Medium,Cloudy,Evening,Weekday,54.36,9.8
B020,R08,23,28,High,Cloudy,Night,Weekend,73.67,7.19
B050,R01,34,50,Low,Cloudy,Afternoon,Weekend,43.48,4.12
B048,R06,40,28,High,Cloudy,Evening,Weekday,92.25,11.83
B033,R05,52,26,Low,Cloudy,Evening,Weekday,46.9,8.51
B043,R03,52,24,High,Clear,Afternoon,Weekday,83.74,11.09
B015,R02,20,34,Medium,Clear,Evening,Weekend,38.1,8.3
B012,R08,11,46,Low,Clear,Morning,Weekday,26.79,5.03
B040,R03,22,50,Low,Cloudy,Afternoon,Weekend,30.15,4.18
B020,R02,60,28,Medium,Cloudy,Morning,Weekday,68.21,10.41
B030,R08,25,41,Medium,Clear,Night,Weekend,49.21,8.49
B038,R07,35,19,Low,Rain,Evening,Weekday,34.37,9.81
B003,R04,5,24,Medium,Cloudy,Evening,Weekday,44.14,6.63
B028,R01,7,39,Medium,Clear,Afternoon,Weekday,46.71,6.05
B026,R01,35,40,Medium,Clear,Night,Weekday,57.37,8.17
B030,R04,29,16,High,Clear,Afternoon,Weekday,78.43,9.77
B013,R05,57,29,Low,Cloudy,Night,Weekend,54.93,4.53
B013,R04,12,31,Medium,Clear,Afternoon,Weekend,45.53,5.61
B002,R07,5,8,High,Clear,Afternoon,Weekend,68.62,8.58
B037,R06,11,10,Medium,Rain,Evening,Weekday,40.74,12.46
B049,R04,11,18,Medium,Cloudy,Evening,Weekday,46.95,8.43
B038,R02,12,38,Medium,Clear,Night,Weekday,44.08,5.26
B002,R06,23,32,Low,Clear,Morning,Weekend,33.96,7.1
B036,R04,21,40,Medium,Clear,Morning,Weekday,39.72,9.65
B026,R01,15,19,High,Rain,Afternoon,Weekday,73.38,11.73
B011,R03,51,20,Low,Rain,Evening,Weekday,45.26,10.11
B008,R02,45,24,High,Cloudy,Afternoon,Weekday,84.67,8.77
B044,R07,53,32,Low,Clear,Night,Weekday,42.57,4.47
B040,R02,15,37,Medium,Clear,Afternoon,Weekday,55.85,7.59
B043,R08,42,14,High,Clear,Afternoon,Weekday,82.72,11.22
B022,R05,45,13,High,Clear,Afternoon,Weekday,80.6,10.87
B020,R03,54,32,High,Clear,Night,Weekend,76.51,10.33
B008,R02,56,30,High,Cloudy,Night,Weekday,86.26,10.86
B029,R08,6,35,Medium,Clear,Afternoon,Weekend,31.4,1.38
B040,R04,8,15,Medium,Clear,Evening,Weekday,44.64,8.64
B026,R02,54,21,Medium,Cloudy,Night,Weekday,69.95,9.02
B030,R02,32,42,Medium,Clear,Morning,Weekday,59.54,10.68
B017,R02,37,21,Medium,Rain,Afternoon,Weekend,54.21,12.37
B020,R05,15,39,Medium,Clear,Evening,Weekend,44.34,3.78
B016,R02,7,19,Medium,Clear,Night,Weekday,43.03,5.45
B046,R02,44,23,High,Clear,Afternoon,Weekday,79.26,10.54
B043,R05,9,9,Medium,Rain,Evening,Weekday,36.2,13.69
B007,R08,56,48,Low,Cloudy,Morning,Weekend,44.9,4.71
B016,R06,25,31,Medium,Clear,Night,Weekday,54.5,7.9
B045,R03,26,26,Medium,Clear,Night,Weekend,50.7,5.56
B047,R08,58,34,Medium,Cloudy,Morning,Weekday,67.82,8.81
B048,R07,41,13,High,Clear,Night,Weekday,77.9,9.33
B027,R06,15,23,Medium,Rain,Evening,Weekday,59.21,9.81
B023,R01,48,14,High,Rain,Night,Weekday,84.63,12.94
B024,R05,26,37,Medium,Cloudy,Afternoon,Weekend,54.12,7.38
B009,R05,45,16,Medium,Rain,Morning,Weekend,59.64,12.84
B035,R02,57,8,High,Clear,Afternoon,Weekend,90.87,11.45
B020,R02,17,26,Low,Clear,Night,Weekday,28.99,4.97
B037,R07,58,30,Low,Clear,Afternoon,Weekday,40.29,7.35
B042,R01,56,34,Low,Clear,Evening,Weekday,55.48,7.61
B017,R02,7,16,Medium,Rain,Afternoon,Weekday,42.95,8.9
B047,R04,17,29,Low,Clear,Evening,Weekend,31.18,6.96
B031,R02,32,9,High,Rain,Evening,Weekday,72.83,14.61
B008,R02,58,33,Medium,Cloudy,Evening,Weekend,71.24,7.68
B015,R04,15,13,Medium,Clear,Morning,Weekday,50.83,10.31
B031,R01,15,43,Low,Clear,Afternoon,Weekday,20.18,1.92
B030,R04,25,49,Low,Clear,Evening,Weekday,35.11,6.46
B046,R05,56,34,Low,Clear,Evening,Weekday,47.46,8.93
B020,R04,25,33,Medium,Clear,Afternoon,Weekday,47.36,5.03
B039,R03,11,19,Medium,Clear,Night,Weekday,53.86,5.69
B012,R05,21,17,Medium,Cloudy,Morning,Weekend,45.83,10.54
B049,R02,52,15,Medium,Cloudy,Evening,Weekday,67.17,12.41
B017,R07,18,11,High,Clear,Night,Weekday,62.8,10.97
B042,R05,37,39,Low,Clear,Night,Weekday,32.99,5.48
B030,R01,15,18,High,Rain,Night,Weekend,72.8,12.13
B029,R01,17,16,Medium,Clear,Evening,Weekday,46.74,11.07
B019,R04,5,31,Medium,Clear,Evening,Weekday,49.71,7.11
B046,R05,38,42,Low,Cloudy,Evening,Weekday,36.94,6.67
B011,R02,13,12,Medium,Rain,Afternoon,Weekday,44.22,10.0
B034,R01,17,26,Low,Rain,Evening,Weekday,24.69,10.76
B050,R06,41,25,High,Clear,Morning,Weekday,78.04,11.79
B007,R02,34,28,Medium,Clear,Afternoon,Weekend,60.09,8.62
B044,R06,45,26,High,Clear,Morning,Weekday,82.93,12.04
B034,R03,49,24,Medium,Rain,Night,Weekend,62.96,10.2
B020,R06,41,21,Low,Clear,Afternoon,Weekday,43.95,7.98
B050,R08,51,30,Medium,Clear,Afternoon,Weekend,68.25,8.48
B038,R01,11,38,Low,Rain,Afternoon,Weekend,24.1,7.53
B024,R04,18,8,High,Rain,Morning,Weekend,76.62,13.79
B010,R03,52,17,High,Cloudy,Morning,Weekday,78.29,15.7
B032,R05,10,18,Medium,Clear,Night,Weekend,47.03,7.95
B015,R02,38,36,Medium,Clear,Evening,Weekday,58.39,12.38
B037,R01,20,20,Medium,Rain,Morning,Weekday,52.51,11.93
B020,R03,55,13,High,Cloudy,Night,Weekend,88.02,13.96
B003,R03,41,30,Low,Clear,Evening,Weekday,41.81,9.11
B037,R08,40,25,High,Clear,Afternoon,Weekday,71.06,8.46
B040,R01,50,30,Medium,Rain,Evening,Weekend,66.13,10.27
B008,R05,10,8,High,Clear,Morning,Weekday,70.21,11.22
B040,R05,12,28,High,Cloudy,Night,Weekday,62.98,8.18
B044,R04,28,15,High,Clear,Afternoon,Weekday,78.98,10.83
B023,R07,7,35,Medium,Clear,Afternoon,Weekday,41.73,8.72
B040,R06,8,36,Low,Rain,Evening,Weekday,21.04,9.23
B011,R05,36,35,Medium,Clear,Evening,Weekday,55.15,7.73
B046,R08,5,26,Medium,Cloudy,Morning,Weekend,37.4,7.88
B008,R04,38,27,High,Clear,Afternoon,Weekend,79.36,8.16
B029,R06,49,43,Low,Clear,Evening,Weekday,41.38,6.79
B030,R03,13,21,Medium,Cloudy,Afternoon,Weekday,43.76,7.16
B010,R01,16,38,Low,Rain,Night,Weekday,24.58,6.35
B039,R05,14,26,High,Cloudy,Night,Weekend,68.64,5.94
B028,R04,14,21,Low,Clear,Morning,Weekend,20.67,6.32
B049,R03,54,29,Medium,Clear,Afternoon,Weekday,69.96,11.05
B036,R05,48,23,Low,Rain,Evening,Weekend,46.51,11.58
B013,R02,58,16,Medium,Clear,Night,Weekday,71.54,7.86
B032,R07,52,8,High,Rain,Night,Weekday,81.1,10.54
B036,R03,27,32,Low,Clear,Morning,Weekday,34.69,7.32
B037,R08,10,37,Low,Rain,Night,Weekday,31.52,7.61
B026,R08,28,29,Low,Rain,Morning,Weekday,27.96,10.46
B022,R05,28,38,Medium,Clear,Afternoon,Weekday,54.91,6.85
B004,R08,25,27,Medium,Cloudy,Evening,Weekday,46.93,7.89
B031,R03,60,42,Low,Clear,Afternoon,Weekday,48.63,8.33
B018,R01,46,34,Medium,Clear,Afternoon,Weekday,62.84,7.53
B038,R01,35,43,Low,Clear,Afternoon,Weekday,34.33,3.98
B024,R07,51,32,High,Cloudy,Evening,Weekend,81.75,11.62
B023,R01,45,8,High,Clear,Afternoon,Weekend,83.78,9.8
B022,R06,34,31,High,Cloudy,Afternoon,Weekday,71.95,7.58
B002,R02,60,16,High,Clear,Morning,Weekend,92.58,11.29
B031,R01,38,21,Medium,Clear,Morning,Weekday,67.71,10.3
B011,R08,22,24,Medium,Cloudy,Morning,Weekday,44.61,11.02
B028,R02,16,31,Medium,Clear,Evening,Weekday,41.31,6.05
B046,R01,39,45,Low,Cloudy,Night,Weekday,31.92,5.4
B032,R06,11,40,Low,Cloudy,Night,Weekday,23.12,5.3
B005,R08,45,30,Low,Rain,Afternoon,Weekday,46.79,9.31
B038,R03,44,29,Medium,Clear,Night,Weekend,66.74,7.99
B010,R05,29,38,Medium,Clear,Afternoon,Weekday,56.61,8.84
B040,R05,10,23,Low,Cloudy,Morning,Weekday,26.0,8.27
B046,R01,5,22,Low,Cloudy,Afternoon,Weekend,28.88,3.64
B024,R05,50,27,Medium,Clear,Evening,Weekday,62.55,11.87
B035,R01,20,48,Low,Cloudy,Night,Weekday,32.79,4.0
B044,R01,52,10,High,Clear,Afternoon,Weekday,95.93,12.86
B048,R08,8,49,Low,Clear,Morning,Weekday,30.17,2.83
B023,R07,33,18,Medium,Cloudy,Evening,Weekday,50.9,10.22
B017,R04,42,42,Medium,Clear,Afternoon,Weekday,58.1,7.83
B001,R04,51,21,Low,Clear,Afternoon,Weekday,55.67,6.97
B031,R07,32,27,Medium,Clear,Afternoon,Weekend,53.12,7.52
B031,R04,26,16,Medium,Clear,Evening,Weekday,60.99,12.37
B042,R02,12,24,High,Cloudy,Afternoon,Weekday,63.84,8.55
B042,R04,36,41,Medium,Clear,Morning,Weekday,57.01,9.59
B034,R01,37,20,Low,Rain,Morning,Weekend,33.91,8.14
B009,R06,17,27,Low,Cloudy,Morning,Weekday,24.76,7.96
B022,R06,31,30,Low,Clear,Morning,Weekday,34.52,4.69
B013,R03,22,48,Low,Clear,Evening,Weekday,31.92,6.14
B025,R08,22,31,Medium,Clear,Morning,Weekday,48.99,8.75
B048,R04,17,13,High,Cloudy,Morning,Weekday,72.0,14.12
B018,R06,26,12,Medium,Clear,Night,Weekday,51.0,7.95
B012,R04,18,17,Medium,Clear,Morning,Weekend,38.68,5.47
B040,R08,15,39,Medium,Clear,Evening,Weekend,46.46,7.87
B017,R03,43,10,High,Cloudy,Night,Weekend,79.13,8.8
B015,R06,54,36,Low,Cloudy,Night,Weekday,54.44,6.17
B042,R01,57,27,High,Cloudy,Evening,Weekday,92.98,11.53
B015,R02,26,12,High,Rain,Night,Weekday,77.97,12.67
B015,R07,40,33,Low,Clear,Afternoon,Weekday,43.51,2.54
B039,R07,21,44,Low,Cloudy,Morning,Weekday,32.7,3.02
B013,R07,55,27,High,Clear,Afternoon,Weekday,89.68,11.01
B017,R04,36,8,High,Clear,Evening,Weekday,82.61,12.98
B032,R06,18,28,Low,Cloudy,Afternoon,Weekend,31.9,2.56
B009,R08,46,21,Medium,Clear,Evening,Weekday,60.36,9.93
B040,R08,33,14,Medium,Clear,Afternoon,Weekday,49.42,9.54
B020,R06,10,16,Medium,Rain,Morning,Weekend,35.57,10.3
B026,R03,54,15,Medium,Clear,Evening,Weekend,62.75,11.21
B027,R01,8,31,Low,Clear,Evening,Weekday,20.32,5.33
B021,R05,15,26,Medium,Rain,Evening,Weekday,47.03,12.44
B018,R06,49,26,High,Clear,Night,Weekend,83.88,8.92
B013,R02,44,16,High,Cloudy,Morning,Weekday,90.69,12.95
B016,R03,14,36,Low,Rain,Night,Weekend,29.81,6.42
B009,R06,59,10,High,Clear,Night,Weekday,85.77,11.35
B012,R06,32,38,Low,Clear,Morning,Weekday,42.86,6.01
B044,R03,15,38,Medium,Cloudy,Evening,Weekday,46.35,7.93
B038,R03,39,30,High,Cloudy,Night,Weekday,82.33,10.58
B019,R04,19,29,Medium,Clear,Night,Weekend,51.84,8.63
B007,R06,12,46,Low,Clear,Evening,Weekday,26.2,4.42
B035,R05,24,37,Low,Clear,Morning,Weekday,39.07,7.75
B048,R02,54,34,Medium,Rain,Morning,Weekday,64.08,11.64
B018,R01,25,31,High,Clear,Morning,Weekend,73.14,9.26
B016,R01,5,25,High,Rain,Night,Weekend,57.99,10.53
B039,R05,33,8,High,Rain,Morning,Weekday,78.25,14.4
B004,R08,28,10,High,Cloudy,Morning,Weekend,76.04,10.68
B025,R03,34,18,Medium,Cloudy,Night,Weekday,57.43,11.33
B032,R03,44,24,High,Clear,Morning,Weekday,82.34,11.87
B040,R08,39,32,Low,Clear,Afternoon,Weekday,38.63,6.54
B013,R03,37,9,High,Cloudy,Morning,Weekday,80.38,15.39
B045,R08,24,18,Medium,Clear,Morning,Weekend,55.09,11.3
B017,R06,20,16,High,Clear,Evening,Weekday,63.94,11.66
B049,R08,13,44,Low,Cloudy,Night,Weekend,25.11,1.64
B037,R03,35,37,Medium,Clear,Evening,Weekend,55.69,6.43
B006,R03,21,31,Medium,Cloudy,Afternoon,Weekday,53.81,5.2
B019,R06,35,9,High,Clear,Morning,Weekday,83.54,11.94
B013,R08,52,20,High,Clear,Evening,Weekend,88.14,10.23
B026,R06,27,34,Medium,Clear,Evening,Weekday,54.22,8.86
B014,R05,10,24,Medium,Rain,Afternoon,Weekend,41.16,7.51
B031,R04,34,22,Medium,Rain,Morning,Weekday,66.31,11.69
B004,R06,59,39,Low,Clear,Evening,Weekend,44.89,6.89
B039,R02,11,27,Low,Clear,Morning,Weekend,19.22,5.1
B008,R03,60,30,Low,Rain,Afternoon,Weekend,53.6,6.72
B025,R04,52,26,Medium,Clear,Afternoon,Weekday,63.44,9.13
B013,R01,44,8,High,Clear,Morning,Weekday,85.82,14.87
B032,R05,46,8,High,Clear,Afternoon,Weekday,90.16,13.41
B038,R08,50,26,Low,Cloudy,Night,Weekday,43.66,8.01
B038,R04,15,35,Low,Clear,Evening,Weekday,29.78,6.19
B028,R06,38,42,Low,Clear,Night,Weekend,36.77,3.01
B030,R03,16,39,Low,Cloudy,Night,Weekday,28.37,5.38
B003,R03,56,33,Low,Clear,Afternoon,Weekday,47.36,6.89
B028,R03,56,39,Medium,Cloudy,Afternoon,Weekend,72.8,7.78
B003,R04,49,32,Medium,Clear,Morning,Weekday,61.77,12.27
B045,R03,51,40,Medium,Clear,Night,Weekend,62.13,6.41
B034,R06,31,23,Medium,Clear,Evening,Weekend,54.51,7.86
B016,R08,16,24,Low,Cloudy,Morning,Weekend,31.31,5.23
B022,R04,17,18,Medium,Clear,Morning,Weekday,44.5,9.55
B032,R03,12,15,High,Clear,Morning,Weekend,60.08,9.32
B038,R01,20,38,Low,Cloudy,Afternoon,Weekday,35.88,5.68
B008,R01,33,24,Low,Cloudy,Afternoon,Weekday,25.39,7.25
B008,R02,39,26,Low,Clear,Morning,Weekend,32.99,8.71
B006,R03,33,47,Low,Clear,Afternoon,Weekday,47.33,6.31
B014,R03,35,38,Medium,Clear,Afternoon,Weekday,48.74,3.17
B032,R04,17,26,Low,Cloudy,Morning,Weekday,26.31,5.72
B035,R04,16,24,Medium,Cloudy,Evening,Weekday,44.76,9.48
B010,R07,55,44,Low,Cloudy,Evening,Weekday,36.03,5.8
B003,R08,6,31,Medium,Cloudy,Afternoon,Weekend,37.98,5.27
B012,R03,37,29,Low,Rain,Evening,Weekday,39.83,9.3
B049,R02,12,41,Medium,Clear,Evening,Weekend,49.77,6.18
B031,R08,45,24,Low,Clear,Afternoon,Weekday,48.02,9.19
B029,R03,44,26,Low,Rain,Evening,Weekday,40.13,12.83
B005,R08,57,14,High,Clear,Afternoon,Weekend,79.25,10.6
B025,R06,53,31,Medium,Clear,Night,Weekday,66.76,6.92
B041,R04,45,38,Low,Clear,Morning,Weekday,49.37,7.58
B031,R03,36,27,Medium,Rain,Evening,Weekday,65.63,9.17
B021,R08,42,36,Medium,Clear,Morning,Weekday,65.91,9.92
B020,R04,32,15,Medium,Clear,Morning,Weekday,49.18,11.06
B039,R03,19,33,Medium,Cloudy,Afternoon,Weekday,48.53,4.98
B022,R05,27,20,High,Clear,Evening,Weekday,74.65,13.92
B004,R04,28,29,Low,Rain,Evening,Weekday,35.96,9.24
B013,R08,17,14,Medium,Clear,Night,Weekend,39.61,5.82
B045,R02,25,33,Low,Cloudy,Evening,Weekday,42.78,7.45
B042,R05,58,24,High,Clear,Evening,Weekend,95.6,9.85
B050,R06,16,8,High,Rain,Afternoon,Weekday,67.99,11.63
B049,R03,17,21,High,Rain,Morning,Weekend,69.14,12.96
B020,R07,43,34,High,Cloudy,Night,Weekday,79.0,8.75
B013,R06,27,21,High,Rain,Evening,Weekday,79.68,16.45
B017,R04,54,21,Medium,Clear,Evening,Weekday,61.21,8.78
B036,R05,50,23,High,Rain,Night,Weekday,85.57,13.23
B033,R06,47,20,High,Cloudy,Afternoon,Weekend,79.31,11.21
B001,R02,32,42,Low,Rain,Evening,Weekday,35.91,10.44
B015,R07,18,13,Medium,Cloudy,Evening,Weekday,54.84,9.27
B013,R04,21,42,Medium,Clear,Night,Weekend,47.28,7.84
B017,R05,28,30,High,Cloudy,Morning,Weekday,74.91,7.84
B024,R06,57,15,High,Clear,Evening,Weekday,87.86,13.44
B008,R05,38,27,High,Cloudy,Evening,Weekday,75.33,13.16
B050,R05,55,24,High,Clear,Morning,Weekday,84.41,14.02
B027,R06,52,27,Medium,Clear,Evening,Weekday,62.97,9.18
B045,R01,26,28,Low,Rain,Morning,Weekend,23.97,8.83
B023,R03,14,15,Low,Rain,Afternoon,Weekday,26.22,9.86
B046,R08,58,29,Medium,Rain,Morning,Weekday,69.39,12.35
B008,R04,12,29,Medium,Cloudy,Morning,Weekend,38.42,5.48
B008,R04,25,18,Medium,Cloudy,Evening,Weekend,50.23,6.59
B026,R07,41,21,Medium,Cloudy,Evening,Weekday,59.37,9.58
B047,R07,11,11,High,Clear,Night,Weekday,69.54,9.13
B013,R07,30,32,Medium,Rain,Evening,Weekday,63.63,10.61
B039,R04,17,14,High,Rain,Evening,Weekend,70.47,16.26
B037,R05,20,20,High,Cloudy,Morning,Weekend,63.11,10.94
B049,R07,34,8,Medium,Rain,Afternoon,Weekday,52.38,11.39
B028,R06,35,19,Medium,Cloudy,Evening,Weekend,57.87,9.15
B025,R03,9,23,High,Clear,Morning,Weekday,62.24,10.18
B016,R02,36,33,Medium,Rain,Night,Weekend,57.8,9.79
B002,R04,20,50,Low,Clear,Night,Weekend,34.14,0.98
B018,R06,51,24,Low,Cloudy,Afternoon,Weekend,44.64,4.49
B017,R03,13,44,Low,Clear,Afternoon,Weekend,38.73,2.76
B030,R03,26,39,Low,Cloudy,Afternoon,Weekday,25.11,0.58
B039,R01,59,31,Low,Cloudy,Morning,Weekday,52.19,6.97
B013,R08,48,44,Low,Cloudy,Evening,Weekday,35.66,8.55
B032,R06,44,17,Medium,Clear,Morning,Weekend,57.74,10.68
B050,R04,49,31,High,Clear,Night,Weekend,88.71,6.47
B029,R07,41,34,Medium,Cloudy,Night,Weekday,50.19,7.35
B046,R05,18,20,High,Rain,Evening,Weekday,70.49,12.04
B030,R07,20,13,High,Clear,Afternoon,Weekday,63.78,9.01
B018,R03,47,21,Medium,Clear,Night,Weekday,63.15,7.86
B013,R03,24,12,Medium,Clear,Afternoon,Weekday,48.85,9.58
B043,R02,48,21,Low,Rain,Morning,Weekend,44.07,11.44
B021,R07,19,21,High,Cloudy,Afternoon,Weekday,71.49,8.71
B030,R08,60,8,High,Rain,Morning,Weekday,95.29,13.89
B021,R08,48,12,Medium,Cloudy,Evening,Weekday,64.7,8.85
B048,R01,30,29,Low,Clear,Afternoon,Weekend,38.08,6.37
B017,R08,13,30,High,Cloudy,Evening,Weekday,66.16,10.09
B040,R03,5,22,Low,Clear,Afternoon,Weekday,15.79,4.91
B019,R03,39,49,Low,Clear,Night,Weekday,33.8,2.71
B015,R08,48,21,High,Clear,Evening,Weekday,91.46,14.01
B009,R05,24,18,Medium,Clear,Afternoon,Weekend,45.9,8.02
B010,R05,49,18,Medium,Clear,Evening,Weekend,65.45,9.46
B044,R08,59,25,High,Clear,Afternoon,Weekend,90.37,8.35
B031,R02,10,21,Medium,Clear,Morning,Weekday,45.59,9.08
B023,R06,46,39,Medium,Clear,Evening,Weekday,68.11,6.53
B030,R02,14,46,Low,Cloudy,Night,Weekday,23.77,4.4
B033,R02,52,32,Low,Clear,Evening,Weekday,44.94,7.85
B009,R08,37,8,High,Clear,Morning,Weekend,76.8,12.0
B047,R05,20,23,Medium,Clear,Morning,Weekday,38.67,8.99
B001,R07,40,22,Low,Cloudy,Night,Weekday,36.2,7.9
B044,R07,10,42,Low,Cloudy,Morning,Weekday,30.33,6.7
B035,R08,23,20,Medium,Rain,Night,Weekend,61.62,10.98
B011,R07,35,15,Medium,Rain,Afternoon,Weekend,62.25,10.45
B034,R06,6,14,Medium,Clear,Morning,Weekday,44.94,9.1
B016,R05,22,36,Medium,Clear,Afternoon,Weekday,44.12,5.58
B009,R08,46,45,Low,Clear,Afternoon,Weekday,43.93,4.16
B032,R01,32,12,Medium,Rain,Morning,Weekday,56.49,13.44
B015,R04,8,10,High,Cloudy,Night,Weekend,75.71,8.94
B012,R04,5,33,Low,Clear,Night,Weekday,13.77,6.18
B033,R08,51,13,Medium,Clear,Night,Weekend,59.25,8.25
B045,R08,46,21,Medium,Clear,Morning,Weekend,69.06,7.1
B014,R01,54,14,Medium,Clear,Afternoon,Weekend,74.72,8.86
B008,R07,20,36,Low,Rain,Evening,Weekday,31.66,10.61
B008,R04,49,31,High,Cloudy,Evening,Weekend,82.68,11.65
B027,R06,51,22,Medium,Cloudy,Morning,Weekday,68.37,11.09
B012,R08,6,22,High,Clear,Evening,Weekday,73.89,12.39
B001,R05,56,27,Low,Clear,Afternoon,Weekday,44.76,7.19
B043,R04,40,31,Medium,Cloudy,Evening,Weekday,62.33,7.25
B040,R06,5,8,High,Cloudy,Night,Weekend,61.49,10.22
B042,R05,43,41,Medium,Clear,Afternoon,Weekday,63.35,7.46
B011,R08,27,20,Medium,Clear,Morning,Weekday,57.39,9.39
B039,R06,30,17,Medium,Rain,Morning,Weekday,52.07,10.6
B043,R01,15,30,Low,Clear,Night,Weekend,32.4,2.8
B031,R08,46,37,Medium,Clear,Evening,Weekend,60.54,5.71
B017,R02,5,21,Low,Clear,Morning,Weekday,25.36,6.01
B033,R01,15,31,Low,Cloudy,Morning,Weekday,17.79,5.51
B032,R04,28,14,Medium,Clear,Afternoon,Weekday,57.82,8.41
B029,R05,14,34,Low,Cloudy,Afternoon,Weekday,22.56,6.98
B021,R06,18,31,High,Clear,Afternoon,Weekend,66.5,9.07
B021,R04,18,31,High,Clear,Afternoon,Weekend,57.72,7.69
B040,R04,11,12,Medium,Cloudy,Morning,Weekend,44.38,7.45
B023,R08,27,27,High,Cloudy,Afternoon,Weekday,80.14,7.59
B006,R02,47,24,High,Rain,Night,Weekend,75.67,13.46
B022,R07,26,30,Low,Clear,Night,Weekday,33.97,3.51
B050,R04,40,28,High,Clear,Afternoon,Weekday,69.8,8.01
B038,R02,31,29,Low,Cloudy,Afternoon,Weekend,34.75,8.57
B037,R05,60,36,Medium,Clear,Evening,Weekday,74.29,9.82
B045,R05,6,14,Medium,Clear,Afternoon,Weekday,42.46,10.83
B008,R06,43,25,Medium,Clear,Morning,Weekday,65.4,9.29
B041,R07,55,40,Low,Clear,Night,Weekday,44.99,7.67
B049,R02,50,35,Low,Clear,Night,Weekday,57.92,6.4
B035,R01,23,13,Medium,Rain,Morning,Weekday,57.0,11.43
B011,R05,11,18,Medium,Rain,Afternoon,Weekend,46.55,7.76
B024,R08,16,17,High,Rain,Evening,Weekday,76.56,10.84
B049,R07,7,8,Medium,Rain,Night,Weekday,50.47,9.24
B021,R06,51,20,Low,Clear,Evening,Weekday,42.81,10.27
B002,R01,9,23,Low,Clear,Night,Weekday,27.0,5.21
B040,R05,12,34,Medium,Cloudy,Evening,Weekday,44.52,7.5
B019,R05,18,27,Medium,Rain,Night,Weekday,53.59,9.48
B039,R06,40,42,Low,Clear,Evening,Weekday,47.86,8.46
B028,R06,11,48,Low,Clear,Afternoon,Weekday,18.1,1.32
B017,R03,11,41,Low,Clear,Afternoon,Weekend,26.1,3.47
B006,R08,54,48,Low,Clear,Morning,Weekday,54.31,4.37
B019,R04,50,12,Medium,Clear,Morning,Weekend,68.8,5.96
B038,R04,36,30,High,Clear,Evening,Weekday,80.14,10.51
B028,R01,12,23,Medium,Rain,Evening,Weekday,51.38,11.01
B002,R04,16,24,High,Clear,Night,Weekend,61.31,7.62
B038,R01,14,24,Low,Rain,Morning,Weekday,29.84,9.28
B037,R07,18,31,Medium,Clear,Morning,Weekday,55.17,9.12
B004,R05,13,31,Medium,Rain,Night,Weekday,49.35,8.01
B022,R03,42,15,Medium,Clear,Evening,Weekend,54.9,8.07
B026,R03,34,20,Medium,Cloudy,Morning,Weekday,55.12,11.46
B049,R08,9,18,Medium,Clear,Evening,Weekday,44.56,11.41
B043,R08,5,36,Medium,Cloudy,Afternoon,Weekday,38.4,6.21
B036,R05,5,41,Low,Rain,Evening,Weekday,17.99,8.89
B013,R06,24,25,Medium,Clear,Afternoon,Weekend,54.46,8.04
B032,R08,53,34,Medium,Clear,Afternoon,Weekday,74.74,9.5
B017,R08,15,29,High,Clear,Night,Weekday,58.07,6.85
B041,R02,30,14,Medium,Clear,Night,Weekday,52.58,8.31
B036,R02,48,26,Medium,Clear,Afternoon,Weekday,60.39,5.93
B046,R04,7,22,Medium,Cloudy,Night,Weekday,51.01,7.52
B019,R06,10,13,High,Clear,Morning,Weekend,68.62,11.15
B035,R01,47,23,High,Cloudy,Morning,Weekday,90.46,9.87
B046,R07,49,11,High,Rain,Evening,Weekend,88.93,15.96
B040,R03,15,36,Medium,Cloudy,Afternoon,Weekday,53.41,7.73
B028,R04,12,36,Low,Clear,Evening,Weekend,27.43,7.64
B001,R08,33,30,Medium,Cloudy,Afternoon,Weekday,58.88,7.28
B042,R05,14,42,Medium,Clear,Afternoon,Weekend,49.62,5.51
B018,R06,38,14,High,Clear,Evening,Weekday,79.17,14.78
B048,R08,28,39,Low,Clear,Evening,Weekday,34.03,5.02
B040,R03,50,35,Medium,Rain,Evening,Weekend,67.37,11.09
B033,R01,52,35,Low,Cloudy,Evening,Weekend,48.25,5.14
B012,R01,21,8,High,Clear,Morning,Weekday,71.56,12.17
B008,R02,36,26,Low,Clear,Afternoon,Weekday,38.9,5.82
B024,R04,15,22,Medium,Clear,Night,Weekday,51.06,6.48
B016,R08,38,32,Low,Rain,Afternoon,Weekend,38.36,8.18
B050,R05,28,38,Low,Rain,Morning,Weekday,27.9,7.74
B004,R03,59,35,Medium,Clear,Afternoon,Weekday,70.53,7.56
B038,R08,9,36,Low,Clear,Morning,Weekend,20.01,6.46
B044,R07,33,30,Medium,Cloudy,Afternoon,Weekday,61.69,10.55
B027,R01,52,29,High,Clear,Morning,Weekday,83.07,13.81
B009,R08,52,13,High,Clear,Night,Weekday,83.5,11.83
B047,R03,38,34,Low,Cloudy,Night,Weekday,41.07,6.7
B016,R05,20,9,High,Clear,Night,Weekday,69.94,10.92
B012,R03,29,24,Medium,Cloudy,Night,Weekday,60.41,4.8
B031,R04,41,8,High,Clear,Morning,Weekday,79.45,10.47
B024,R02,12,11,High,Cloudy,Afternoon,Weekday,64.53,9.57
B014,R03,33,26,Low,Cloudy,Night,Weekday,32.68,8.92
B045,R06,56,16,Medium,Clear,Night,Weekday,62.07,7.77
B025,R08,50,37,Low,Cloudy,Afternoon,Weekday,42.37,6.93
B034,R02,29,30,High,Clear,Afternoon,Weekday,76.56,7.29
B003,R05,46,32,Medium,Clear,Evening,Weekday,69.42,11.25
B024,R02,27,27,Medium,Clear,Afternoon,Weekday,57.76,8.36
B042,R03,38,20,Medium,Clear,Afternoon,Weekday,56.15,6.63
B009,R03,7,14,High,Clear,Afternoon,Weekday,64.31,9.73
B026,R06,34,24,High,Cloudy,Evening,Weekend,77.14,11.82
B020,R01,54,39,Medium,Clear,Afternoon,Weekday,72.79,7.99
B040,R08,57,30,Medium,Clear,Morning,Weekday,75.08,11.77
B010,R06,38,10,High,Rain,Night,Weekday,69.27,14.7
B019,R03,36,10,High,Cloudy,Morning,Weekday,84.97,15.31
B003,R07,57,31,Low,Clear,Evening,Weekday,40.65,10.98
B024,R02,33,38,Low,Clear,Evening,Weekday,37.87,7.83
B005,R06,13,27,Low,Clear,Evening,Weekday,16.05,8.4
B003,R06,6,32,Medium,Clear,Evening,Weekend,48.08,6.96
B027,R08,43,17,Low,Rain,Evening,Weekend,39.81,11.28
B016,R07,11,17,Medium,Clear,Night,Weekday,48.88,8.69
B049,R07,50,22,Medium,Cloudy,Afternoon,Weekday,63.56,8.02
B015,R07,9,30,Medium,Rain,Morning,Weekend,49.36,11.86
B035,R08,12,40,Medium,Cloudy,Morning,Weekday,37.67,6.81
B012,R01,36,41,Low,Clear,Afternoon,Weekday,41.05,5.42
B041,R03,59,8,High,Cloudy,Evening,Weekday,91.58,13.85
B044,R03,58,8,High,Rain,Afternoon,Weekday,90.87,16.79
B026,R05,22,34,Medium,Cloudy,Evening,Weekday,53.57,6.69
B047,R08,42,21,High,Rain,Night,Weekday,86.67,10.98
B034,R01,50,31,Low,Clear,Morning,Weekday,49.93,6.93
B023,R05,22,8,High,Rain,Morning,Weekend,63.94,13.07
B031,R05,53,16,Low,Rain,Night,Weekday,47.07,10.22
B050,R05,45,31,Medium,Clear,Night,Weekday,64.28,6.0
B020,R08,49,50,Low,Cloudy,Evening,Weekday,44.17,7.14
B012,R04,20,12,Medium,Cloudy,Afternoon,Weekday,50.77,6.5
B023,R05,25,25,Low,Cloudy,Evening,Weekday,34.89,8.0
B004,R06,14,8,Medium,Rain,Evening,Weekday,50.79,14.81
B023,R02,46,38,Medium,Clear,Morning,Weekday,65.85,10.19
B048,R06,8,16,High,Cloudy,Evening,Weekday,68.32,10.92
B048,R06,48,27,Medium,Cloudy,Afternoon,Weekend,73.85,6.45
B001,R03,12,30,Low,Cloudy,Evening,Weekday,24.96,10.73
B025,R04,51,33,Low,Cloudy,Morning,Weekday,44.83,8.74
B002,R08,57,9,High,Clear,Afternoon,Weekend,92.02,11.94
B030,R05,59,27,Medium,Clear,Afternoon,Weekday,69.48,10.32
B003,R03,23,21,Medium,Rain,Morning,Weekend,49.81,11.7
B021,R01,51,14,Medium,Rain,Morning,Weekend,63.23,13.36
B025,R01,44,48,Low,Clear,Evening,Weekday,45.14,7.26
B020,R08,44,40,Low,Cloudy,Morning,Weekday,44.26,7.35
B049,R03,55,26,Medium,Rain,Night,Weekend,76.83,9.81
B022,R02,13,45,Low,Cloudy,Morning,Weekday,21.38,5.12
B021,R08,34,50,Low,Cloudy,Night,Weekday,32.0,6.46
B033,R03,60,32,Low,Clear,Morning,Weekday,50.33,9.43
B038,R03,21,50,Low,Cloudy,Night,Weekday,26.58,2.42
B015,R04,44,32,Low,Cloudy,Night,Weekday,33.09,7.41
B046,R08,48,8,High,Cloudy,Morning,Weekday,81.89,13.09
B015,R01,19,12,Medium,Cloudy,Afternoon,Weekday,60.32,7.3
B046,R01,8,26,High,Clear,Afternoon,Weekend,76.43,8.28
B025,R05,10,13,Low,Rain,Night,Weekend,27.71,6.39
B021,R06,20,49,Low,Cloudy,Afternoon,Weekday,24.43,2.34
B024,R08,30,10,High,Cloudy,Morning,Weekday,71.09,14.24
B005,R03,41,17,Medium,Rain,Night,Weekday,60.96,9.56
B006,R08,27,29,Low,Rain,Evening,Weekday,30.98,10.38
B049,R03,17,13,Medium,Rain,Night,Weekday,49.32,12.08
B043,R02,51,24,Medium,Cloudy,Evening,Weekday,65.72,9.51
B048,R08,21,19,High,Clear,Evening,Weekday,64.38,13.39
B044,R07,58,24,Low,Clear,Night,Weekday,48.76,8.15
B047,R07,31,33,Medium,Clear,Evening,Weekday,57.81,14.38
B023,R01,56,41,Medium,Clear,Afternoon,Weekend,66.13,6.81
B004,R02,26,10,High,Cloudy,Evening,Weekday,77.73,15.49
B027,R04,41,8,High,Clear,Afternoon,Weekday,80.78,9.63
B018,R05,23,20,Low,Rain,Night,Weekend,30.85,6.47
B021,R02,43,17,Medium,Cloudy,Evening,Weekend,61.81,11.66
B028,R01,39,15,High,Clear,Evening,Weekday,76.79,11.97
B035,R04,17,13,Medium,Clear,Afternoon,Weekday,50.53,7.58
B022,R03,18,8,High,Clear,Afternoon,Weekday,64.71,13.35
B040,R04,52,11,High,Rain,Night,Weekday,97.94,15.16
B023,R06,35,36,Low,Clear,Night,Weekday,47.64,6.18
B003,R08,49,39,Low,Cloudy,Evening,Weekday,44.11,8.12
B040,R02,6,8,High,Cloudy,Morning,Weekday,65.85,12.13
B050,R01,50,50,Low,Cloudy,Evening,Weekday,48.01,4.22
B010,R02,56,49,Low,Clear,Evening,Weekday,50.97,7.41
B025,R03,43,38,Medium,Clear,Night,Weekday,64.92,6.28
B049,R07,41,9,High,Clear,Night,Weekday,84.28,12.89
B008,R03,18,35,Low,Clear,Evening,Weekday,32.47,5.7
B011,R01,13,21,Medium,Cloudy,Afternoon,Weekday,42.57,6.65
B005,R06,14,32,Low,Clear,Night,Weekday,29.22,2.8
B045,R05,11,27,Low,Clear,Evening,Weekday,21.78,8.07
B037,R08,32,28,Medium,Clear,Morning,Weekday,58.62,11.32
B045,R08,50,47,Low,Cloudy,Evening,Weekday,49.68,5.73
B038,R04,29,10,High,Clear,Morning,Weekday,76.38,11.29
B029,R04,50,27,High,Clear,Morning,Weekday,88.74,13.27
B005,R03,32,8,High,Cloudy,Morning,Weekday,77.1,12.48
B009,R02,6,27,Low,Clear,Evening,Weekday,32.25,7.23
B048,R07,21,40,Medium,Clear,Night,Weekday,52.55,7.06
B002,R02,56,46,Low,Clear,Afternoon,Weekday,43.41,5.02
B001,R06,8,13,Low,Rain,Afternoon,Weekday,21.57,8.05
B040,R05,17,13,Medium,Clear,Evening,Weekday,50.67,8.88
B030,R08,22,15,Medium,Clear,Evening,Weekday,57.56,8.77
B011,R02,7,13,Low,Rain,Morning,Weekday,25.51,7.22
B028,R08,55,48,Low,Clear,Night,Weekday,48.63,5.41
B044,R04,41,24,High,Cloudy,Evening,Weekday,74.91,12.36
B012,R08,37,21,Medium,Clear,Afternoon,Weekend,67.98,8.1
B039,R07,45,8,High,Clear,Evening,Weekday,75.86,14.89
B026,R08,28,8,High,Cloudy,Night,Weekday,66.27,11.22
B013,R02,12,11,Medium,Rain,Night,Weekend,43.65,7.62
B008,R07,39,21,Low,Clear,Evening,Weekday,42.46,7.65
B028,R08,6,28,High,Cloudy,Evening,Weekday,61.0,8.92
B030,R05,37,25,Low,Cloudy,Night,Weekday,35.42,4.84
B009,R04,16,27,Low,Clear,Night,Weekday,23.89,6.13
B039,R08,26,8,High,Cloudy,Morning,Weekday,81.84,12.4
B031,R07,17,32,Medium,Clear,Evening,Weekday,50.18,7.39
B021,R02,14,38,Low,Clear,Evening,Weekday,31.48,7.42
B047,R04,21,20,Medium,Clear,Evening,Weekday,60.79,9.53
B034,R03,47,8,Medium,Rain,Afternoon,Weekday,73.63,11.23
B031,R03,9,27,Low,Clear,Morning,Weekend,20.01,6.12
B025,R06,13,25,Low,Cloudy,Night,Weekday,27.75,7.38
B012,R03,17,42,Low,Clear,Morning,Weekday,32.44,4.67
B001,R02,56,13,Medium,Clear,Afternoon,Weekday,68.54,8.39
B022,R05,27,26,High,Cloudy,Morning,Weekday,70.12,11.57
B040,R04,34,25,Medium,Cloudy,Afternoon,Weekday,43.67,8.23
B037,R07,47,12,Medium,Clear,Morning,Weekday,70.23,10.38
B047,R01,59,26,Low,Clear,Morning,Weekend,58.74,6.67
B001,R03,8,23,Low,Rain,Morning,Weekday,27.68,9.5
B001,R03,25,35,Low,Clear,Evening,Weekday,32.38,5.26
B042,R01,47,43,Low,Cloudy,Night,Weekday,40.74,4.62
B042,R07,13,21,Low,Cloudy,Morning,Weekday,27.15,6.1
B021,R07,11,42,Medium,Cloudy,Evening,Weekend,52.18,5.31
B015,R01,20,38,Low,Rain,Evening,Weekend,32.76,8.44
B017,R07,27,21,High,Cloudy,Evening,Weekend,62.62,13.58
B022,R02,27,22,High,Clear,Afternoon,Weekday,81.52,7.4
B038,R07,35,21,Medium,Clear,Morning,Weekday,60.89,11.12
B035,R04,9,23,Low,Clear,Night,Weekday,19.14,5.46
B045,R07,10,27,High,Clear,Morning,Weekend,67.96,3.22
B016,R08,55,24,High,Rain,Morning,Weekday,88.54,14.13
B008,R08,5,22,Low,Clear,Night,Weekday,23.52,10.38
B047,R03,52,24,Medium,Cloudy,Evening,Weekend,60.96,6.69
B017,R05,32,9,High,Cloudy,Morning,Weekday,74.69,14.24
B017,R02,22,33,Medium,Rain,Evening,Weekend,42.94,10.97
B026,R02,28,29,Low,Cloudy,Evening,Weekday,40.13,6.25
B013,R07,17,38,Medium,Cloudy,Evening,Weekend,44.21,7.98
B017,R05,37,19,Medium,Clear,Night,Weekday,64.11,9.2
B038,R05,14,21,Medium,Cloudy,Evening,Weekday,50.07,9.39
B017,R06,11,8,High,Clear,Morning,Weekday,63.52,11.23
B048,R05,41,24,Medium,Rain,Evening,Weekend,56.76,11.23
B014,R07,36,34,Low,Clear,Afternoon,Weekday,39.05,5.97
B045,R07,49,12,Medium,Clear,Afternoon,Weekday,69.92,10.38
B006,R01,26,22,Medium,Clear,Afternoon,Weekday,57.06,9.35
B035,R03,20,43,Low,Cloudy,Evening,Weekday,32.83,5.92
B046,R08,28,12,Medium,Cloudy,Morning,Weekday,53.18,10.8
B014,R06,56,31,High,Clear,Morning,Weekday,92.08,9.73
B047,R07,58,36,Medium,Clear,Evening,Weekday,61.29,7.44
B008,R01,18,41,Low,Clear,Evening,Weekday,30.23,5.59
B015,R06,15,35,Low,Clear,Night,Weekday,27.54,2.86
B027,R03,23,23,Medium,Clear,Evening,Weekend,45.38,8.67
B013,R06,27,41,Medium,Clear,Afternoon,Weekday,51.75,7.02
B049,R01,38,48,Low,Cloudy,Night,Weekday,47.46,4.61
B031,R04,44,23,Medium,Clear,Night,Weekday,64.86,7.74
B035,R08,17,31,Low,Rain,Evening,Weekday,33.2,8.23
B006,R07,43,32,Low,Clear,Evening,Weekday,39.27,9.02
B005,R08,48,19,Medium,Cloudy,Night,Weekend,55.6,9.62
B022,R03,32,21,Low,Cloudy,Night,Weekday,43.51,6.41
B049,R02,44,30,High,Clear,Night,Weekday,78.34,8.61
B023,R03,20,38,Low,Clear,Night,Weekday,28.35,5.69
B025,R03,54,25,Medium,Clear,Night,Weekday,60.26,6.89
B034,R03,55,34,Medium,Clear,Morning,Weekday,74.46,7.98
B026,R04,32,38,Medium,Clear,Night,Weekend,57.65,6.81
B047,R07,8,8,High,Clear,Night,Weekday,63.34,7.67
B005,R01,32,36,Medium,Clear,Morning,Weekday,59.07,6.59
B026,R07,16,37,Medium,Clear,Afternoon,Weekend,46.15,7.09
B020,R02,20,20,Medium,Clear,Afternoon,Weekend,46.98,4.35
B006,R01,57,30,Medium,Clear,Afternoon,Weekday,62.59,7.99
B006,R06,58,17,High,Clear,Afternoon,Weekday,82.45,13.99
B050,R06,53,15,Medium,Cloudy,Evening,Weekday,71.85,12.41
B018,R06,40,13,Medium,Cloudy,Evening,Weekend,66.34,8.61
B004,R01,24,8,High,Rain,Night,Weekday,63.52,13.75
B017,R05,30,30,High,Clear,Night,Weekday,74.74,9.83
B014,R04,60,40,Medium,Clear,Afternoon,Weekday,70.53,6.15
B014,R05,60,26,Medium,Clear,Afternoon,Weekday,66.75,9.71
B013,R07,30,50,Low,Clear,Morning,Weekday,30.92,7.49
B007,R06,26,12,Medium,Cloudy,Morning,Weekday,53.51,12.54
B044,R04,60,40,Medium,Clear,Morning,Weekday,66.52,9.98
B015,R01,13,14,High,Cloudy,Afternoon,Weekend,66.66,10.02
B019,R06,9,27,Medium,Cloudy,Morning,Weekday,39.1,6.95
B043,R01,21,17,Medium,Rain,Night,Weekday,47.58,13.17
B047,R04,53,27,Low,Clear,Afternoon,Weekend,45.12,4.44
B044,R01,38,38,Medium,Clear,Evening,Weekday,57.33,8.07
B035,R01,6,12,High,Clear,Afternoon,Weekday,68.73,9.05
B017,R02,57,34,Low,Clear,Evening,Weekday,45.74,7.57
B035,R07,59,37,Low,Rain,Evening,Weekend,54.21,7.95
B019,R05,11,37,Medium,Clear,Afternoon,Weekend,30.62,4.66
B020,R08,40,40,Medium,Cloudy,Morning,Weekday,60.01,10.79
B036,R05,17,42,Medium,Clear,Night,Weekday,38.03,4.97
B035,R05,24,16,Medium,Clear,Afternoon,Weekend,58.17,6.41
B032,R03,34,32,Medium,Clear,Morning,Weekday,67.12,11.02
B048,R02,34,50,Low,Clear,Evening,Weekday,36.82,3.17
B044,R08,15,24,High,Cloudy,Evening,Weekday,76.11,12.3
B040,R06,35,34,Low,Rain,Evening,Weekend,33.52,8.65
B024,R06,7,31,Medium,Cloudy,Evening,Weekend,48.41,8.13
B017,R06,6,29,Medium,Clear,Afternoon,Weekend,47.23,5.98
B007,R05,52,8,High,Clear,Night,Weekend,85.23,12.92
B043,R07,7,24,High,Rain,Evening,Weekend,63.46,10.56
B050,R05,60,33,Medium,Clear,Morning,Weekday,71.66,7.85
B001,R08,19,9,Medium,Rain,Morning,Weekday,50.53,13.18
B035,R07,21,39,Low,Clear,Night,Weekend,32.22,1.83
B032,R02,52,35,Low,Clear,Night,Weekday,56.7,7.3
B036,R07,56,19,High,Clear,Night,Weekend,98.02,10.78
B013,R08,11,18,High,Rain,Evening,Weekend,69.74,13.41
B006,R01,52,32,High,Clear,Afternoon,Weekday,96.34,8.91
B014,R05,9,23,Low,Clear,Evening,Weekday,19.02,7.27
B037,R06,38,37,Medium,Clear,Evening,Weekday,63.12,8.81
B048,R01,37,31,Medium,Cloudy,Morning,Weekday,62.81,11.65
B015,R05,58,33,Medium,Clear,Afternoon,Weekday,66.94,7.86
B047,R04,49,22,Medium,Cloudy,Afternoon,Weekday,75.28,7.8
B004,R03,20,25,High,Rain,Morning,Weekend,78.09,13.73
B040,R05,41,24,Medium,Rain,Morning,Weekday,63.18,10.9
B016,R04,7,48,Low,Clear,Morning,Weekend,19.96,6.48
B028,R08,51,35,Low,Cloudy,Night,Weekday,37.82,3.65
B016,R02,52,44,Low,Clear,Afternoon,Weekday,40.83,8.05
B004,R04,47,42,Medium,Cloudy,Morning,Weekday,71.69,8.63
B045,R02,55,41,Low,Rain,Morning,Weekday,46.14,9.11
B026,R05,54,42,Low,Clear,Morning,Weekday,52.77,9.72
B028,R02,25,16,Medium,Rain,Evening,Weekend,54.33,11.43
B032,R04,45,25,High,Rain,Afternoon,Weekday,72.38,11.15
B045,R07,12,9,High,Clear,Afternoon,Weekday,64.7,10.07
B002,R03,26,35,Low,Cloudy,Night,Weekday,28.21,5.99
B031,R01,55,50,Low,Clear,Evening,Weekend,51.66,5.88
B003,R01,58,38,Low,Clear,Afternoon,Weekday,53.44,5.64
B008,R03,9,14,High,Clear,Night,Weekday,63.58,9.17
B024,R06,21,16,Medium,Rain,Night,Weekday,58.2,11.53
B015,R01,41,23,Low,Clear,Morning,Weekday,45.91,6.35
B043,R08,18,16,High,Cloudy,Night,Weekday,66.86,10.51
B031,R05,43,13,Medium,Cloudy,Night,Weekday,64.23,11.57
B009,R06,45,22,High,Cloudy,Evening,Weekday,78.54,14.57
B039,R05,32,30,Low,Cloudy,Morning,Weekday,34.32,9.4
B045,R04,35,12,Medium,Clear,Morning,Weekday,60.55,9.24
B002,R08,21,20,Medium,Cloudy,Morning,Weekday,50.79,11.85
B008,R04,39,13,High,Clear,Night,Weekday,72.42,10.7
B007,R06,44,8,High,Cloudy,Morning,Weekday,84.08,13.64
B044,R06,26,19,Medium,Clear,Afternoon,Weekday,51.41,8.14
B039,R08,49,35,Low,Clear,Evening,Weekday,40.52,7.0
B042,R08,52,8,Medium,Rain,Evening,Weekend,60.53,13.78
B016,R06,57,14,High,Clear,Night,Weekday,87.53,12.75
B035,R06,33,19,Medium,Clear,Morning,Weekend,57.77,9.75
B030,R02,14,10,High,Clear,Evening,Weekday,65.85,12.76
B010,R07,22,31,Medium,Clear,Night,Weekday,52.53,5.78
B038,R06,39,26,Medium,Clear,Night,Weekday,58.19,7.85
B018,R08,48,34,Medium,Cloudy,Evening,Weekday,66.96,10.19
B050,R07,20,32,Medium,Rain,Morning,Weekday,49.26,8.44
B005,R06,54,11,High,Clear,Morning,Weekday,78.82,14.08
B029,R04,53,21,Medium,Clear,Afternoon,Weekday,60.5,9.67
B039,R05,11,30,Medium,Cloudy,Afternoon,Weekday,42.87,8.79
B034,R07,34,24,Low,Clear,Morning,Weekday,43.3,7.09
B043,R04,23,43,Low,Rain,Afternoon,Weekday,26.72,6.68
B045,R01,59,30,High,Clear,Afternoon,Weekend,91.47,9.35
B023,R08,27,50,Low,Clear,Evening,Weekday,35.53,6.91
B005,R02,12,8,High,Clear,Morning,Weekday,59.92,11.08
B030,R02,21,18,Medium,Cloudy,Evening,Weekend,49.15,10.87
B006,R05,25,9,High,Cloudy,Evening,Weekday,73.27,12.34
B046,R06,30,20,High,Clear,Night,Weekend,73.6,9.34
B044,R04,32,21,Medium,Clear,Morning,Weekday,58.83,8.63
B004,R01,43,17,High,Rain,Evening,Weekday,84.14,13.53
B029,R04,37,41,Low,Rain,Afternoon,Weekday,39.56,7.33
B023,R08,44,40,Medium,Clear,Night,Weekday,66.59,5.88
B006,R08,23,16,High,Rain,Afternoon,Weekday,71.48,11.01
B032,R06,33,34,Low,Cloudy,Night,Weekday,37.07,5.34
B042,R06,24,13,Medium,Clear,Afternoon,Weekday,53.41,6.51
B018,R08,24,8,High,Clear,Afternoon,Weekday,66.51,10.24
B015,R03,14,15,High,Cloudy,Afternoon,Weekday,69.9,9.8
B040,R08,16,32,Low,Clear,Evening,Weekend,24.93,7.49
B032,R04,60,23,Medium,Cloudy,Morning,Weekday,68.93,10.45
B009,R05,37,31,Low,Clear,Night,Weekend,41.23,5.39
B037,R04,60,18,Medium,Cloudy,Evening,Weekday,72.23,9.65
B010,R02,29,18,Medium,Clear,Night,Weekday,47.39,6.45
B020,R01,29,17,Medium,Clear,Evening,Weekday,47.44,11.69
B006,R07,57,24,Medium,Clear,Night,Weekend,63.52,6.9
B048,R05,8,40,Low,Clear,Night,Weekend,25.01,1.44
B003,R03,8,28,Low,Clear,Afternoon,Weekday,30.53,3.36
B042,R01,13,35,Low,Clear,Night,Weekday,24.09,4.01
B011,R01,19,8,Medium,Rain,Night,Weekday,44.79,12.18
B043,R07,60,30,High,Cloudy,Afternoon,Weekday,85.31,7.12
B017,R02,30,30,Low,Cloudy,Evening,Weekday,37.19,11.54
B032,R02,19,49,Low,Clear,Evening,Weekend,34.88,4.74
B004,R02,30,14,Medium,Clear,Morning,Weekday,60.09,8.88
B004,R05,32,20,Medium,Clear,Morning,Weekend,52.63,8.53
B017,R04,11,31,Low,Cloudy,Morning,Weekday,17.91,4.8
B041,R01,36,48,Low,Clear,Morning,Weekend,38.42,5.16
B019,R04,16,21,Low,Cloudy,Night,Weekday,35.41,4.55
B005,R04,39,30,Medium,Clear,Night,Weekday,61.66,7.97
B032,R02,56,18,Low,Rain,Morning,Weekday,41.21,10.87
B022,R04,36,37,Medium,Clear,Afternoon,Weekday,57.66,7.96
B006,R01,13,34,Medium,Clear,Morning,Weekday,41.45,10.48
B035,R01,18,29,Medium,Cloudy,Evening,Weekend,50.65,6.93
B022,R06,17,25,Low,Rain,Night,Weekday,28.29,7.91
B001,R03,60,25,Medium,Cloudy,Afternoon,Weekday,68.64,9.99
B020,R05,48,19,Medium,Clear,Evening,Weekday,60.85,12.83
B022,R04,37,12,High,Clear,Afternoon,Weekend,80.63,10.48
B048,R05,36,25,Low,Rain,Afternoon,Weekday,43.97,7.61
B011,R05,23,41,Medium,Clear,Morning,Weekend,59.59,4.93
B013,R05,34,28,Medium,Clear,Evening,Weekday,59.07,10.13
B042,R07,20,18,Low,Rain,Morning,Weekend,36.35,10.17
B003,R08,16,16,High,Rain,Evening,Weekday,62.94,15.04
B009,R06,14,21,Medium,Cloudy,Night,Weekday,45.32,8.45
B012,R05,6,15,Medium,Rain,Evening,Weekday,38.21,10.23
B023,R08,22,29,Low,Clear,Night,Weekday,28.56,4.5
B014,R08,17,40,Low,Clear,Night,Weekday,23.37,4.04
B033,R06,33,17,Medium,Cloudy,Morning,Weekday,64.64,10.43
B018,R01,28,25,Low,Cloudy,Night,Weekday,32.14,6.34
B049,R07,42,26,Medium,Cloudy,Morning,Weekday,60.29,10.21
B041,R04,16,11,Medium,Rain,Afternoon,Weekday,40.27,7.91
B009,R06,33,36,Medium,Clear,Afternoon,Weekday,46.46,5.06
B023,R03,26,23,Medium,Clear,Afternoon,Weekend,61.5,6.88
B010,R08,40,39,Low,Clear,Evening,Weekend,38.8,6.51
B019,R05,5,20,Medium,Cloudy,Night,Weekday,53.97,6.96
B047,R08,47,12,Medium,Clear,Morning,Weekend,62.75,10.62
B005,R07,59,37,Low,Rain,Afternoon,Weekday,43.28,9.69
B047,R03,44,47,Low,Clear,Morning,Weekday,42.11,4.63
B023,R01,38,43,Low,Clear,Afternoon,Weekday,39.37,2.29
B030,R01,38,35,Low,Clear,Night,Weekday,39.72,4.92
B025,R02,52,34,High,Cloudy,Afternoon,Weekday,85.65,10.76
B028,R05,37,29,Medium,Clear,Morning,Weekday,50.93,9.64
B034,R02,8,50,Low,Cloudy,Afternoon,Weekday,16.33,2.7
B045,R07,42,42,Low,Clear,Morning,Weekday,46.82,8.47
B048,R03,34,26,Low,Clear,Afternoon,Weekday,46.84,9.27
B047,R08,57,29,Medium,Clear,Morning,Weekday,67.06,11.15
B025,R04,56,27,Low,Cloudy,Afternoon,Weekday,38.85,9.25
B010,R02,50,33,Medium,Clear,Night,Weekday,71.02,5.71
B014,R01,24,19,Medium,Rain,Afternoon,Weekend,47.76,9.73
B042,R05,30,9,High,Clear,Evening,Weekday,76.74,12.09
B046,R08,19,47,Low,Clear,Morning,Weekend,26.88,5.34
B030,R03,11,38,Medium,Clear,Afternoon,Weekday,43.03,4.15
B041,R06,11,42,Medium,Clear,Evening,Weekday,41.18,7.62
B025,R07,54,32,Medium,Cloudy,Morning,Weekday,73.98,8.75
B014,R07,33,15,High,Cloudy,Afternoon,Weekday,78.76,11.73
B035,R01,27,38,Medium,Cloudy,Afternoon,Weekend,55.15,4.89
B048,R06,38,26,Medium,Clear,Night,Weekday,59.19,5.7
B034,R07,24,35,Medium,Clear,Afternoon,Weekday,53.93,7.46
B010,R04,19,18,High,Clear,Morning,Weekday,63.58,12.51
B035,R08,37,40,Medium,Clear,Evening,Weekday,61.11,7.55
B011,R05,57,13,High,Clear,Afternoon,Weekend,94.55,11.65
B011,R08,21,21,Low,Rain,Evening,Weekday,31.6,10.62
B021,R04,24,25,Medium,Cloudy,Morning,Weekday,56.33,9.21
B021,R07,17,24,High,Cloudy,Morning,Weekend,66.47,6.39
B022,R04,48,33,Low,Clear,Afternoon,Weekday,46.05,7.8
B045,R08,28,20,High,Clear,Night,Weekday,72.06,10.45
B007,R07,58,30,Low,Clear,Afternoon,Weekday,40.76,7.14
B017,R05,51,9,High,Clear,Night,Weekday,84.32,12.35
B002,R05,60,23,Medium,Cloudy,Afternoon,Weekday,75.63,9.53
B012,R06,41,47,Low,Clear,Evening,Weekday,33.83,8.91
B042,R04,11,13,High,Rain,Night,Weekend,73.66,12.95
B018,R03,12,41,Low,Rain,Night,Weekend,23.24,4.82
B011,R06,27,24,Low,Clear,Evening,Weekday,36.31,12.07
B016,R05,18,25,Low,Cloudy,Afternoon,Weekday,36.59,6.68
B049,R01,8,14,Medium,Cloudy,Morning,Weekday,53.14,12.23
B018,R07,25,31,High,Clear,Morning,Weekday,80.54,10.76
B035,R06,50,13,Low,Rain,Afternoon,Weekday,41.21,10.44
B026,R02,14,29,Medium,Clear,Evening,Weekday,52.72,6.98
B016,R03,26,33,Low,Cloudy,Morning,Weekday,30.03,4.04
B006,R07,34,23,Medium,Clear,Evening,Weekend,52.3,9.15
B044,R06,34,31,Low,Clear,Afternoon,Weekday,34.07,5.17
B043,R05,20,30,Low,Clear,Evening,Weekday,36.32,7.8
B047,R08,15,40,Low,Rain,Evening,Weekend,25.15,6.67
B047,R05,26,30,Medium,Clear,Evening,Weekday,49.11,10.32
B048,R03,33,8,High,Clear,Morning,Weekend,84.51,12.94
B042,R02,29,13,Medium,Clear,Evening,Weekday,53.82,13.33
B012,R06,18,41,Low,Clear,Night,Weekday,32.27,7.79
B013,R08,18,18,Medium,Cloudy,Evening,Weekend,44.29,10.01
B004,R06,6,24,High,Cloudy,Evening,Weekday,61.02,13.75
B039,R04,58,35,Low,Rain,Afternoon,Weekday,47.99,9.48
B002,R01,17,31,Low,Cloudy,Evening,Weekday,25.61,7.42
B026,R05,7,31,Low,Rain,Evening,Weekday,23.09,7.62
B027,R06,34,42,Medium,Cloudy,Morning,Weekday,52.56,8.24
B027,R06,22,31,Medium,Rain,Night,Weekend,50.62,8.02
B015,R07,58,32,Medium,Clear,Afternoon,Weekday,74.7,6.94
B008,R07,40,32,Low,Clear,Night,Weekday,31.64,3.52
B007,R06,25,31,Low,Rain,Evening,Weekday,31.84,9.79
B047,R02,57,8,High,Cloudy,Morning,Weekday,86.1,11.89
B046,R01,23,34,Low,Rain,Night,Weekend,28.61,6.29
B040,R06,20,15,High,Clear,Night,Weekday,79.76,11.2
B012,R03,32,34,Medium,Rain,Night,Weekday,63.23,8.33
B013,R05,8,23,Low,Cloudy,Night,Weekday,21.55,3.43
B043,R04,55,24,Medium,Clear,Night,Weekend,60.72,5.88
B017,R07,59,23,High,Clear,Morning,Weekday,97.1,11.41
B017,R03,19,18,Medium,Clear,Evening,Weekday,51.51,8.98
B036,R05,5,8,High,Rain,Morning,Weekday,56.72,11.97
B021,R08,52,31,Low,Cloudy,Morning,Weekday,41.45,9.32
B008,R07,51,16,Medium,Rain,Morning,Weekday,66.03,14.21
B005,R02,20,19,High,Clear,Morning,Weekday,78.77,8.89
B026,R07,58,9,High,Rain,Evening,Weekday,87.16,14.91
B016,R01,24,28,Medium,Clear,Evening,Weekday,54.27,10.59
B036,R01,37,19,Medium,Clear,Morning,Weekday,55.54,8.1
B028,R05,21,20,Low,Clear,Night,Weekday,32.87,4.61
B029,R03,9,24,Low,Rain,Evening,Weekday,16.35,9.43
B047,R04,9,44,Low,Clear,Evening,Weekday,27.69,4.5
B012,R02,43,39,Low,Clear,Morning,Weekday,42.71,10.04
B037,R05,17,26,Low,Clear,Night,Weekday,24.37,6.08
B030,R08,48,40,Low,Clear,Night,Weekday,27.24,5.93
B023,R02,40,8,High,Rain,Morning,Weekday,88.13,15.29
B016,R01,34,37,Medium,Clear,Morning,Weekday,48.3,9.8
B014,R06,8,30,Medium,Cloudy,Evening,Weekday,50.31,8.94
B010,R06,27,9,High,Rain,Evening,Weekday,69.37,14.52
B007,R04,25,43,Low,Clear,Afternoon,Weekday,34.4,1.9
B045,R02,25,34,Medium,Rain,Afternoon,Weekday,55.57,8.43
B037,R05,10,21,Medium,Clear,Morning,Weekday,53.28,8.31
B029,R04,28,14,Low,Rain,Afternoon,Weekend,28.58,9.02
B003,R07,51,42,Medium,Clear,Night,Weekday,65.3,8.68
B015,R07,57,46,Low,Cloudy,Night,Weekday,43.68,5.4
B036,R08,35,45,Low,Cloudy,Night,Weekday,32.28,4.73
B047,R03,23,22,Low,Clear,Evening,Weekday,31.97,6.16
B046,R06,42,15,High,Clear,Afternoon,Weekday,85.2,9.59
B019,R05,16,16,Medium,Clear,Afternoon,Weekend,60.43,4.25
B013,R02,18,16,Medium,Clear,Morning,Weekday,47.9,8.62
B042,R04,54,16,Medium,Cloudy,Evening,Weekday,66.65,11.97
B021,R05,16,19,Low,Rain,Evening,Weekend,27.97,10.41
B037,R04,60,19,Medium,Cloudy,Evening,Weekday,70.82,10.47
B027,R04,60,35,Medium,Clear,Night,Weekday,71.26,9.8
B029,R04,19,46,Low,Clear,Evening,Weekday,23.72,8.08
B020,R02,23,30,Medium,Clear,Afternoon,Weekday,37.73,8.42
B025,R05,32,43,Low,Clear,Morning,Weekend,34.65,6.93
B006,R01,44,28,Low,Rain,Afternoon,Weekday,51.8,7.44
B036,R01,45,8,High,Rain,Evening,Weekday,82.86,13.9
B002,R02,9,24,Medium,Clear,Morning,Weekend,43.84,8.91
B022,R07,9,13,Medium,Clear,Night,Weekday,44.39,9.99
B032,R02,10,15,Medium,Cloudy,Morning,Weekday,41.51,11.8
B016,R06,27,13,Medium,Cloudy,Evening,Weekday,53.0,8.13
B018,R04,7,32,Medium,Cloudy,Evening,Weekend,43.73,7.4
B005,R05,41,14,Medium,Cloudy,Morning,Weekday,60.7,8.92
B036,R05,37,21,Medium,Clear,Evening,Weekday,59.06,10.14
B030,R03,47,22,High,Rain,Evening,Weekend,84.01,15.29
B045,R03,25,14,High,Clear,Evening,Weekday,72.19,12.84
B019,R08,24,14,Medium,Clear,Evening,Weekday,57.68,8.24
B023,R01,5,8,High,Rain,Morning,Weekday,71.97,13.68
B034,R03,43,31,Medium,Clear,Morning,Weekday,53.05,8.55
B013,R03,51,17,Medium,Clear,Afternoon,Weekday,62.72,10.66
B043,R01,21,40,Low,Clear,Night,Weekend,19.41,2.35
B029,R06,33,37,Medium,Cloudy,Night,Weekday,58.99,7.2
B036,R07,12,16,High,Clear,Afternoon,Weekday,72.23,9.12
B022,R01,30,8,High,Clear,Morning,Weekday,75.56,15.12
B047,R07,32,8,High,Clear,Afternoon,Weekend,76.61,11.08
B036,R08,38,32,Low,Rain,Evening,Weekday,36.12,10.08
B009,R03,30,41,Medium,Clear,Evening,Weekday,55.94,7.97
B039,R05,17,31,Low,Cloudy,Night,Weekday,28.13,4.99
B019,R03,48,48,Low,Clear,Morning,Weekend,49.42,8.66
B038,R04,41,14,Medium,Cloudy,Night,Weekday,70.7,10.0
B006,R08,17,30,Medium,Clear,Afternoon,Weekday,56.29,7.35
B047,R07,42,26,Medium,Cloudy,Night,Weekday,72.33,9.23
B015,R07,29,21,Medium,Cloudy,Night,Weekday,57.77,8.95
B020,R04,51,44,Low,Clear,Evening,Weekday,47.19,8.32
B009,R04,27,38,Low,Rain,Night,Weekend,33.42,7.37
B032,R06,26,8,High,Rain,Afternoon,Weekday,74.86,11.83
B004,R02,25,35,Low,Clear,Morning,Weekday,34.19,4.55
B050,R04,58,34,Low,Cloudy,Night,Weekday,55.62,7.45
B018,R07,34,29,High,Cloudy,Morning,Weekday,76.11,11.49
B005,R05,15,8,High,Clear,Afternoon,Weekday,62.27,9.54
B020,R07,8,28,Medium,Clear,Night,Weekday,43.85,5.65
B023,R07,37,28,Low,Rain,Morning,Weekday,33.88,10.81
B011,R06,51,22,Low,Cloudy,Evening,Weekday,44.43,9.84
B037,R02,16,15,High,Rain,Evening,Weekday,59.38,12.09
B022,R02,13,8,High,Cloudy,Afternoon,Weekend,66.68,9.35
B004,R04,36,31,Medium,Clear,Night,Weekday,53.59,7.37
B029,R08,15,48,Low,Clear,Afternoon,Weekend,31.23,2.16
B044,R03,41,49,Low,Cloudy,Morning,Weekday,38.61,4.39
B034,R07,28,24,Low,Cloudy,Morning,Weekday,24.42,6.46
B013,R01,11,24,Medium,Clear,Afternoon,Weekday,43.47,6.65
B042,R03,12,39,Low,Cloudy,Morning,Weekday,25.58,2.87
B009,R03,37,24,High,Rain,Afternoon,Weekday,80.16,14.04
B042,R02,29,21,Low,Cloudy,Afternoon,Weekday,37.15,6.17
B031,R02,5,38,Medium,Clear,Evening,Weekday,38.47,6.89
B007,R06,7,31,Low,Clear,Morning,Weekday,19.69,4.58
B004,R06,44,21,Medium,Rain,Afternoon,Weekday,61.86,11.55
B019,R02,32,22,Low,Rain,Evening,Weekday,37.52,8.29
B042,R05,47,26,High,Clear,Afternoon,Weekday,85.86,11.29
B030,R05,37,13,Medium,Rain,Morning,Weekend,63.26,13.25
B031,R01,50,28,Low,Clear,Evening,Weekday,36.62,7.57
B035,R02,5,30,High,Clear,Morning,Weekday,67.35,6.3
B021,R04,42,28,Medium,Clear,Night,Weekend,65.09,6.14
B031,R06,57,12,High,Clear,Night,Weekday,92.75,11.25
B019,R02,31,10,High,Rain,Night,Weekday,74.39,13.15
B031,R05,42,20,High,Cloudy,Night,Weekend,82.27,12.16
B032,R02,39,36,Low,Clear,Evening,Weekday,41.96,7.99
B002,R05,14,14,Low,Rain,Morning,Weekday,26.08,12.79
B010,R02,16,22,High,Rain,Afternoon,Weekday,72.76,12.97
B002,R07,14,38,Medium,Clear,Afternoon,Weekday,41.09,6.71
B002,R04,58,34,Low,Cloudy,Afternoon,Weekend,52.6,5.59
B024,R08,38,14,High,Cloudy,Morning,Weekday,81.47,9.35
B017,R01,28,41,Low,Cloudy,Evening,Weekday,41.6,3.55
B032,R07,32,36,Medium,Cloudy,Morning,Weekday,65.69,9.63
B016,R04,26,8,High,Clear,Night,Weekday,72.04,10.69
B016,R05,49,12,High,Clear,Afternoon,Weekday,92.19,12.95
B046,R06,20,21,Low,Rain,Morning,Weekend,31.52,6.57
B039,R06,17,18,Medium,Rain,Night,Weekend,50.16,9.82
B031,R03,40,19,Medium,Clear,Night,Weekday,61.98,9.37
B043,R04,40,22,Medium,Clear,Evening,Weekday,53.31,9.49
B024,R02,47,24,Low,Rain,Afternoon,Weekday,49.18,7.66
B001,R01,27,18,Medium,Clear,Morning,Weekday,46.56,8.18
B011,R02,18,14,Medium,Clear,Night,Weekday,51.52,7.14
B021,R02,36,37,Medium,Clear,Night,Weekday,45.47,6.34
B004,R04,7,8,High,Clear,Afternoon,Weekday,62.41,9.12
B007,R08,31,25,Medium,Clear,Morning,Weekday,55.45,9.81
B026,R01,23,23,Low,Cloudy,Morning,Weekday,34.7,7.16
B047,R03,26,36,Medium,Clear,Afternoon,Weekend,60.25,3.88
B050,R07,5,24,High,Rain,Night,Weekday,62.12,12.0
B012,R02,9,26,Low,Rain,Evening,Weekend,18.27,6.8
B031,R01,53,18,Medium,Rain,Afternoon,Weekday,64.26,11.25
B017,R03,37,15,Low,Rain,Night,Weekend,39.68,7.04
B033,R07,55,32,Low,Cloudy,Evening,Weekday,48.27,7.4
B011,R02,23,11,High,Clear,Afternoon,Weekday,62.8,9.68
B028,R01,40,27,High,Clear,Afternoon,Weekday,77.44,9.15
B032,R07,55,17,Medium,Clear,Night,Weekday,64.83,9.09
B001,R04,10,13,Medium,Clear,Afternoon,Weekday,43.96,7.9
B047,R08,19,9,High,Clear,Morning,Weekday,72.5,13.49
B028,R06,40,16,High,Rain,Morning,Weekday,76.06,13.17
B042,R06,60,25,Medium,Clear,Evening,Weekday,75.33,6.66
B007,R02,37,42,Medium,Clear,Afternoon,Weekday,62.19,5.09
B002,R02,28,18,Medium,Cloudy,Morning,Weekday,43.54,11.4
B042,R07,31,46,Low,Clear,Night,Weekday,33.41,5.32
B024,R01,53,21,Medium,Rain,Night,Weekday,67.56,10.33
B004,R06,15,8,High,Clear,Night,Weekday,75.05,9.8
B044,R02,53,33,High,Clear,Morning,Weekday,80.51,8.37
B019,R03,27,10,High,Rain,Afternoon,Weekday,64.88,11.86
B026,R02,37,43,Low,Cloudy,Afternoon,Weekday,39.62,3.64
B011,R06,45,12,Medium,Clear,Afternoon,Weekend,57.46,9.56
B040,R05,50,48,Low,Cloudy,Evening,Weekend,44.63,5.69
B050,R08,51,45,Low,Cloudy,Afternoon,Weekday,41.85,3.59
B043,R06,60,15,High,Clear,Morning,Weekday,94.6,10.97
B011,R03,33,8,Medium,Rain,Morning,Weekday,60.21,14.53
B045,R01,35,15,High,Rain,Afternoon,Weekend,74.47,11.87
B003,R03,5,31,Low,Cloudy,Night,Weekday,30.05,3.05
B012,R05,38,35,Medium,Cloudy,Evening,Weekday,59.32,10.77
B003,R05,22,18,Medium,Rain,Evening,Weekend,52.65,12.63
B042,R02,22,20,Low,Clear,Morning,Weekend,27.69,5.8
B027,R02,10,38,Low,Rain,Evening,Weekend,21.32,5.83
B049,R06,56,24,Low,Cloudy,Night,Weekend,55.67,8.28
B002,R04,44,18,Medium,Clear,Afternoon,Weekend,62.58,8.82
B049,R08,5,23,High,Cloudy,Evening,Weekend,63.64,9.52
B016,R03,51,34,High,Clear,Evening,Weekday,82.94,9.84
B002,R06,46,29,High,Clear,Morning,Weekend,84.36,11.05
B030,R04,34,22,High,Cloudy,Night,Weekday,77.09,8.42
B020,R06,8,29,High,Cloudy,Morning,Weekday,63.91,10.8
B038,R08,36,17,Medium,Cloudy,Morning,Weekday,66.25,10.92
B028,R08,14,32,Medium,Clear,Evening,Weekday,47.67,7.51
B025,R05,47,29,Medium,Clear,Morning,Weekday,57.84,10.4
B032,R02,9,9,High,Cloudy,Morning,Weekend,66.99,9.79
B010,R02,13,23,Low,Rain,Evening,Weekday,24.66,11.46
B042,R08,9,41,Low,Rain,Evening,Weekend,19.43,6.62
B040,R06,15,25,High,Rain,Evening,Weekday,63.93,14.52
B033,R08,39,48,Low,Clear,Afternoon,Weekday,44.95,8.39
B013,R02,31,8,High,Rain,Night,Weekend,70.36,11.27
B041,R01,8,20,Medium,Clear,Afternoon,Weekday,39.11,5.23
B042,R06,14,22,Low,Clear,Evening,Weekend,27.31,6.68
B047,R05,43,36,Medium,Clear,Night,Weekday,59.86,8.17
B037,R07,37,8,High,Rain,Morning,Weekend,73.6,12.91
B016,R06,42,43,Low,Clear,Night,Weekday,45.6,4.86
B045,R06,12,12,High,Clear,Evening,Weekday,63.89,10.7
B022,R02,53,34,High,Clear,Afternoon,Weekend,80.02,6.47
B020,R05,28,27,Low,Cloudy,Night,Weekday,35.49,6.11
B050,R06,43,39,Low,Rain,Morning,Weekend,45.57,8.36
B043,R02,37,49,Low,Clear,Afternoon,Weekend,40.85,1.72
B027,R08,45,21,Low,Clear,Afternoon,Weekday,45.79,5.58
B041,R03,47,38,Low,Clear,Afternoon,Weekday,46.71,5.04
B016,R05,23,35,Medium,Clear,Afternoon,Weekday,50.16,6.5
B034,R04,6,27,Medium,Clear,Morning,Weekday,40.68,5.98
B032,R01,59,8,High,Clear,Evening,Weekday,86.14,13.07
B026,R04,15,29,Low,Cloudy,Morning,Weekday,27.47,8.24
B025,R07,39,31,Medium,Clear,Evening,Weekend,51.32,9.54
B002,R08,21,26,Medium,Rain,Evening,Weekday,44.72,11.31
B012,R05,46,8,High,Rain,Night,Weekday,89.64,15.71
B040,R06,7,23,Medium,Clear,Morning,Weekday,47.98,8.21
B009,R02,26,40,Medium,Clear,Evening,Weekday,53.77,7.85
B012,R07,39,34,High,Cloudy,Morning,Weekday,87.14,11.09
B026,R05,25,25,Low,Clear,Morning,Weekday,34.41,7.56
B009,R01,29,33,Low,Clear,Evening,Weekend,34.64,8.34
B010,R05,43,18,Medium,Clear,Evening,Weekday,54.73,9.26
B032,R07,6,17,High,Rain,Afternoon,Weekday,61.61,12.8
B034,R02,5,20,Low,Cloudy,Night,Weekday,27.4,4.98
B048,R04,11,25,Medium,Clear,Evening,Weekend,48.3,6.05
B020,R03,24,26,Medium,Clear,Evening,Weekend,61.79,8.95
B039,R04,47,16,High,Clear,Evening,Weekday,83.62,12.32
B002,R02,59,50,Low,Clear,Night,Weekday,36.7,7.08
B001,R07,10,43,Low,Clear,Morning,Weekday,26.92,3.99
B036,R02,59,34,Medium,Rain,Afternoon,Weekday,57.26,9.78
B024,R08,40,12,Medium,Clear,Afternoon,Weekday,57.61,9.39
B027,R01,55,31,Medium,Clear,Morning,Weekend,71.97,6.18
B002,R05,25,30,Medium,Clear,Night,Weekday,60.92,8.68
B031,R08,55,22,High,Clear,Night,Weekday,82.33,12.5
B014,R05,50,8,High,Rain,Evening,Weekday,86.99,17.26
B002,R04,39,27,High,Clear,Night,Weekday,87.38,9.97
B029,R07,40,16,Medium,Clear,Night,Weekday,60.48,9.82
B015,R03,12,25,High,Clear,Evening,Weekend,62.92,10.25
B012,R03,54,47,Low,Clear,Morning,Weekend,56.23,6.97
B037,R01,8,26,Medium,Rain,Afternoon,Weekday,48.96,11.98
B028,R02,47,39,Medium,Clear,Morning,Weekday,63.83,8.68
B020,R01,20,20,High,Clear,Morning,Weekend,62.36,9.69
B039,R05,7,42,Medium,Clear,Evening,Weekday,41.72,7.23
B024,R06,11,18,High,Cloudy,Morning,Weekday,61.85,9.09
B021,R06,6,10,High,Cloudy,Night,Weekday,54.41,9.98
B010,R06,5,28,Medium,Cloudy,Morning,Weekday,49.25,5.63
B046,R02,5,15,High,Clear,Morning,Weekend,65.37,11.69
B014,R01,42,42,Low,Rain,Evening,Weekend,37.45,10.55
B037,R08,55,50,Low,Clear,Evening,Weekday,44.57,5.7
B018,R07,11,10,High,Clear,Afternoon,Weekday,63.21,8.43
B024,R04,28,40,Medium,Cloudy,Night,Weekday,49.01,7.84
B014,R05,9,24,Medium,Clear,Night,Weekday,58.74,4.73
B034,R06,25,19,Medium,Clear,Afternoon,Weekend,48.92,5.7
B012,R07,32,23,Low,Clear,Afternoon,Weekday,34.39,4.64
B022,R03,22,19,Medium,Clear,Evening,Weekday,47.56,10.49
B006,R08,28,33,Medium,Clear,Afternoon,Weekday,45.04,7.63
B036,R01,36,35,Low,Cloudy,Morning,Weekday,31.84,7.23
B045,R05,49,35,Low,Clear,Afternoon,Weekday,49.8,5.7
B036,R05,37,33,Medium,Cloudy,Morning,Weekday,56.87,9.82
B022,R03,14,15,Medium,Rain,Afternoon,Weekend,49.07,9.42
B014,R08,13,46,Low,Clear,Evening,Weekday,28.78,7.81
B016,R03,53,20,Medium,Clear,Night,Weekday,68.8,10.5
B036,R03,37,18,High,Rain,Morning,Weekend,75.03,12.16
B025,R06,37,39,Medium,Cloudy,Night,Weekend,66.95,5.3
B032,R08,11,14,High,Clear,Morning,Weekday,70.11,10.79
B033,R06,8,8,High,Clear,Night,Weekday,66.38,8.51
B045,R01,32,29,Low,Cloudy,Evening,Weekday,37.26,9.27
B036,R03,27,45,Low,Cloudy,Morning,Weekday,26.61,6.84
B020,R04,57,17,Medium,Cloudy,Afternoon,Weekend,72.65,7.98
B018,R05,36,27,Medium,Cloudy,Evening,Weekday,57.34,10.45
B038,R08,48,23,Medium,Cloudy,Night,Weekend,59.95,6.9
B003,R03,20,27,Low,Clear,Morning,Weekday,24.89,8.23
B023,R08,50,36,Medium,Cloudy,Evening,Weekday,69.91,9.35
B032,R05,59,38,Low,Rain,Night,Weekday,42.52,5.52
B045,R02,14,32,High,Clear,Morning,Weekday,65.0,7.87
B016,R07,18,32,Low,Cloudy,Morning,Weekday,29.8,8.25
B005,R02,43,16,High,Clear,Evening,Weekday,80.76,12.47
B004,R03,40,35,Low,Clear,Night,Weekend,42.08,5.05
B021,R05,38,38,Low,Rain,Night,Weekday,44.87,7.44
B040,R07,28,30,Low,Clear,Morning,Weekday,37.09,4.77
B014,R02,22,27,High,Clear,Night,Weekday,71.32,7.38
B039,R03,20,27,Low,Clear,Afternoon,Weekday,27.77,6.95
B031,R05,45,34,Medium,Clear,Afternoon,Weekday,55.33,9.12
B014,R03,41,16,High,Cloudy,Morning,Weekday,80.18,10.1
B006,R06,45,12,Medium,Clear,Night,Weekday,60.63,11.14
B012,R05,29,31,Medium,Clear,Morning,Weekend,57.14,6.93
B016,R02,12,23,High,Clear,Afternoon,Weekend,65.32,8.25
B017,R03,28,31,High,Clear,Morning,Weekend,79.2,9.45
B045,R08,24,30,Medium,Cloudy,Morning,Weekday,49.8,9.55
B023,R02,52,15,Medium,Cloudy,Evening,Weekend,63.2,11.65
B014,R03,34,31,High,Clear,Evening,Weekday,79.11,10.64
B007,R08,24,8,High,Clear,Afternoon,Weekday,72.54,12.3
B046,R08,22,30,Medium,Cloudy,Night,Weekday,52.9,9.09
B032,R01,8,22,High,Clear,Afternoon,Weekday,63.34,9.47
B015,R08,52,29,Low,Clear,Night,Weekend,46.13,3.96
B044,R02,40,28,Medium,Cloudy,Night,Weekday,58.52,8.6
B017,R02,10,42,Low,Clear,Evening,Weekday,25.66,5.06
B041,R04,7,39,Low,Clear,Evening,Weekday,29.68,5.41
B047,R07,22,19,Medium,Clear,Afternoon,Weekday,48.45,6.55
B044,R06,51,20,Medium,Clear,Afternoon,Weekday,62.47,11.14
B034,R02,44,37,Low,Clear,Afternoon,Weekday,43.6,5.44
B005,R05,22,8,Medium,Rain,Evening,Weekend,50.07,14.35
B045,R07,60,29,Medium,Clear,Evening,Weekday,77.06,11.75
B027,R08,27,11,High,Cloudy,Morning,Weekday,77.0,10.9
B023,R03,39,8,High,Rain,Afternoon,Weekday,83.78,12.65
B040,R01,10,33,Medium,Cloudy,Morning,Weekday,49.73,7.6
B014,R05,58,19,High,Cloudy,Night,Weekday,85.72,11.13
B015,R07,30,24,Low,Cloudy,Afternoon,Weekend,35.56,4.44
B043,R05,25,21,Medium,Clear,Evening,Weekday,55.89,11.55
B033,R05,28,8,High,Rain,Afternoon,Weekday,74.02,13.51
B031,R05,19,13,Medium,Clear,Afternoon,Weekday,45.02,8.72
B035,R07,31,20,Medium,Rain,Evening,Weekday,60.14,11.12
B017,R01,36,35,Low,Cloudy,Evening,Weekday,37.13,4.75
B028,R08,16,29,Low,Rain,Night,Weekend,29.51,7.92
B019,R04,9,13,Medium,Clear,Afternoon,Weekday,47.41,6.42
B046,R06,11,22,High,Rain,Afternoon,Weekday,73.06,11.16
B023,R08,26,16,Medium,Clear,Afternoon,Weekday,54.02,8.23
B032,R02,31,34,High,Cloudy,Afternoon,Weekday,65.42,9.11
B040,R07,19,11,High,Clear,Night,Weekday,70.41,9.53
B013,R05,43,43,Low,Cloudy,Afternoon,Weekday,42.91,3.83
B020,R08,49,13,Medium,Cloudy,Night,Weekend,56.16,7.73
B035,R02,39,23,Medium,Clear,Night,Weekday,66.86,5.73
B005,R07,30,24,Medium,Clear,Evening,Weekday,41.76,10.49
B009,R02,27,35,Low,Clear,Afternoon,Weekday,36.4,5.86
B029,R05,17,8,High,Cloudy,Evening,Weekday,60.85,13.05
B006,R04,30,15,High,Cloudy,Night,Weekday,80.34,10.55
B025,R07,7,26,Medium,Clear,Morning,Weekday,46.32,9.91
B031,R02,33,41,Medium,Clear,Morning,Weekday,63.87,9.91
B022,R03,6,50,Low,Cloudy,Afternoon,Weekend,25.59,3.58
B002,R02,32,40,Medium,Clear,Morning,Weekend,57.77,7.08
B045,R06,27,8,High,Rain,Evening,Weekday,71.86,15.13
B005,R05,40,15,High,Clear,Morning,Weekend,71.32,11.39
B027,R01,53,42,Low,Clear,Morning,Weekday,57.4,6.06
B025,R02,10,21,Medium,Clear,Night,Weekday,42.58,7.58
B008,R04,15,19,Medium,Clear,Evening,Weekday,49.19,9.76
B001,R03,42,40,Low,Clear,Afternoon,Weekday,36.88,6.6
B020,R03,58,30,Low,Clear,Evening,Weekday,43.64,10.78
B044,R01,38,23,Medium,Clear,Evening,Weekday,59.3,10.68
B023,R08,21,28,Medium,Cloudy,Afternoon,Weekend,52.58,7.21
B032,R06,7,48,Low,Cloudy,Evening,Weekday,32.29,5.22
B011,R01,48,26,Low,Clear,Night,Weekday,49.03,7.79
B039,R06,50,34,Low,Cloudy,Afternoon,Weekend,46.41,6.35
B047,R02,38,31,Low,Rain,Night,Weekday,38.7,10.45
B024,R05,26,33,Medium,Rain,Evening,Weekday,54.72,8.62
B011,R04,33,14,Low,Rain,Morning,Weekday,35.19,11.86
B029,R03,58,42,Low,Rain,Afternoon,Weekend,50.3,6.86
B026,R01,33,9,High,Clear,Afternoon,Weekday,72.52,11.71
B016,R04,9,21,Low,Clear,Morning,Weekday,21.73,7.72
B035,R06,14,25,Medium,Clear,Morning,Weekday,46.74,7.47
B020,R05,14,29,High,Cloudy,Afternoon,Weekday,68.62,6.13
B046,R03,57,12,Medium,Rain,Morning,Weekend,67.91,13.41
B003,R03,13,27,Medium,Clear,Night,Weekday,47.47,6.37
B001,R06,25,30,Medium,Clear,Evening,Weekend,47.94,9.23
B047,R05,17,37,Low,Cloudy,Night,Weekday,22.49,4.27
B001,R03,14,35,Medium,Clear,Evening,Weekday,46.75,9.46
B017,R05,42,40,Medium,Clear,Evening,Weekend,52.57,8.58
B002,R03,15,32,Low,Clear,Morning,Weekday,31.8,4.21
B029,R02,8,10,Medium,Rain,Morning,Weekend,37.13,11.13
B020,R06,50,32,High,Clear,Night,Weekday,83.05,9.84
B006,R05,35,23,Low,Clear,Morning,Weekend,40.02,6.37
B008,R04,53,32,Medium,Clear,Night,Weekend,71.08,7.99
B029,R08,56,21,Medium,Clear,Afternoon,Weekend,71.21,6.84
B048,R02,38,18,High,Clear,Night,Weekend,81.43,11.79
B033,R07,46,26,High,Clear,Evening,Weekday,95.86,10.09
B003,R04,39,15,High,Clear,Afternoon,Weekday,74.23,8.65
B035,R06,43,39,Medium,Clear,Night,Weekend,63.07,7.08
B005,R03,43,39,Low,Cloudy,Night,Weekday,44.66,8.63
B027,R07,37,31,Low,Clear,Afternoon,Weekday,40.28,4.87
B044,R04,12,34,Medium,Rain,Afternoon,Weekday,43.68,9.55
B012,R02,36,38,Medium,Clear,Evening,Weekday,60.72,10.63
B020,R07,59,10,High,Clear,Evening,Weekday,91.88,13.62
B045,R07,37,10,Medium,Rain,Evening,Weekend,64.72,11.99
B020,R05,12,16,Medium,Clear,Morning,Weekday,48.37,11.23
B009,R01,50,30,Medium,Clear,Evening,Weekday,55.5,10.71
B039,R04,18,33,Low,Clear,Morning,Weekday,32.95,7.21
B004,R01,38,8,Medium,Rain,Night,Weekend,56.99,9.09
B019,R06,12,28,Medium,Rain,Night,Weekday,45.05,10.01
B038,R04,55,14,High,Clear,Night,Weekend,81.78,11.92
B027,R04,46,41,Medium,Cloudy,Morning,Weekday,63.68,9.39
B045,R05,11,26,High,Clear,Night,Weekend,75.37,8.55
B043,R03,17,35,Medium,Rain,Night,Weekend,53.83,10.41
B013,R02,58,41,Low,Clear,Morning,Weekend,43.08,7.19
B013,R02,25,16,Low,Rain,Evening,Weekend,31.5,11.8
B022,R02,51,40,Low,Clear,Evening,Weekday,50.54,8.83
B028,R08,36,25,Medium,Clear,Evening,Weekend,57.1,8.2
B047,R06,15,40,Low,Clear,Evening,Weekday,17.26,6.59
B045,R07,18,29,Medium,Cloudy,Afternoon,Weekday,46.27,7.87
B022,R03,15,9,High,Cloudy,Night,Weekday,74.4,6.85
B043,R01,6,38,Medium,Clear,Evening,Weekday,50.54,8.08
B019,R02,38,8,High,Cloudy,Evening,Weekend,78.12,14.09
B008,R08,48,36,Low,Cloudy,Evening,Weekday,42.63,6.46
B008,R01,51,36,Medium,Cloudy,Evening,Weekday,54.03,8.12
B042,R03,21,26,Low,Clear,Evening,Weekday,30.02,8.07
B026,R06,18,33,High,Clear,Afternoon,Weekday,66.15,6.76
B048,R03,29,30,Low,Clear,Afternoon,Weekday,25.03,7.26
B026,R05,52,25,Medium,Clear,Morning,Weekday,61.23,9.41
B023,R07,31,41,Medium,Cloudy,Morning,Weekend,48.95,8.08
B043,R02,12,13,Medium,Cloudy,Evening,Weekend,46.29,7.67
B013,R06,60,25,High,Cloudy,Morning,Weekday,97.75,15.33
B028,R05,21,49,Low,Clear,Afternoon,Weekday,29.74,7.03
B009,R02,9,42,Medium,Cloudy,Evening,Weekday,45.81,9.29
B020,R03,16,20,High,Clear,Morning,Weekday,80.31,9.92
B019,R03,42,8,Medium,Rain,Morning,Weekend,51.48,12.54
B048,R08,22,42,Medium,Clear,Afternoon,Weekday,51.96,3.15
B039,R04,30,34,Low,Cloudy,Night,Weekday,40.72,7.24
B012,R04,35,10,High,Cloudy,Evening,Weekday,79.06,13.18
B015,R03,41,8,High,Rain,Morning,Weekday,72.37,15.27
B031,R03,10,34,Medium,Clear,Afternoon,Weekday,54.64,4.93
B014,R01,45,9,High,Clear,Evening,Weekday,86.7,14.96
B011,R08,19,32,Medium,Clear,Afternoon,Weekday,50.84,7.61
B026,R07,46,45,Low,Clear,Evening,Weekday,36.09,7.11
B042,R01,53,49,Low,Cloudy,Night,Weekend,57.96,4.65
B027,R07,30,13,Medium,Rain,Night,Weekday,57.93,14.16
B011,R05,55,21,Medium,Clear,Evening,Weekend,69.73,8.76
B038,R04,16,24,High,Cloudy,Evening,Weekend,70.93,8.23
B034,R04,45,34,Medium,Rain,Afternoon,Weekday,67.29,9.01
B043,R08,51,24,High,Clear,Evening,Weekday,86.07,14.32
B019,R03,18,19,Medium,Clear,Morning,Weekday,48.41,9.72
B006,R03,5,11,Medium,Rain,Evening,Weekday,31.29,11.26
B046,R05,21,13,Low,Rain,Evening,Weekday,26.57,11.89
B038,R06,37,21,Medium,Clear,Night,Weekday,68.4,7.66
B049,R06,59,21,High,Clear,Night,Weekday,85.35,11.34
B042,R08,33,35,Low,Clear,Afternoon,Weekday,35.02,6.03
B028,R06,57,8,High,Cloudy,Evening,Weekday,82.74,13.13
B001,R04,58,12,High,Clear,Morning,Weekday,91.55,10.54
B035,R01,49,34,Medium,Clear,Morning,Weekday,63.22,9.7
B040,R06,35,37,Low,Cloudy,Evening,Weekend,36.04,5.95
B008,R02,12,30,Low,Cloudy,Afternoon,Weekday,22.0,3.95
B047,R08,34,24,Low,Rain,Morning,Weekend,39.09,9.61
B007,R05,17,27,Low,Clear,Afternoon,Weekday,35.86,6.25
B011,R06,20,12,Medium,Clear,Evening,Weekday,41.54,7.17
B039,R02,6,20,Low,Rain,Afternoon,Weekday,21.48,8.1
B004,R06,49,16,Medium,Cloudy,Evening,Weekday,63.69,11.1
B025,R01,22,8,Medium,Rain,Night,Weekday,47.18,10.78
B012,R01,39,15,Low,Rain,Evening,Weekday,45.28,12.64
B026,R06,49,31,Medium,Rain,Afternoon,Weekend,70.35,6.78
B038,R08,23,16,High,Clear,Morning,Weekday,72.65,7.13
B046,R08,17,40,Medium,Clear,Evening,Weekend,45.11,4.66
B012,R02,55,40,Medium,Cloudy,Evening,Weekday,73.24,10.66
B043,R05,8,19,High,Cloudy,Evening,Weekday,62.53,10.48
B037,R02,23,34,Medium,Clear,Night,Weekday,56.39,6.43
B046,R05,54,15,High,Cloudy,Night,Weekend,99.21,12.92
B024,R06,29,26,Low,Clear,Night,Weekday,34.5,6.53
B016,R05,42,11,High,Cloudy,Morning,Weekday,81.79,14.23
B013,R03,55,30,Low,Clear,Morning,Weekday,44.01,8.0
B025,R04,35,16,High,Clear,Evening,Weekday,82.59,9.29
B004,R07,40,23,Low,Rain,Morning,Weekday,41.06,10.22
B011,R04,8,8,High,Clear,Afternoon,Weekday,57.71,8.83
B032,R01,60,9,High,Clear,Afternoon,Weekday,86.43,10.87
B049,R03,43,50,Low,Clear,Night,Weekday,51.29,5.11
B007,R04,11,24,High,Rain,Afternoon,Weekend,64.27,7.1
B046,R06,59,35,Low,Rain,Afternoon,Weekend,44.02,6.81
B011,R05,20,36,Low,Rain,Evening,Weekday,30.94,8.56
B028,R05,52,34,Medium,Rain,Night,Weekday,63.34,11.43
B041,R02,9,22,High,Cloudy,Night,Weekday,63.57,12.12
B023,R02,51,32,Medium,Clear,Night,Weekday,68.21,4.92
B045,R08,27,19,Medium,Clear,Afternoon,Weekday,55.19,8.31
B023,R05,40,17,Medium,Clear,Morning,Weekday,60.17,9.82
B050,R08,36,20,High,Cloudy,Evening,Weekend,74.94,11.61
B028,R06,28,21,High,Cloudy,Morning,Weekend,65.1,14.26
B043,R05,29,22,Low,Clear,Night,Weekday,44.1,4.09
B047,R02,49,49,Low,Clear,Night,Weekday,53.8,3.94
B026,R04,32,31,Low,Clear,Afternoon,Weekday,36.12,7.51
B025,R08,23,26,Medium,Clear,Evening,Weekday,55.67,10.1
B029,R08,11,26,Low,Cloudy,Evening,Weekend,25.34,7.35
B019,R01,48,32,Low,Cloudy,Evening,Weekday,40.14,7.51
B033,R02,45,33,High,Cloudy,Afternoon,Weekday,82.87,11.01
B036,R06,21,29,Low,Clear,Morning,Weekday,31.2,8.16
B014,R08,6,23,Medium,Rain,Evening,Weekend,50.45,11.03
B014,R04,20,20,Medium,Clear,Morning,Weekend,50.48,11.27
B035,R04,43,44,Low,Clear,Afternoon,Weekday,50.02,5.41
B030,R04,22,39,Medium,Cloudy,Afternoon,Weekend,50.2,6.0
B028,R03,43,23,Medium,Clear,Morning,Weekend,58.67,8.32
B017,R03,5,31,High,Clear,Evening,Weekday,69.95,10.78
B003,R07,7,30,Low,Clear,Morning,Weekday,30.47,6.62
B016,R04,25,35,Medium,Cloudy,Evening,Weekday,52.88,9.81
B046,R08,34,21,High,Rain,Night,Weekday,78.71,13.14
B030,R06,15,11,High,Cloudy,Night,Weekday,68.93,10.7
B029,R05,26,12,High,Cloudy,Evening,Weekend,74.06,10.85
B045,R06,51,8,High,Clear,Morning,Weekend,83.64,13.32
B015,R03,29,23,High,Clear,Evening,Weekday,86.48,12.0
B046,R02,7,42,Medium,Clear,Evening,Weekend,41.5,6.03
B025,R08,34,8,High,Rain,Evening,Weekend,79.78,13.44
B038,R07,28,18,Medium,Clear,Night,Weekday,54.95,9.54
B042,R03,49,21,Low,Rain,Afternoon,Weekday,31.91,10.83
B047,R05,40,23,Low,Clear,Night,Weekday,40.59,6.39
B038,R01,27,42,Low,Cloudy,Evening,Weekday,32.09,4.6
B023,R07,58,24,Low,Rain,Morning,Weekday,46.22,13.44
B025,R03,12,31,Low,Clear,Afternoon,Weekday,20.81,6.79
B042,R06,58,25,Low,Cloudy,Evening,Weekend,58.01,11.71
B007,R07,8,16,High,Clear,Afternoon,Weekday,58.44,6.63
B022,R08,54,12,High,Clear,Morning,Weekday,86.04,12.69
B017,R06,43,36,Medium,Clear,Afternoon,Weekend,58.89,5.34
B018,R04,47,8,High,Rain,Afternoon,Weekend,78.21,10.46
B049,R04,35,40,Low,Clear,Evening,Weekend,41.34,6.09
B041,R04,33,8,High,Clear,Morning,Weekday,78.72,12.95
B010,R07,40,17,Medium,Rain,Morning,Weekday,57.51,12.73
B010,R01,17,50,Low,Clear,Night,Weekday,23.9,1.05
B007,R05,45,25,Low,Clear,Afternoon,Weekday,45.12,7.52
B048,R08,13,30,Low,Rain,Evening,Weekday,28.68,7.64
B050,R07,59,42,Low,Clear,Afternoon,Weekday,48.77,7.37
B038,R02,25,33,Low,Clear,Afternoon,Weekend,39.68,5.65
B027,R08,55,43,Low,Rain,Afternoon,Weekday,55.35,8.65
B033,R06,7,48,Low,Clear,Evening,Weekday,20.96,4.63
B001,R06,29,42,Low,Clear,Afternoon,Weekday,44.94,4.82
B044,R07,29,8,High,Clear,Evening,Weekday,73.12,12.0
B034,R07,16,50,Low,Cloudy,Morning,Weekday,26.69,5.89
B004,R05,33,25,Low,Clear,Afternoon,Weekend,40.07,7.24
B017,R01,15,31,Medium,Clear,Night,Weekday,49.24,8.67
B004,R07,56,10,High,Clear,Morning,Weekday,88.16,13.38
B043,R04,15,19,Medium,Clear,Night,Weekday,37.92,9.8
B026,R05,53,13,High,Cloudy,Afternoon,Weekend,78.52,10.99
B004,R02,30,32,Low,Clear,Morning,Weekend,28.58,2.45
B001,R04,57,46,Low,Cloudy,Evening,Weekday,48.55,9.35
B007,R02,18,20,Low,Clear,Afternoon,Weekday,26.41,6.2
B030,R03,20,16,Medium,Clear,Afternoon,Weekday,48.11,8.82
B050,R02,60,36,Medium,Clear,Evening,Weekend,68.52,8.53
B009,R04,14,41,Medium,Clear,Night,Weekday,51.89,7.89
B035,R03,35,21,Low,Clear,Morning,Weekend,41.37,5.91
B008,R04,35,15,Medium,Cloudy,Morning,Weekend,55.42,11.17
B024,R06,40,43,Low,Cloudy,Evening,Weekday,38.48,5.49
B019,R04,14,23,Medium,Clear,Morning,Weekday,42.68,9.22
B036,R03,30,16,Medium,Cloudy,Evening,Weekday,53.32,12.59
B050,R02,24,28,Medium,Rain,Night,Weekday,58.5,12.05
B043,R06,48,34,Low,Clear,Night,Weekend,48.59,6.28
B027,R01,13,13,High,Clear,Morning,Weekday,68.42,13.06
B032,R01,19,37,Medium,Cloudy,Evening,Weekday,44.14,9.79
B014,R08,13,36,Low,Clear,Evening,Weekday,26.24,5.82
B018,R01,11,17,High,Cloudy,Evening,Weekday,63.58,12.26
B028,R01,30,11,Medium,Rain,Evening,Weekday,54.23,13.85
B029,R05,28,33,Medium,Clear,Morning,Weekday,57.95,10.22
B016,R01,16,14,Low,Rain,Afternoon,Weekday,33.39,10.56
B035,R03,24,34,Medium,Clear,Morning,Weekday,64.23,8.43
B047,R07,60,22,Low,Clear,Evening,Weekday,45.51,9.3
B031,R01,18,15,Medium,Clear,Afternoon,Weekend,55.15,8.7
B004,R04,26,41,Medium,Clear,Afternoon,Weekend,52.32,5.09
B037,R07,20,27,Medium,Clear,Morning,Weekday,46.43,10.45
B017,R01,33,35,Low,Clear,Evening,Weekend,47.37,6.54
B039,R07,36,30,High,Cloudy,Evening,Weekday,86.81,10.62
B048,R02,23,41,Low,Clear,Evening,Weekday,30.09,5.87
B046,R03,59,14,Medium,Clear,Evening,Weekday,65.89,7.59
B026,R03,39,20,High,Clear,Evening,Weekday,70.7,12.27
B048,R08,47,37,Medium,Clear,Afternoon,Weekday,69.77,8.48
B039,R07,36,36,Low,Clear,Morning,Weekday,27.77,10.69
B041,R08,59,33,Medium,Cloudy,Morning,Weekday,68.77,8.89
B004,R06,57,39,Low,Clear,Night,Weekday,44.03,5.45
B030,R05,24,18,Medium,Cloudy,Morning,Weekend,58.97,7.62
B030,R04,55,44,Low,Clear,Afternoon,Weekday,56.72,4.33
B022,R07,44,41,Medium,Cloudy,Night,Weekday,53.48,7.95
B011,R03,24,19,Medium,Clear,Afternoon,Weekend,52.41,6.45
B002,R08,12,38,Low,Clear,Morning,Weekday,27.35,4.66
B044,R02,39,26,Low,Cloudy,Afternoon,Weekend,38.06,5.89
B012,R01,46,20,Low,Clear,Afternoon,Weekend,39.79,6.87
B030,R03,17,20,Medium,Rain,Morning,Weekday,56.32,10.63
B036,R02,45,29,Medium,Cloudy,Afternoon,Weekday,59.89,9.71
B018,R01,10,36,Medium,Clear,Night,Weekend,54.91,7.62
B026,R05,51,22,High,Rain,Night,Weekday,82.19,14.25
B007,R03,20,20,Low,Rain,Evening,Weekday,33.86,11.31
B001,R08,9,34,High,Clear,Night,Weekend,68.68,3.61
B026,R03,57,26,Low,Clear,Night,Weekday,45.19,5.73
B023,R07,49,46,Low,Cloudy,Morning,Weekday,35.61,4.51
B026,R07,55,21,Medium,Clear,Night,Weekend,63.2,9.51
B045,R02,38,8,High,Clear,Morning,Weekday,73.1,14.25
B006,R08,10,26,Medium,Cloudy,Night,Weekday,49.12,7.59
B006,R06,37,25,Medium,Cloudy,Morning,Weekday,56.6,9.2
B044,R07,19,8,High,Cloudy,Morning,Weekend,76.37,10.62
B008,R04,19,10,High,Cloudy,Afternoon,Weekday,72.36,16.14
B024,R05,18,42,Low,Clear,Night,Weekday,28.04,5.36
B022,R04,43,25,High,Clear,Morning,Weekday,81.92,11.48
B019,R03,9,29,High,Cloudy,Night,Weekday,57.86,9.17
B037,R04,56,23,Medium,Clear,Evening,Weekday,67.03,9.08
B018,R01,30,8,High,Cloudy,Afternoon,Weekday,75.72,11.82
B031,R05,52,9,High,Clear,Afternoon,Weekend,84.08,10.38
B037,R04,21,27,Medium,Clear,Morning,Weekday,47.69,9.54
B030,R01,47,31,Low,Cloudy,Night,Weekday,48.53,4.78
B042,R02,51,20,Medium,Clear,Afternoon,Weekday,60.78,11.77
B033,R04,56,39,Low,Clear,Afternoon,Weekend,50.92,3.59
B010,R05,20,31,Low,Clear,Afternoon,Weekday,35.5,4.61
B037,R01,39,21,Medium,Clear,Morning,Weekday,61.97,8.33
B012,R04,42,36,Low,Clear,Evening,Weekday,34.98,6.51
B030,R02,57,36,Medium,Clear,Morning,Weekday,69.07,9.29
B027,R04,27,27,High,Cloudy,Evening,Weekday,77.97,11.39
B039,R01,17,15,Medium,Rain,Afternoon,Weekday,47.06,10.22
B009,R04,37,21,High,Clear,Evening,Weekday,74.23,12.96
B021,R05,33,23,Low,Clear,Morning,Weekday,32.06,11.31
B012,R03,57,8,High,Cloudy,Morning,Weekday,90.11,13.25
B029,R08,50,15,High,Rain,Night,Weekday,83.34,12.95
B033,R08,38,25,Low,Clear,Night,Weekday,35.91,8.39
B043,R01,38,42,Low,Clear,Morning,Weekday,28.51,5.04
B015,R01,31,27,Low,Clear,Night,Weekday,44.52,8.35
B002,R01,19,10,High,Clear,Afternoon,Weekday,67.93,7.61
B039,R01,54,18,High,Cloudy,Evening,Weekday,91.07,14.62
B044,R04,13,24,Low,Rain,Morning,Weekday,33.19,7.98
B018,R05,30,26,Medium,Cloudy,Morning,Weekday,72.03,7.75
B003,R08,7,21,Low,Rain,Night,Weekday,26.91,8.49
B007,R02,40,13,Medium,Clear,Morning,Weekday,61.68,12.03
B043,R08,51,22,High,Rain,Night,Weekday,77.75,14.22
B018,R05,9,39,Low,Clear,Afternoon,Weekday,14.37,3.01
B044,R01,24,18,High,Clear,Morning,Weekday,60.07,12.72
B038,R06,24,21,High,Cloudy,Afternoon,Weekday,71.15,8.43
B037,R04,9,16,High,Clear,Afternoon,Weekday,59.51,9.1
B033,R06,14,35,Low,Clear,Morning,Weekend,24.57,4.19
B044,R04,20,34,Low,Cloudy,Night,Weekday,37.19,4.65
B031,R01,29,30,Low,Clear,Night,Weekday,37.08,4.75
B011,R04,48,14,Medium,Cloudy,Afternoon,Weekday,63.93,9.67
B004,R01,29,40,Medium,Clear,Night,Weekday,55.48,4.53
B018,R05,34,29,Low,Cloudy,Night,Weekday,33.52,6.72
B004,R07,18,20,High,Clear,Afternoon,Weekday,66.61,8.77
B049,R03,26,49,Low,Clear,Morning,Weekday,26.09,3.84
B034,R04,47,27,Low,Clear,Morning,Weekend,47.39,8.57
B029,R01,32,16,Medium,Cloudy,Evening,Weekday,64.85,13.39
B024,R06,34,40,Low,Cloudy,Morning,Weekday,43.81,7.29
B022,R01,23,27,Low,Clear,Night,Weekday,31.62,5.92
B002,R06,42,26,Medium,Clear,Evening,Weekday,65.78,9.62
B044,R08,46,34,High,Clear,Evening,Weekend,85.72,8.52
B006,R04,24,14,High,Cloudy,Evening,Weekday,72.86,13.11
B042,R02,39,20,Medium,Clear,Morning,Weekday,61.26,7.71
B025,R06,26,36,Medium,Clear,Evening,Weekday,46.41,9.46
B021,R01,19,37,Medium,Cloudy,Evening,Weekday,47.1,5.8
B016,R04,15,37,Low,Rain,Evening,Weekend,24.09,8.24
B031,R01,58,13,Medium,Clear,Morning,Weekday,61.44,13.31
B014,R02,38,18,Medium,Clear,Morning,Weekday,61.88,10.73
B039,R03,28,27,Medium,Cloudy,Morning,Weekday,57.51,10.72
B028,R07,10,18,Medium,Cloudy,Morning,Weekday,32.33,11.27
B032,R07,21,15,Medium,Clear,Afternoon,Weekday,50.43,8.3
B028,R02,32,16,Medium,Clear,Morning,Weekend,54.3,11.88
B049,R05,54,17,High,Clear,Night,Weekday,83.88,10.78
B009,R04,35,41,Low,Cloudy,Evening,Weekday,29.26,5.45
B045,R02,40,10,High,Cloudy,Morning,Weekday,80.3,11.22
B022,R03,59,32,Low,Clear,Night,Weekday,49.59,8.03
B032,R01,13,37,Low,Clear,Night,Weekday,24.62,3.99
B005,R04,14,21,Medium,Clear,Night,Weekday,51.04,6.83
B023,R08,25,8,Medium,Rain,Afternoon,Weekday,56.32,12.57
B005,R06,38,34,High,Clear,Afternoon,Weekend,69.68,5.86
B042,R02,35,24,Medium,Clear,Afternoon,Weekday,61.31,12.02
B032,R08,33,13,Medium,Cloudy,Night,Weekend,51.72,6.13
B010,R08,47,41,Low,Rain,Morning,Weekday,42.14,10.32
B039,R03,47,49,Low,Cloudy,Night,Weekday,51.74,5.57
B015,R08,15,26,Medium,Clear,Afternoon,Weekday,47.28,6.9
B007,R02,37,9,Medium,Rain,Afternoon,Weekday,63.64,13.52
B029,R05,50,33,Medium,Cloudy,Afternoon,Weekday,63.73,9.19
B047,R07,5,42,Medium,Cloudy,Morning,Weekday,47.18,6.78
B003,R07,25,14,High,Clear,Night,Weekday,72.23,11.22
B019,R04,27,42,Medium,Clear,Afternoon,Weekday,52.16,3.02
B010,R01,13,9,High,Cloudy,Night,Weekend,67.11,8.6
B028,R03,60,31,Low,Rain,Night,Weekday,44.41,10.05
B029,R02,5,47,Low,Cloudy,Afternoon,Weekday,19.92,2.25
B015,R04,25,27,Low,Rain,Evening,Weekday,35.56,10.02
B035,R02,26,23,Low,Clear,Evening,Weekday,37.19,7.72
B006,R04,58,18,Medium,Clear,Evening,Weekend,64.44,7.92
B012,R07,8,34,Medium,Cloudy,Afternoon,Weekend,52.61,6.57
B047,R08,5,42,Medium,Cloudy,Night,Weekday,51.54,5.63
B038,R05,55,33,Medium,Cloudy,Evening,Weekday,62.88,8.39
B013,R02,14,13,High,Rain,Morning,Weekday,64.72,16.69
B029,R05,19,13,High,Clear,Evening,Weekday,69.35,12.4
B019,R06,56,41,Low,Clear,Morning,Weekday,54.07,7.62
B003,R06,40,42,Low,Rain,Evening,Weekday,42.87,9.4
B008,R08,33,48,Low,Clear,Evening,Weekday,34.97,9.14
B008,R07,56,36,Low,Cloudy,Evening,Weekend,41.68,8.56
B020,R03,50,15,Medium,Rain,Morning,Weekday,55.22,12.35
B047,R05,9,32,Medium,Clear,Morning,Weekday,45.93,4.78
B004,R04,33,34,Low,Rain,Evening,Weekday,45.6,10.92
B021,R03,51,27,Medium,Clear,Morning,Weekday,65.52,9.79
B003,R02,51,18,Medium,Cloudy,Night,Weekend,67.58,7.67
B045,R02,31,27,Low,Clear,Evening,Weekday,36.55,7.66
B008,R04,29,27,Medium,Cloudy,Night,Weekday,46.31,4.9
B023,R01,20,19,High,Cloudy,Afternoon,Weekend,77.86,8.89
B016,R08,20,36,Medium,Clear,Afternoon,Weekday,46.06,6.15
B013,R01,40,41,Low,Cloudy,Afternoon,Weekday,36.0,4.45
B003,R08,29,39,Low,Rain,Night,Weekday,36.83,7.44
B048,R02,45,42,Low,Cloudy,Morning,Weekday,38.91,9.08
B009,R08,5,43,Low,Rain,Afternoon,Weekday,15.98,5.55
B014,R07,9,8,High,Clear,Evening,Weekday,69.34,14.0
B013,R07,45,45,Low,Clear,Evening,Weekday,43.14,7.24
B007,R04,24,26,Low,Clear,Morning,Weekday,36.8,9.19
B015,R01,9,38,Low,Rain,Evening,Weekday,22.66,8.53
B007,R05,40,20,High,Clear,Night,Weekday,77.73,9.09
B038,R02,33,22,Low,Clear,Afternoon,Weekday,37.76,9.55
B034,R06,52,36,Low,Clear,Night,Weekend,47.76,6.53
B041,R05,38,22,Medium,Clear,Evening,Weekday,55.79,12.51
B022,R04,52,12,Medium,Rain,Night,Weekday,62.19,13.12
B024,R06,22,38,Low,Clear,Morning,Weekend,35.53,5.24
B049,R05,6,19,Low,Rain,Night,Weekday,24.67,9.51
B037,R01,20,21,High,Clear,Evening,Weekend,71.37,11.4
B044,R08,33,24,High,Rain,Evening,Weekday,66.62,13.51
B001,R07,37,47,Low,Clear,Afternoon,Weekday,39.79,5.23
B010,R01,20,40,Low,Clear,Night,Weekday,31.86,3.89
B043,R06,39,34,Low,Clear,Morning,Weekend,37.9,4.22
B016,R08,51,22,High,Clear,Afternoon,Weekend,88.32,9.59
B046,R08,47,37,Medium,Clear,Evening,Weekday,60.04,8.61
B008,R08,46,8,High,Clear,Night,Weekday,84.71,14.75
B049,R03,21,41,Medium,Clear,Morning,Weekday,42.87,6.08
B025,R07,8,19,High,Clear,Evening,Weekday,68.52,10.55
B050,R02,53,18,High,Cloudy,Evening,Weekday,82.64,12.23
B012,R06,8,8,High,Clear,Afternoon,Weekend,66.17,10.25
B025,R04,55,25,Medium,Cloudy,Evening,Weekday,73.72,11.18
B017,R02,29,36,Low,Rain,Morning,Weekday,39.44,11.94
B026,R05,37,13,Medium,Clear,Morning,Weekday,60.65,12.8
B046,R07,18,38,Medium,Clear,Afternoon,Weekday,53.11,6.44
B048,R04,28,15,Medium,Clear,Afternoon,Weekday,61.47,6.89
B014,R04,15,39,Low,Clear,Morning,Weekday,28.1,6.34
B041,R01,29,24,Medium,Cloudy,Afternoon,Weekday,59.35,8.19
B036,R05,32,27,Medium,Clear,Evening,Weekend,50.11,6.48
B023,R01,11,42,Medium,Clear,Morning,Weekday,41.89,6.88
B043,R01,53,49,Low,Clear,Afternoon,Weekday,54.03,5.3
B006,R08,40,16,Medium,Rain,Morning,Weekday,58.76,12.99
B047,R07,14,46,Low,Cloudy,Evening,Weekday,24.38,4.21
B005,R03,53,8,High,Rain,Afternoon,Weekday,85.07,14.36
B043,R01,40,26,Medium,Rain,Morning,Weekday,56.44,11.94
B025,R02,35,44,Low,Clear,Evening,Weekend,36.65,6.41
B018,R04,23,40,Low,Clear,Afternoon,Weekday,26.26,3.15
B013,R07,22,23,Medium,Clear,Morning,Weekday,48.16,10.9
B043,R01,53,45,Low,Clear,Evening,Weekday,46.89,8.06
B014,R06,10,11,High,Clear,Evening,Weekend,72.86,8.94
B028,R02,32,16,Medium,Clear,Evening,Weekday,55.78,11.0
B018,R05,11,22,Low,Clear,Night,Weekend,16.87,4.54
B028,R04,42,33,Medium,Clear,Evening,Weekday,66.03,9.51
B027,R07,16,25,Low,Rain,Evening,Weekday,32.03,7.74
B032,R06,45,8,High,Rain,Afternoon,Weekday,78.53,13.58
B047,R07,54,40,Low,Clear,Night,Weekday,50.95,4.81
B009,R07,38,11,High,Clear,Evening,Weekday,78.34,12.37
B040,R06,29,38,Medium,Clear,Afternoon,Weekday,61.72,8.08
B032,R05,21,23,High,Rain,Afternoon,Weekday,82.44,10.89
B020,R06,57,16,Low,Rain,Morning,Weekend,50.49,14.09
B028,R02,37,26,Low,Clear,Morning,Weekday,42.34,11.42
B033,R08,27,14,Medium,Clear,Night,Weekday,61.51,9.1
B004,R07,13,15,Medium,Clear,Afternoon,Weekday,51.31,5.99
B046,R05,10,43,Low,Clear,Evening,Weekday,27.27,3.83
B034,R07,6,19,Medium,Cloudy,Evening,Weekend,42.45,9.03
B048,R06,42,32,Low,Clear,Afternoon,Weekend,35.33,4.57
B003,R05,13,17,Medium,Rain,Night,Weekday,45.11,9.17
B026,R05,7,28,Low,Clear,Evening,Weekend,22.32,5.86
B008,R01,20,39,Low,Cloudy,Night,Weekday,30.11,2.53
B006,R01,29,45,Low,Clear,Afternoon,Weekday,25.34,7.93
B016,R08,28,31,Medium,Clear,Night,Weekday,52.2,8.1
B024,R01,51,24,Low,Cloudy,Morning,Weekday,44.2,10.88
B048,R06,33,10,High,Rain,Night,Weekend,69.54,13.86
B039,R04,48,24,Low,Cloudy,Night,Weekday,46.03,7.94
B030,R02,59,8,High,Cloudy,Evening,Weekday,94.13,12.79
B045,R06,44,12,Medium,Cloudy,Night,Weekend,61.98,4.45
B013,R07,30,21,Medium,Clear,Evening,Weekday,48.79,11.68
B005,R01,42,34,Low,Cloudy,Evening,Weekday,40.48,7.79
B025,R05,39,28,Medium,Cloudy,Morning,Weekday,63.17,12.73
B020,R06,27,23,Medium,Clear,Evening,Weekend,56.99,8.2
B018,R05,8,25,Medium,Clear,Afternoon,Weekend,43.77,5.95
B047,R08,46,43,Low,Cloudy,Evening,Weekday,45.05,6.7
B018,R07,18,8,High,Rain,Afternoon,Weekend,65.82,13.98
B002,R05,57,32,High,Clear,Evening,Weekend,92.23,7.49
B010,R05,60,15,Medium,Rain,Afternoon,Weekday,67.96,12.9
B045,R08,51,30,Medium,Rain,Morning,Weekday,61.68,11.26
B050,R03,43,26,Medium,Clear,Night,Weekday,66.26,8.35
B047,R04,11,33,Low,Cloudy,Evening,Weekday,26.17,8.93
B012,R02,12,46,Low,Clear,Morning,Weekend,26.41,2.49
B047,R02,46,29,Medium,Clear,Morning,Weekend,65.67,6.99
B013,R01,55,25,High,Cloudy,Evening,Weekday,87.16,15.42
B050,R03,23,21,Low,Rain,Evening,Weekend,26.84,9.01
B047,R06,6,26,Medium,Clear,Afternoon,Weekday,41.88,5.96
B011,R08,51,17,High,Rain,Evening,Weekday,78.05,14.81
B019,R06,5,22,Low,Clear,Evening,Weekday,28.36,4.79
B035,R02,46,32,Low,Rain,Afternoon,Weekend,37.45,9.92
B039,R04,42,27,High,Rain,Afternoon,Weekend,90.72,13.59
B026,R05,58,25,Low,Rain,Evening,Weekday,45.05,9.02
B046,R07,17,21,Low,Cloudy,Evening,Weekend,31.58,6.29
B014,R01,46,19,Medium,Rain,Evening,Weekday,72.39,11.07
B045,R04,48,25,Medium,Clear,Night,Weekday,65.31,9.73
B044,R02,28,10,High,Clear,Night,Weekday,72.39,11.62
B024,R03,36,40,Medium,Clear,Morning,Weekend,58.16,5.85
B041,R01,34,15,Medium,Cloudy,Morning,Weekday,52.67,9.6
B001,R08,10,15,Medium,Clear,Evening,Weekday,34.87,11.83
B043,R02,42,27,High,Clear,Afternoon,Weekday,83.98,9.71
B022,R06,37,22,Low,Rain,Evening,Weekend,28.37,9.09
B023,R01,48,40,Low,Cloudy,Evening,Weekend,37.16,7.98
B019,R08,59,15,High,Rain,Morning,Weekday,89.79,15.68
B018,R02,27,16,High,Clear,Evening,Weekend,70.2,13.13
B012,R06,14,50,Low,Clear,Evening,Weekday,29.45,6.8
B028,R07,50,47,Low,Clear,Morning,Weekday,53.0,7.52
B028,R06,19,17,Medium,Clear,Morning,Weekend,48.22,7.18
B033,R05,27,27,Low,Clear,Afternoon,Weekday,30.46,7.72
B019,R08,60,21,Medium,Clear,Afternoon,Weekday,78.84,9.33
B028,R08,40,36,Low,Clear,Afternoon,Weekday,43.42,5.64
B049,R03,5,28,Low,Cloudy,Night,Weekday,27.12,2.51
B037,R08,12,25,Medium,Clear,Night,Weekday,50.22,6.06
B026,R05,7,32,High,Clear,Evening,Weekday,62.27,8.74
B035,R02,18,31,Medium,Cloudy,Afternoon,Weekday,47.12,7.61
B034,R07,21,16,Medium,Cloudy,Morning,Weekday,45.75,11.02
B035,R04,38,22,High,Rain,Afternoon,Weekday,82.63,12.25
B040,R07,51,14,Medium,Clear,Evening,Weekday,67.43,11.74
B016,R07,10,13,Medium,Rain,Night,Weekend,48.23,9.36
B038,R08,9,33,Medium,Rain,Night,Weekday,35.14,11.47
B013,R07,50,31,Low,Cloudy,Evening,Weekday,49.65,4.83
B023,R08,55,33,Medium,Clear,Afternoon,Weekend,65.2,5.53
B022,R05,45,42,Medium,Clear,Evening,Weekday,52.0,8.6
B016,R04,44,50,Low,Cloudy,Evening,Weekday,35.5,7.04
B028,R06,33,20,Low,Cloudy,Night,Weekday,33.99,5.78
B048,R08,39,37,Low,Rain,Night,Weekday,35.92,5.45
B035,R02,22,22,Medium,Cloudy,Night,Weekday,51.06,8.71
B045,R03,44,17,Low,Rain,Evening,Weekday,44.29,14.24
B046,R04,52,31,Low,Rain,Afternoon,Weekday,45.43,6.55
B008,R02,34,8,High,Rain,Evening,Weekday,74.64,16.21
B044,R08,19,23,Medium,Clear,Afternoon,Weekday,50.21,9.22
B022,R04,57,35,Low,Clear,Afternoon,Weekend,49.28,5.96
B021,R08,19,27,Medium,Cloudy,Evening,Weekday,55.84,10.79
B026,R05,20,40,Low,Cloudy,Afternoon,Weekday,26.95,3.84
B040,R02,37,12,Medium,Clear,Afternoon,Weekday,57.94,7.8
B021,R05,14,37,Medium,Cloudy,Evening,Weekday,55.24,10.16
B025,R01,23,14,Medium,Cloudy,Night,Weekend,45.4,7.97
B041,R02,41,34,Medium,Clear,Evening,Weekday,58.67,9.81
B001,R04,54,44,Low,Clear,Night,Weekday,42.43,5.8
B006,R01,7,26,Medium,Rain,Afternoon,Weekday,37.23,7.12
B023,R05,40,39,Low,Clear,Night,Weekend,41.13,3.31
B023,R05,8,34,Low,Cloudy,Night,Weekday,30.65,4.67
B043,R04,15,23,High,Clear,Morning,Weekday,77.99,13.25
B043,R01,45,36,Medium,Cloudy,Morning,Weekday,62.29,7.41
B023,R07,37,13,High,Rain,Night,Weekday,81.02,12.26
B032,R06,32,41,Low,Clear,Morning,Weekday,38.71,7.18
B030,R03,36,15,Medium,Clear,Night,Weekday,56.97,5.23
B013,R04,20,22,Low,Cloudy,Morning,Weekday,36.4,7.04
B043,R05,13,15,Medium,Rain,Afternoon,Weekday,45.68,8.58
B018,R02,15,20,Low,Clear,Evening,Weekday,32.93,11.03
B023,R01,10,24,Low,Clear,Morning,Weekday,23.22,7.97
B015,R08,53,23,Low,Clear,Evening,Weekday,40.73,7.69
B033,R06,31,37,Medium,Clear,Morning,Weekend,50.05,7.5
B021,R03,16,39,Low,Clear,Night,Weekday,19.91,2.87
B039,R02,26,8,High,Rain,Morning,Weekday,79.32,13.24
B023,R01,44,30,Low,Clear,Morning,Weekday,48.39,5.73
B027,R06,52,30,Low,Cloudy,Evening,Weekday,42.43,7.43
B045,R04,41,22,Medium,Rain,Evening,Weekday,55.16,13.57
B044,R08,25,30,High,Clear,Morning,Weekday,68.62,12.29
B018,R06,37,29,Low,Cloudy,Evening,Weekend,39.39,5.36
B024,R04,21,46,Low,Cloudy,Morning,Weekend,25.82,3.06
B047,R08,60,33,High,Clear,Night,Weekday,92.75,13.54
B040,R08,33,45,Low,Clear,Night,Weekday,34.98,4.72
B042,R07,57,24,Medium,Clear,Afternoon,Weekday,73.92,8.51
B007,R01,44,39,Low,Clear,Evening,Weekday,45.37,6.19
B050,R08,14,27,Medium,Clear,Morning,Weekend,41.39,6.51
B048,R06,22,39,Low,Rain,Night,Weekday,24.7,7.13
B020,R08,51,28,Medium,Clear,Afternoon,Weekday,66.54,10.12
B027,R03,56,14,High,Rain,Afternoon,Weekday,87.09,12.34
B006,R06,17,29,High,Clear,Morning,Weekday,74.87,9.9
B027,R01,31,30,Medium,Rain,Afternoon,Weekday,57.45,12.62
B009,R02,14,8,High,Cloudy,Afternoon,Weekday,64.71,8.02
B045,R02,36,40,Low,Rain,Morning,Weekday,46.41,10.94
B031,R06,45,20,Low,Clear,Afternoon,Weekday,40.36,10.15
B021,R06,49,13,Medium,Clear,Afternoon,Weekend,57.81,8.58
B026,R04,7,34,Medium,Cloudy,Morning,Weekday,42.47,9.63
B040,R01,26,45,Low,Cloudy,Morning,Weekend,28.97,1.87
B048,R04,31,30,Medium,Rain,Night,Weekday,60.44,9.54
B045,R03,59,17,Medium,Clear,Afternoon,Weekday,63.85,11.22
B013,R07,7,22,Medium,Rain,Night,Weekday,47.75,7.46
B049,R02,37,13,High,Rain,Night,Weekday,77.2,15.3
B023,R08,6,37,Medium,Cloudy,Evening,Weekday,35.08,11.67
B020,R08,15,33,Low,Clear,Morning,Weekend,29.63,4.17
B037,R05,50,29,Medium,Rain,Evening,Weekend,70.93,12.89
B028,R05,14,28,Medium,Clear,Morning,Weekday,47.51,9.87
B017,R01,43,38,Low,Rain,Evening,Weekday,40.55,12.39
B028,R08,59,25,Medium,Rain,Morning,Weekend,78.79,10.25
B041,R01,37,28,High,Clear,Afternoon,Weekend,84.5,7.66
B002,R05,11,48,Low,Cloudy,Afternoon,Weekend,29.36,3.37
B025,R01,19,28,Low,Clear,Night,Weekday,19.45,5.46
B050,R02,30,34,Low,Rain,Evening,Weekend,31.51,11.51
B041,R03,15,42,Medium,Clear,Night,Weekday,46.43,5.38
B006,R03,42,22,High,Clear,Evening,Weekday,83.32,11.68
B011,R08,31,8,Medium,Rain,Morning,Weekday,59.98,13.75
B038,R04,58,22,Low,Clear,Morning,Weekday,43.79,9.38
B006,R02,43,27,Medium,Cloudy,Evening,Weekday,64.4,9.98
B045,R07,11,27,Medium,Clear,Evening,Weekday,39.68,7.5
B011,R01,5,12,Medium,Cloudy,Afternoon,Weekday,46.05,8.05
B014,R01,14,38,Low,Cloudy,Evening,Weekday,21.49,7.02
B002,R08,25,29,Medium,Clear,Afternoon,Weekday,58.71,6.0
B040,R07,19,28,Medium,Rain,Evening,Weekday,50.77,9.92
B003,R04,34,50,Low,Clear,Afternoon,Weekday,35.08,4.72
B035,R04,34,21,Medium,Clear,Night,Weekday,58.52,12.92
B033,R01,12,26,High,Clear,Afternoon,Weekday,62.73,10.7
B024,R01,28,36,Low,Cloudy,Night,Weekday,34.11,4.76
B019,R07,23,8,High,Clear,Afternoon,Weekday,66.51,10.37
B018,R08,7,24,Low,Clear,Morning,Weekday,24.98,6.92
B049,R02,59,8,Medium,Rain,Afternoon,Weekday,68.24,11.95
B024,R07,19,50,Low,Clear,Evening,Weekday,28.47,6.18
B045,R04,40,43,Low,Clear,Night,Weekend,39.79,1.77
B035,R07,10,35,Medium,Clear,Evening,Weekday,40.55,7.53
B001,R07,46,42,Medium,Clear,Evening,Weekend,73.39,10.14
B036,R07,54,22,High,Clear,Morning,Weekday,85.98,13.39
B025,R02,52,32,Medium,Clear,Afternoon,Weekday,71.49,9.18
B045,R06,22,18,Medium,Clear,Morning,Weekday,45.18,11.25
B049,R01,42,11,High,Clear,Afternoon,Weekday,69.73,10.72
B043,R05,23,30,Medium,Clear,Evening,Weekday,52.79,7.05
B034,R08,53,27,Low,Cloudy,Afternoon,Weekend,51.83,6.09
B025,R07,54,45,Low,Cloudy,Morning,Weekend,53.08,6.58
B016,R08,34,20,Medium,Clear,Night,Weekend,61.67,9.98
B034,R05,17,23,Medium,Rain,Morning,Weekend,47.44,9.41
B029,R06,43,40,Low,Rain,Morning,Weekday,44.38,8.95
B019,R01,56,30,Low,Rain,Morning,Weekday,44.82,12.43
B023,R04,16,33,Low,Clear,Night,Weekend,24.94,5.15
B019,R05,38,29,Medium,Cloudy,Evening,Weekday,60.1,7.62
B025,R08,16,24,Low,Clear,Morning,Weekday,29.19,8.78
B016,R08,48,40,Low,Rain,Morning,Weekday,41.35,12.15
B009,R08,28,37,Medium,Clear,Morning,Weekday,54.91,7.51
B001,R04,8,31,High,Clear,Night,Weekday,69.71,9.99
B042,R05,40,20,Low,Clear,Night,Weekend,35.57,6.83
B019,R08,54,17,Medium,Cloudy,Night,Weekday,70.37,8.15
B033,R04,52,26,Low,Cloudy,Evening,Weekend,39.18,5.88
B034,R07,18,31,High,Clear,Afternoon,Weekend,60.6,8.27
B016,R08,21,48,Low,Clear,Evening,Weekday,32.01,7.49
B044,R05,53,8,High,Rain,Evening,Weekday,86.18,15.87
B040,R04,7,23,High,Rain,Evening,Weekday,64.08,11.59
B018,R06,42,11,High,Cloudy,Afternoon,Weekend,81.5,6.97
B034,R02,27,25,Low,Cloudy,Morning,Weekday,38.28,7.59
B025,R04,17,12,Medium,Clear,Night,Weekday,51.16,7.21
B045,R02,13,44,Low,Clear,Evening,Weekday,28.84,4.57
B006,R02,25,15,High,Clear,Night,Weekday,79.42,12.77
B021,R01,45,8,High,Clear,Night,Weekday,87.02,12.72
B006,R07,12,32,High,Cloudy,Night,Weekday,66.9,9.36
B032,R06,21,16,Medium,Clear,Morning,Weekday,55.78,9.59
B041,R02,20,26,Medium,Clear,Night,Weekday,48.62,8.13
B048,R03,20,28,Medium,Clear,Night,Weekday,48.75,7.63
B043,R07,32,16,Medium,Clear,Morning,Weekend,62.57,8.59
B039,R02,55,30,Medium,Cloudy,Night,Weekday,66.36,8.37
B031,R04,60,21,Medium,Clear,Afternoon,Weekday,72.02,11.17
B042,R02,20,32,High,Clear,Afternoon,Weekend,71.76,8.17
B010,R04,50,14,Medium,Cloudy,Evening,Weekday,65.78,15.09
B030,R08,56,14,High,Clear,Afternoon,Weekday,97.0,13.46
B018,R04,50,29,High,Clear,Afternoon,Weekend,84.38,8.99
B024,R03,18,19,Medium,Cloudy,Afternoon,Weekday,57.87,8.13
B009,R02,50,44,Low,Clear,Morning,Weekday,39.62,6.82
B031,R02,48,24,Medium,Cloudy,Afternoon,Weekday,63.76,10.73
B015,R05,42,17,Medium,Cloudy,Night,Weekday,59.8,7.18
B004,R07,24,22,Low,Clear,Evening,Weekday,35.87,7.82
B040,R05,49,35,Medium,Clear,Night,Weekday,57.71,8.83
B009,R01,52,15,High,Rain,Night,Weekday,87.91,14.61
B045,R04,45,26,Low,Clear,Afternoon,Weekday,47.12,8.78
B009,R03,38,8,Medium,Rain,Evening,Weekday,57.36,13.39
B026,R05,58,25,High,Clear,Night,Weekday,85.89,8.39
B004,R02,33,35,Medium,Cloudy,Evening,Weekday,53.43,9.9
B017,R01,7,30,Medium,Cloudy,Afternoon,Weekday,45.97,6.81
B016,R03,14,17,Medium,Rain,Night,Weekday,39.07,11.01
B015,R06,24,36,Medium,Clear,Morning,Weekday,45.46,7.63
B035,R02,6,30,Low,Clear,Night,Weekday,23.42,5.59
B005,R02,31,12,High,Clear,Night,Weekend,78.42,9.34
B005,R08,36,23,Medium,Rain,Evening,Weekday,59.38,13.74
B020,R06,60,30,Medium,Clear,Evening,Weekday,73.01,10.41
B015,R04,14,25,Medium,Rain,Evening,Weekday,41.77,14.05
B018,R04,44,44,Low,Clear,Afternoon,Weekday,33.26,2.4
B047,R05,21,17,High,Clear,Evening,Weekday,74.91,9.23
B002,R05,58,15,High,Clear,Afternoon,Weekday,82.66,12.52
B029,R02,37,48,Low,Cloudy,Evening,Weekday,41.07,4.24
B013,R07,10,8,High,Rain,Morning,Weekday,55.86,14.42
B004,R02,43,12,Medium,Clear,Evening,Weekend,64.88,9.64
B042,R05,51,21,Medium,Rain,Afternoon,Weekend,65.49,12.48
B045,R06,22,42,Medium,Clear,Afternoon,Weekday,56.2,6.21
B010,R05,13,23,Low,Cloudy,Night,Weekday,30.46,4.71
B031,R02,12,24,Medium,Cloudy,Evening,Weekday,44.27,11.69
B041,R03,29,42,Low,Clear,Afternoon,Weekday,31.76,5.57
B008,R02,35,39,Medium,Clear,Night,Weekday,59.08,5.2
B003,R03,46,22,Medium,Clear,Morning,Weekday,60.49,7.31
B048,R03,8,21,High,Clear,Afternoon,Weekend,47.62,10.03
B046,R02,24,16,Medium,Rain,Evening,Weekday,50.6,13.28
B009,R07,32,31,Low,Rain,Morning,Weekend,31.7,9.9
B030,R07,44,23,High,Cloudy,Afternoon,Weekend,79.32,11.08
B011,R01,5,12,Medium,Cloudy,Evening,Weekday,43.99,10.74
B035,R05,44,29,Medium,Clear,Afternoon,Weekday,68.21,8.5
B037,R07,59,21,Low,Clear,Evening,Weekend,58.69,8.31
B042,R04,48,26,High,Rain,Night,Weekday,86.45,13.39
B013,R02,27,14,High,Cloudy,Afternoon,Weekday,70.52,9.87
B036,R03,51,18,High,Cloudy,Afternoon,Weekend,90.35,12.01
B013,R02,17,18,High,Cloudy,Morning,Weekday,60.95,12.2
B012,R05,20,25,Low,Clear,Night,Weekday,26.55,7.83
B037,R06,30,8,High,Clear,Morning,Weekday,73.85,12.96
B010,R07,59,23,Medium,Cloudy,Afternoon,Weekend,59.87,8.25
B009,R07,35,42,Low,Clear,Night,Weekend,38.73,3.71
B007,R07,54,32,Medium,Rain,Evening,Weekday,62.89,15.27
B002,R03,5,22,Medium,Clear,Night,Weekday,43.73,5.27
B023,R04,21,47,Low,Clear,Night,Weekend,29.17,0.12
B039,R08,20,27,Low,Clear,Evening,Weekday,25.79,7.15
B040,R04,59,21,Low,Cloudy,Afternoon,Weekend,44.5,6.33
B039,R07,41,27,Medium,Cloudy,Afternoon,Weekday,60.26,9.75
B021,R04,56,21,Low,Clear,Morning,Weekend,51.62,9.95
B023,R06,57,40,Low,Clear,Afternoon,Weekday,51.97,5.7
B029,R07,14,15,Medium,Clear,Afternoon,Weekday,48.47,7.35
B014,R01,42,31,High,Clear,Evening,Weekday,83.86,8.0
B026,R03,48,33,High,Clear,Morning,Weekday,84.37,14.74
B005,R06,35,45,Low,Clear,Night,Weekend,34.21,4.55
B031,R08,14,8,High,Clear,Morning,Weekday,74.02,13.83
B025,R03,58,36,Medium,Clear,Afternoon,Weekday,65.72,9.71
B031,R08,53,20,Medium,Clear,Morning,Weekday,74.38,7.94
B050,R07,38,40,Medium,Clear,Night,Weekday,62.18,6.19
B020,R06,55,37,Medium,Clear,Evening,Weekday,66.23,9.85
B044,R07,56,32,Low,Clear,Afternoon,Weekday,41.58,6.24
B017,R08,10,32,Medium,Rain,Afternoon,Weekend,46.68,9.21
B045,R08,32,31,Medium,Clear,Night,Weekday,55.76,5.39
B002,R06,32,13,Medium,Cloudy,Evening,Weekend,62.07,9.22
B025,R07,17,22,High,Clear,Morning,Weekday,63.31,10.82
B013,R01,45,12,Medium,Rain,Night,Weekday,67.78,10.53
B039,R03,16,33,Medium,Rain,Morning,Weekend,55.37,11.03
B028,R06,54,22,Medium,Clear,Evening,Weekday,63.4,11.44
B042,R01,44,8,High,Rain,Evening,Weekday,85.69,17.85
B006,R02,54,27,Medium,Clear,Evening,Weekday,74.02,13.65
B003,R07,59,31,High,Clear,Evening,Weekday,96.31,12.02
B035,R05,58,33,High,Clear,Morning,Weekday,94.26,12.86
B018,R06,6,34,Medium,Clear,Night,Weekday,51.6,3.27
B011,R04,12,40,Medium,Clear,Night,Weekend,46.33,2.69
B020,R01,46,39,Low,Clear,Morning,Weekday,42.78,7.5
B005,R01,13,20,High,Clear,Evening,Weekday,74.35,10.85
B019,R06,60,45,Low,Cloudy,Evening,Weekday,38.2,10.02
B022,R08,54,36,Medium,Clear,Afternoon,Weekend,65.58,7.81
B019,R01,12,34,Low,Clear,Afternoon,Weekday,21.92,2.41
B047,R02,55,18,Medium,Clear,Morning,Weekday,67.71,11.32
B016,R01,7,40,Medium,Clear,Night,Weekday,45.59,5.0
B024,R05,13,8,High,Clear,Afternoon,Weekday,69.44,12.29
B041,R05,17,25,Medium,Clear,Afternoon,Weekday,48.89,6.97
B004,R08,13,34,High,Clear,Night,Weekday,67.36,7.72
B015,R07,35,27,Medium,Clear,Afternoon,Weekday,62.35,6.35
B025,R07,29,33,Low,Rain,Night,Weekday,31.64,6.1
B044,R08,56,22,Low,Clear,Morning,Weekday,46.28,7.6
B035,R04,48,29,Medium,Clear,Afternoon,Weekday,59.42,9.66
B014,R02,59,38,Low,Clear,Evening,Weekday,49.44,10.67
B049,R05,49,10,Medium,Rain,Morning,Weekday,56.39,16.2
B019,R08,12,47,Low,Cloudy,Afternoon,Weekday,32.5,4.23
B038,R06,51,34,Medium,Clear,Night,Weekend,69.48,5.75
B036,R03,35,37,Medium,Clear,Morning,Weekend,52.59,5.7
B007,R03,49,20,Medium,Clear,Afternoon,Weekday,70.68,9.31
B030,R03,57,32,Low,Clear,Morning,Weekday,47.17,6.52
B019,R07,49,45,Low,Cloudy,Evening,Weekend,40.99,9.2
B049,R06,35,23,Medium,Cloudy,Afternoon,Weekday,59.37,9.32
B025,R01,21,34,Low,Clear,Afternoon,Weekday,22.24,4.93
B016,R06,51,38,Medium,Clear,Night,Weekday,63.77,7.97
B047,R01,58,18,Medium,Cloudy,Morning,Weekday,70.86,10.98
B040,R03,23,31,Low,Cloudy,Evening,Weekday,40.41,8.88
B008,R04,7,21,Medium,Rain,Night,Weekday,37.14,10.21
B018,R04,50,24,Medium,Clear,Afternoon,Weekday,59.04,7.72
B028,R08,34,42,Low,Cloudy,Night,Weekend,35.8,4.32
B016,R01,14,40,Medium,Clear,Night,Weekday,45.38,5.62
B019,R03,53,36,Low,Clear,Evening,Weekday,50.42,7.45
B042,R06,33,40,Medium,Cloudy,Afternoon,Weekday,64.11,6.23
B017,R04,44,8,High,Rain,Evening,Weekday,87.14,15.79
B045,R01,22,37,Low,Clear,Afternoon,Weekday,28.79,0.38
B013,R08,16,13,Medium,Cloudy,Morning,Weekday,55.26,10.53
B007,R06,53,28,Medium,Cloudy,Morning,Weekday,66.12,10.99
B027,R03,27,44,Low,Clear,Evening,Weekday,36.09,4.79
B010,R02,15,16,Medium,Rain,Night,Weekend,49.6,7.08
B034,R03,13,24,Medium,Clear,Afternoon,Weekday,48.74,9.38
B036,R07,58,26,Medium,Cloudy,Afternoon,Weekday,73.37,12.07
B025,R03,60,41,Medium,Clear,Evening,Weekday,74.03,9.59
B006,R08,28,14,High,Clear,Night,Weekday,77.63,12.09
B024,R06,29,20,High,Rain,Night,Weekday,71.88,12.23
B018,R08,59,20,Medium,Clear,Afternoon,Weekend,65.16,8.67
B023,R06,29,11,High,Clear,Morning,Weekday,78.22,11.58
B006,R05,51,32,Low,Rain,Afternoon,Weekend,47.17,8.91
B029,R05,13,29,Medium,Rain,Morning,Weekday,50.89,11.28
B025,R06,16,34,Low,Clear,Evening,Weekday,25.69,8.83
B017,R06,15,43,Low,Clear,Night,Weekday,31.21,3.47
B046,R02,53,28,Medium,Cloudy,Afternoon,Weekday,64.98,9.17
B024,R02,42,37,Medium,Clear,Evening,Weekday,59.17,10.53
B011,R03,32,25,Medium,Clear,Night,Weekday,61.87,8.58
B026,R08,12,16,Medium,Clear,Morning,Weekday,51.5,9.82
B034,R07,14,41,Medium,Cloudy,Evening,Weekday,48.09,10.07
B028,R08,29,27,Medium,Clear,Evening,Weekday,52.77,8.05
B003,R04,51,44,Low,Cloudy,Afternoon,Weekday,45.08,6.21
B011,R08,40,40,Medium,Cloudy,Evening,Weekend,60.74,6.94
B038,R07,54,47,Low,Clear,Evening,Weekday,45.06,5.91
B014,R02,47,19,Medium,Clear,Afternoon,Weekday,65.11,8.4
B026,R03,13,36,Low,Clear,Evening,Weekday,23.97,6.99
B048,R07,45,41,Low,Clear,Morning,Weekday,50.27,7.54
B021,R08,12,22,Medium,Clear,Afternoon,Weekend,36.09,5.98
B039,R01,7,33,Medium,Cloudy,Morning,Weekday,40.33,8.97
B030,R05,57,29,Medium,Clear,Afternoon,Weekday,72.36,9.91
B008,R07,22,46,Low,Cloudy,Night,Weekday,38.88,6.75
B020,R04,50,13,Medium,Cloudy,Evening,Weekend,62.01,9.95
B048,R03,39,8,High,Clear,Night,Weekday,78.35,10.2
B032,R07,21,25,High,Clear,Morning,Weekday,72.8,10.91
B022,R06,40,13,Medium,Rain,Night,Weekend,62.5,8.58
B007,R08,57,27,Low,Cloudy,Morning,Weekend,49.18,10.75
B009,R01,32,25,Medium,Rain,Night,Weekday,59.9,9.9
B045,R05,54,43,Low,Clear,Morning,Weekday,48.48,5.83
B001,R01,19,14,Low,Rain,Evening,Weekday,31.08,11.05
B029,R03,23,31,Low,Clear,Night,Weekend,39.34,4.39
B008,R08,26,30,High,Clear,Morning,Weekday,72.17,10.9
B004,R02,10,17,Medium,Clear,Morning,Weekday,43.79,9.83
B035,R05,51,39,Medium,Clear,Night,Weekday,63.98,6.08
B003,R08,11,13,Medium,Cloudy,Night,Weekday,42.55,8.53
B045,R01,48,43,Low,Clear,Night,Weekday,43.42,4.86
B040,R02,52,16,Medium,Rain,Evening,Weekday,62.92,13.24
B007,R04,13,29,Medium,Cloudy,Evening,Weekday,48.81,10.18
B027,R03,24,9,Medium,Rain,Evening,Weekend,54.38,9.95
B001,R03,41,16,High,Clear,Night,Weekday,81.71,11.85
B027,R05,15,47,Low,Cloudy,Morning,Weekday,29.49,7.82
B016,R01,6,26,High,Clear,Morning,Weekday,67.06,10.65
B038,R04,26,34,Medium,Clear,Morning,Weekday,47.87,11.44
B007,R06,52,15,Medium,Cloudy,Afternoon,Weekend,67.36,9.59
B044,R05,40,19,Medium,Clear,Night,Weekday,68.03,8.26
B023,R08,9,33,High,Clear,Morning,Weekday,61.84,8.44
B041,R06,11,42,Low,Cloudy,Night,Weekend,38.03,2.7
B011,R05,10,21,Medium,Clear,Night,Weekday,43.49,7.53
B042,R01,60,32,Medium,Clear,Morning,Weekend,71.24,8.51
B033,R04,26,33,Low,Clear,Night,Weekday,34.46,6.34
B050,R01,14,39,Low,Clear,Afternoon,Weekday,19.84,2.25
B036,R03,50,33,High,Cloudy,Afternoon,Weekday,81.0,8.12
B037,R06,44,21,Low,Clear,Morning,Weekday,45.3,8.7
B041,R02,50,21,Low,Cloudy,Night,Weekday,43.84,6.17
B017,R07,50,8,High,Cloudy,Afternoon,Weekday,80.65,11.51
B035,R08,24,35,Medium,Cloudy,Morning,Weekday,58.08,6.36
B048,R03,32,23,Low,Rain,Evening,Weekday,37.54,10.27
B005,R03,27,33,Medium,Clear,Evening,Weekday,52.79,8.61
B048,R06,39,20,Medium,Clear,Evening,Weekday,70.92,9.61
B032,R08,5,21,High,Clear,Evening,Weekday,57.5,11.5
B003,R05,33,40,Medium,Clear,Afternoon,Weekday,51.34,5.14
B047,R03,13,26,High,Clear,Morning,Weekday,64.51,12.48
B035,R07,13,42,Low,Rain,Afternoon,Weekday,27.89,6.89
B014,R04,26,21,Medium,Rain,Evening,Weekday,55.26,11.48
B048,R03,6,21,Low,Clear,Night,Weekday,19.36,0.84
B031,R04,20,49,Low,Clear,Evening,Weekday,23.04,8.63
B031,R01,44,38,Medium,Clear,Night,Weekday,64.92,8.13
B017,R08,10,37,Low,Rain,Morning,Weekday,22.79,9.89
B024,R05,59,33,Medium,Rain,Afternoon,Weekday,69.54,11.8
B023,R04,17,27,High,Clear,Night,Weekday,68.93,10.27
B018,R03,37,36,Medium,Cloudy,Evening,Weekday,63.28,9.61
B050,R05,23,49,Low,Clear,Afternoon,Weekday,28.94,4.38
B014,R07,19,18,Medium,Clear,Night,Weekend,57.44,7.2
B050,R05,37,15,High,Clear,Morning,Weekday,77.77,13.44
B015,R04,14,27,Medium,Cloudy,Night,Weekend,40.29,7.32
B015,R08,5,21,Medium,Clear,Night,Weekend,37.46,6.71
B006,R04,16,50,Low,Clear,Morning,Weekend,22.74,5.29
B027,R02,47,47,Low,Clear,Afternoon,Weekday,39.86,6.38
B015,R02,33,22,Medium,Clear,Morning,Weekday,57.79,8.81
B050,R05,21,28,Low,Cloudy,Afternoon,Weekday,35.53,4.49
B036,R06,8,8,High,Clear,Afternoon,Weekday,52.89,11.36
B008,R08,33,20,Medium,Rain,Afternoon,Weekday,60.97,9.8
B015,R06,59,30,Medium,Clear,Night,Weekday,76.57,9.21
B003,R02,11,23,High,Clear,Evening,Weekday,75.76,9.58
B047,R03,48,8,High,Clear,Evening,Weekend,86.1,12.34
B013,R01,17,23,Medium,Clear,Night,Weekday,39.61,3.55
B041,R05,9,13,High,Clear,Afternoon,Weekday,57.78,8.83
B034,R01,10,17,High,Clear,Morning,Weekend,69.46,10.18
B024,R02,38,16,High,Rain,Morning,Weekday,79.47,13.5
B040,R04,57,23,High,Cloudy,Evening,Weekend,85.35,9.28
B032,R07,11,16,Medium,Rain,Afternoon,Weekend,38.04,8.09
B032,R05,50,34,Medium,Clear,Night,Weekday,59.62,7.42
B030,R02,58,23,Low,Clear,Night,Weekday,51.62,8.04
B049,R08,32,39,Low,Clear,Evening,Weekday,38.4,6.89
B013,R03,50,44,Low,Cloudy,Afternoon,Weekday,49.83,3.87
B001,R07,14,21,Low,Rain,Morning,Weekday,33.6,11.31
B034,R05,8,18,Medium,Rain,Morning,Weekday,39.61,14.08
B015,R05,7,50,Low,Clear,Night,Weekday,28.11,1.97
B044,R08,29,8,High,Clear,Evening,Weekday,70.79,15.62
B014,R06,27,12,High,Clear,Night,Weekday,72.88,10.12
B029,R04,31,46,Low,Clear,Morning,Weekday,31.84,6.56
B034,R05,18,21,Low,Clear,Night,Weekend,32.85,6.81
B018,R04,42,15,High,Clear,Afternoon,Weekday,78.1,12.76
B007,R02,36,31,High,Clear,Morning,Weekday,81.24,10.39
B029,R03,27,15,High,Clear,Morning,Weekday,75.89,13.68
B031,R07,51,16,High,Clear,Night,Weekday,91.19,11.96
B025,R07,44,24,High,Cloudy,Night,Weekday,84.92,10.04
B038,R03,41,22,Medium,Clear,Evening,Weekday,69.85,9.41
B014,R05,7,42,Low,Clear,Night,Weekday,20.29,3.43
B008,R05,39,11,High,Cloudy,Afternoon,Weekday,83.47,12.19
B027,R02,17,47,Low,Cloudy,Evening,Weekday,30.51,5.15
B002,R06,38,24,High,Clear,Evening,Weekday,75.23,12.41
B017,R06,28,16,Medium,Rain,Morning,Weekday,58.78,11.67
B037,R06,5,12,High,Clear,Afternoon,Weekday,66.75,11.0
B014,R04,16,31,Low,Clear,Afternoon,Weekend,24.77,2.67
B025,R06,12,22,Medium,Clear,Evening,Weekday,37.64,12.71
B030,R03,23,30,Medium,Clear,Evening,Weekday,50.98,9.48
B029,R07,13,32,High,Cloudy,Morning,Weekend,63.07,7.87
B020,R07,32,47,Low,Clear,Night,Weekday,36.81,3.55
B021,R04,18,11,High,Clear,Afternoon,Weekday,69.05,8.71
B022,R02,31,23,High,Rain,Afternoon,Weekday,84.41,13.86
B035,R03,22,36,Medium,Clear,Morning,Weekday,47.31,8.59
B037,R07,46,10,High,Cloudy,Evening,Weekday,85.96,13.93
B016,R03,45,32,Medium,Clear,Afternoon,Weekend,55.74,7.47
B050,R07,10,44,Low,Clear,Morning,Weekday,20.1,4.11
B049,R01,37,46,Low,Clear,Evening,Weekday,36.29,6.16
B043,R02,41,17,High,Cloudy,Morning,Weekend,76.27,8.42
B017,R02,46,40,Medium,Cloudy,Afternoon,Weekday,65.18,10.16
B016,R08,29,43,Low,Clear,Evening,Weekday,34.36,4.48
B002,R01,17,39,Medium,Clear,Morning,Weekday,52.62,6.78
B004,R04,58,28,Medium,Rain,Morning,Weekday,63.87,12.36
B021,R07,27,34,Low,Rain,Morning,Weekday,34.39,9.52
B039,R08,40,13,Medium,Clear,Afternoon,Weekday,56.28,9.29
B034,R07,37,39,Low,Clear,Afternoon,Weekday,44.86,5.87
B030,R07,25,43,Low,Rain,Night,Weekday,27.37,9.87
B006,R06,38,23,Medium,Clear,Afternoon,Weekday,50.21,8.88
B017,R06,60,12,Medium,Cloudy,Morning,Weekend,67.07,8.92
B039,R06,40,47,Low,Clear,Afternoon,Weekend,34.39,5.96
B025,R06,21,37,Medium,Cloudy,Morning,Weekday,51.22,10.15
B005,R06,14,40,Low,Clear,Morning,Weekday,29.91,6.14
B005,R01,27,48,Low,Cloudy,Morning,Weekday,37.15,6.41
B020,R02,48,49,Low,Cloudy,Evening,Weekday,33.32,5.77
B016,R04,6,22,Low,Rain,Night,Weekday,26.61,9.34
B041,R03,39,20,Low,Cloudy,Night,Weekday,40.64,5.48
B037,R06,18,18,High,Rain,Morning,Weekend,72.51,11.68
B040,R01,51,14,Medium,Rain,Afternoon,Weekday,69.9,13.09
B009,R08,49,27,Low,Clear,Night,Weekday,41.41,8.11
B005,R08,45,32,Low,Clear,Morning,Weekday,37.98,6.19
B042,R07,6,33,Low,Cloudy,Afternoon,Weekday,24.64,3.8
B002,R04,23,8,High,Rain,Evening,Weekday,76.32,14.65
B009,R08,20,12,Medium,Clear,Evening,Weekday,43.74,12.03
B043,R04,47,25,Low,Cloudy,Morning,Weekend,43.82,6.64
B036,R04,48,23,Medium,Clear,Afternoon,Weekday,61.41,8.21
B022,R01,29,31,Medium,Clear,Evening,Weekday,51.89,11.29
B022,R03,5,34,Low,Cloudy,Evening,Weekend,20.55,3.15
B022,R06,6,24,Medium,Cloudy,Evening,Weekday,46.28,8.0
B034,R04,52,26,Medium,Cloudy,Afternoon,Weekday,68.89,4.84
B029,R01,31,37,Low,Rain,Morning,Weekday,31.06,5.68
B038,R07,6,39,Medium,Clear,Morning,Weekday,36.13,6.3
B046,R02,34,27,Medium,Clear,Evening,Weekend,62.37,6.2
B033,R07,55,28,Medium,Rain,Morning,Weekday,71.51,10.71
B018,R01,14,31,Low,Clear,Night,Weekend,33.19,0.79
B007,R01,23,31,Medium,Clear,Evening,Weekday,54.24,8.55
B001,R01,46,22,Medium,Cloudy,Afternoon,Weekday,69.67,9.68
B033,R04,20,16,Medium,Rain,Morning,Weekday,38.42,12.04
B001,R01,17,38,Medium,Cloudy,Afternoon,Weekday,47.92,7.64
B024,R02,52,21,Low,Cloudy,Morning,Weekend,42.53,5.74
B004,R04,54,40,Medium,Clear,Afternoon,Weekend,76.93,9.18
B004,R07,60,40,Medium,Clear,Afternoon,Weekday,64.0,7.65
B018,R02,12,26,Medium,Rain,Morning,Weekday,39.28,9.15
B027,R08,60,33,High,Cloudy,Evening,Weekday,86.86,12.01
B043,R05,54,8,High,Clear,Evening,Weekday,84.37,14.48
B032,R07,35,36,Low,Clear,Afternoon,Weekday,35.62,6.52
B033,R01,49,33,High,Cloudy,Night,Weekday,89.02,11.63
B028,R06,29,25,Medium,Clear,Afternoon,Weekday,61.91,7.91
B042,R06,43,38,Medium,Cloudy,Night,Weekday,66.35,7.18
B041,R04,25,10,High,Clear,Evening,Weekday,84.89,13.12
B036,R06,59,31,Medium,Clear,Night,Weekday,75.92,10.38
B006,R07,60,25,Medium,Cloudy,Morning,Weekday,66.84,9.4
B016,R04,54,34,High,Clear,Night,Weekend,86.44,7.57
B034,R07,42,28,Low,Clear,Morning,Weekday,44.95,7.6
B023,R01,45,43,Low,Rain,Afternoon,Weekday,36.72,9.34
B050,R03,33,40,Medium,Cloudy,Night,Weekday,54.94,5.93
B042,R03,10,13,High,Clear,Morning,Weekday,68.25,12.37
B024,R02,22,29,High,Clear,Afternoon,Weekday,80.56,9.59
B049,R01,53,30,Low,Clear,Night,Weekend,46.67,4.87
B013,R06,48,33,High,Cloudy,Night,Weekday,84.96,8.78
B018,R01,39,30,Low,Clear,Morning,Weekday,42.08,7.98
B013,R05,31,30,High,Clear,Afternoon,Weekday,66.83,7.49
B049,R03,9,30,Medium,Clear,Morning,Weekday,42.7,10.09
B037,R06,11,50,Low,Clear,Night,Weekend,21.23,4.51
B043,R07,14,48,Low,Clear,Afternoon,Weekend,30.89,2.27
B039,R07,14,47,Low,Clear,Evening,Weekday,24.81,8.52
B042,R03,55,25,Low,Rain,Evening,Weekday,53.58,11.87
B017,R01,32,8,High,Rain,Evening,Weekend,78.18,13.78
B015,R06,40,35,Low,Clear,Night,Weekday,39.2,5.03
B018,R02,14,34,High,Cloudy,Evening,Weekday,64.19,9.94
B023,R07,54,21,Medium,Cloudy,Night,Weekday,63.43,8.28
B030,R01,39,42,Medium,Clear,Afternoon,Weekend,67.56,4.56
B034,R02,57,29,Low,Clear,Morning,Weekday,38.32,9.9
B004,R08,39,31,High,Clear,Night,Weekday,79.08,9.17
B003,R06,41,23,Medium,Cloudy,Afternoon,Weekday,60.93,5.58
B007,R03,52,8,High,Cloudy,Afternoon,Weekend,74.7,14.51
B018,R08,24,24,High,Rain,Afternoon,Weekday,78.54,12.92
B042,R05,17,37,Low,Cloudy,Morning,Weekend,29.55,2.21
B007,R08,15,32,Low,Rain,Night,Weekday,31.16,5.16
B040,R04,49,24,High,Rain,Afternoon,Weekday,88.22,10.44
B006,R03,23,24,High,Rain,Evening,Weekday,76.05,14.06
B022,R02,32,22,Medium,Clear,Evening,Weekday,60.05,10.79
B001,R01,42,18,Medium,Clear,Afternoon,Weekday,65.05,9.22
B004,R08,60,25,Medium,Cloudy,Evening,Weekday,71.95,10.25
B046,R07,49,27,Low,Cloudy,Evening,Weekday,49.44,7.7
B049,R06,8,49,Low,Clear,Night,Weekend,37.63,2.45
B050,R08,58,8,Medium,Rain,Morning,Weekend,64.73,12.35
B043,R03,41,15,Low,Rain,Night,Weekday,43.07,9.8
B029,R07,23,21,Medium,Cloudy,Afternoon,Weekend,55.69,8.01
B021,R07,41,12,High,Clear,Afternoon,Weekend,72.81,9.13
B026,R05,57,11,High,Rain,Evening,Weekday,97.97,18.37
B014,R06,18,34,High,Clear,Night,Weekday,72.25,6.36
B009,R08,35,11,High,Clear,Afternoon,Weekday,79.06,10.25
B047,R02,32,17,Medium,Rain,Afternoon,Weekday,54.2,11.03
B012,R06,40,25,High,Cloudy,Evening,Weekend,84.23,8.99
B042,R08,48,28,High,Clear,Evening,Weekday,78.42,12.32
B006,R06,42,20,High,Rain,Afternoon,Weekday,89.65,13.61
B020,R01,23,18,Medium,Clear,Night,Weekday,56.74,6.18
B024,R04,46,32,Low,Cloudy,Morning,Weekend,42.39,5.53
B027,R08,5,25,Low,Cloudy,Night,Weekday,29.71,4.0
B038,R07,27,29,Low,Clear,Evening,Weekday,24.8,5.22
B008,R02,59,22,High,Clear,Afternoon,Weekday,84.46,11.36
B001,R08,32,32,Medium,Rain,Evening,Weekend,56.31,10.5
B049,R08,52,14,High,Clear,Afternoon,Weekend,86.52,8.98
B049,R01,8,40,Medium,Clear,Afternoon,Weekday,46.27,5.28
B024,R07,45,27,Medium,Clear,Morning,Weekday,63.56,9.7
B047,R04,22,41,Low,Clear,Evening,Weekday,37.25,3.03
B007,R01,53,32,Low,Rain,Morning,Weekend,39.23,9.27
B019,R04,51,32,Medium,Clear,Night,Weekday,55.95,6.91
B022,R04,55,34,Medium,Cloudy,Evening,Weekend,60.53,6.48
B035,R04,43,48,Low,Clear,Morning,Weekday,35.04,7.2
B030,R01,29,10,High,Rain,Evening,Weekend,74.73,13.08
B029,R06,22,34,Medium,Cloudy,Morning,Weekday,50.35,10.74
B022,R08,10,31,High,Clear,Morning,Weekday,66.68,9.9
B011,R04,23,21,Low,Rain,Evening,Weekday,33.39,10.56
B020,R06,57,27,Medium,Clear,Night,Weekday,69.97,9.51
B029,R08,16,28,Low,Cloudy,Morning,Weekday,20.41,9.38
B041,R07,29,8,High,Rain,Morning,Weekday,73.53,14.02
B042,R08,39,17,Medium,Cloudy,Evening,Weekday,57.07,12.6
B034,R07,5,40,Medium,Cloudy,Night,Weekday,48.76,5.02
B001,R02,9,21,High,Clear,Evening,Weekday,66.39,10.6
B031,R05,5,43,Low,Clear,Afternoon,Weekday,31.95,3.38
B030,R06,12,38,Low,Clear,Evening,Weekend,21.22,4.92
B048,R08,43,13,High,Rain,Afternoon,Weekday,80.16,13.12
B018,R07,51,8,Medium,Rain,Morning,Weekday,70.23,11.79
B017,R05,47,40,Low,Clear,Night,Weekend,41.18,4.37
B038,R04,22,30,Medium,Clear,Night,Weekday,53.05,6.59
B014,R05,50,49,Low,Clear,Evening,Weekday,42.12,8.5
B023,R05,13,42,Low,Clear,Afternoon,Weekday,32.49,3.85
B025,R04,9,38,Medium,Clear,Evening,Weekday,37.64,5.26
B015,R06,59,24,High,Cloudy,Night,Weekday,99.25,10.22
B046,R08,8,15,Medium,Rain,Afternoon,Weekend,48.02,10.04
B022,R04,48,37,Medium,Cloudy,Night,Weekday,66.66,5.27
B003,R02,33,24,High,Cloudy,Afternoon,Weekend,78.64,5.67
B019,R03,5,41,Low,Cloudy,Evening,Weekend,19.2,5.47
B044,R08,34,22,Medium,Cloudy,Morning,Weekday,60.72,11.11
B034,R01,60,14,High,Clear,Morning,Weekday,87.59,14.23
B035,R04,49,41,Low,Clear,Afternoon,Weekday,34.17,7.01
B050,R04,5,36,Medium,Clear,Afternoon,Weekday,43.15,4.39
B001,R05,7,22,High,Cloudy,Morning,Weekday,59.97,10.81
B021,R02,26,8,High,Rain,Evening,Weekend,73.92,14.85
B029,R07,12,46,Low,Cloudy,Evening,Weekday,26.11,7.31
B006,R07,60,35,Low,Rain,Night,Weekday,43.11,10.39
B037,R05,22,35,Low,Clear,Night,Weekday,39.19,5.95
B001,R06,29,36,Medium,Cloudy,Morning,Weekend,51.36,6.47
B001,R08,52,25,Medium,Rain,Morning,Weekday,71.52,9.94
B027,R04,56,34,Medium,Cloudy,Morning,Weekday,64.62,6.54
B021,R08,24,8,High,Rain,Afternoon,Weekend,72.25,13.03
B016,R08,35,28,Low,Cloudy,Night,Weekday,39.08,7.22
B044,R04,34,27,High,Clear,Morning,Weekday,67.0,10.01
B040,R05,20,31,Low,Clear,Morning,Weekday,27.08,7.63
B026,R08,6,31,Low,Cloudy,Night,Weekday,24.48,5.33
B016,R04,21,8,Medium,Rain,Morning,Weekday,50.95,11.18
B028,R06,14,46,Low,Clear,Morning,Weekday,27.33,6.87
B001,R08,11,17,Medium,Cloudy,Evening,Weekday,50.22,10.17
B036,R03,46,8,High,Cloudy,Night,Weekend,79.11,7.57
B010,R01,55,48,Low,Clear,Evening,Weekday,47.99,6.47
B043,R01,56,24,Medium,Clear,Night,Weekend,61.35,9.42
B017,R01,13,49,Low,Clear,Morning,Weekday,24.11,3.76
B023,R03,58,23,Low,Clear,Afternoon,Weekday,55.27,8.85
B007,R04,21,20,Medium,Clear,Afternoon,Weekday,50.69,9.65
B044,R05,13,10,High,Clear,Evening,Weekday,64.26,10.96
B007,R07,13,17,Medium,Clear,Afternoon,Weekday,42.54,6.18
B044,R02,41,29,Medium,Cloudy,Afternoon,Weekday,53.71,8.88
B015,R04,28,18,High,Cloudy,Evening,Weekend,78.87,11.82
B034,R03,43,19,High,Cloudy,Morning,Weekend,92.19,11.95
B046,R08,15,20,Low,Clear,Night,Weekday,25.45,5.59
B045,R06,12,14,Medium,Rain,Morning,Weekend,36.99,13.1
B004,R03,29,34,Medium,Rain,Evening,Weekday,62.26,12.89
B014,R08,50,8,Medium,Rain,Morning,Weekday,60.55,13.3
B014,R07,6,42,Medium,Clear,Morning,Weekend,44.94,7.03
B016,R01,14,37,Low,Rain,Evening,Weekday,29.65,9.12
B007,R04,57,15,Medium,Cloudy,Evening,Weekday,74.15,9.51
B032,R07,28,29,Medium,Clear,Evening,Weekday,52.87,7.13
B019,R01,52,24,Medium,Clear,Afternoon,Weekday,68.33,8.71
B002,R02,20,27,High,Cloudy,Evening,Weekday,68.38,10.19
B010,R08,23,25,High,Clear,Evening,Weekday,61.54,9.76
B050,R08,35,12,Medium,Clear,Evening,Weekend,55.43,9.43
B017,R06,15,31,Medium,Clear,Evening,Weekday,49.37,9.56
B037,R01,10,21,Medium,Cloudy,Morning,Weekday,40.01,9.27
B012,R02,10,25,Medium,Rain,Evening,Weekend,45.46,10.48
B006,R08,36,8,High,Cloudy,Night,Weekday,79.35,8.75
B022,R03,43,13,Medium,Cloudy,Evening,Weekday,68.2,8.48
B032,R01,52,28,Low,Clear,Night,Weekend,41.37,7.64
B041,R01,17,12,Medium,Cloudy,Night,Weekend,49.72,7.21
B020,R05,7,26,Medium,Clear,Afternoon,Weekday,38.04,8.02
B001,R06,60,31,Medium,Rain,Afternoon,Weekend,59.08,10.22
B047,R06,60,26,Medium,Clear,Morning,Weekend,67.62,8.3
B006,R07,45,43,Low,Clear,Evening,Weekday,39.77,6.56
B019,R03,60,47,Low,Clear,Evening,Weekday,51.72,9.19
B018,R05,39,39,Low,Rain,Night,Weekday,45.31,8.62
B006,R07,42,29,Medium,Rain,Evening,Weekday,61.54,11.3
B045,R02,21,21,Low,Clear,Night,Weekday,27.25,7.3
B033,R07,7,15,High,Clear,Afternoon,Weekend,59.39,7.34
B023,R02,38,37,Low,Cloudy,Morning,Weekday,44.83,7.45
B023,R03,16,19,High,Rain,Afternoon,Weekday,71.43,9.55
B026,R08,28,29,Low,Clear,Evening,Weekday,29.58,7.31
B013,R06,10,49,Low,Clear,Night,Weekday,18.17,3.66
B007,R08,46,24,Medium,Clear,Afternoon,Weekday,58.58,7.67
B015,R02,15,28,Low,Cloudy,Evening,Weekday,32.44,8.32
B044,R03,52,29,High,Clear,Night,Weekday,81.28,8.36
B027,R08,31,44,Low,Clear,Evening,Weekday,37.8,7.65
B026,R07,52,14,Medium,Clear,Evening,Weekday,74.46,12.05
B033,R02,28,26,High,Cloudy,Morning,Weekday,70.02,9.78
B015,R04,22,26,Medium,Rain,Afternoon,Weekday,49.12,7.44
B036,R01,31,20,Low,Rain,Evening,Weekend,35.34,12.31
B045,R07,58,33,Low,Cloudy,Evening,Weekday,40.97,8.44
B027,R06,59,28,Medium,Rain,Morning,Weekday,65.95,11.9
B005,R08,60,43,Low,Clear,Morning,Weekday,50.89,6.67
B002,R07,45,35,Medium,Cloudy,Night,Weekday,57.64,6.13
B033,R04,25,30,High,Clear,Evening,Weekday,83.19,11.98
B016,R03,55,29,High,Cloudy,Evening,Weekday,85.04,12.47
B023,R03,38,28,Low,Rain,Evening,Weekday,38.11,8.48
B038,R07,60,18,Low,Rain,Evening,Weekday,47.13,12.34
B016,R04,37,28,Low,Clear,Morning,Weekday,37.28,5.57
B014,R08,52,32,Medium,Cloudy,Afternoon,Weekday,62.39,9.31
B029,R07,58,8,Medium,Rain,Morning,Weekday,58.62,13.13
B026,R01,22,26,High,Clear,Night,Weekday,69.2,10.95
B035,R01,7,30,Medium,Cloudy,Morning,Weekday,52.53,10.19
B015,R05,28,43,Low,Clear,Afternoon,Weekend,42.14,2.9
B003,R02,5,19,Medium,Rain,Evening,Weekday,37.23,10.62
B023,R05,10,50,Low,Clear,Night,Weekday,17.02,0.98
B029,R08,23,43,Low,Clear,Night,Weekday,21.24,1.42
B034,R01,26,30,Low,Cloudy,Evening,Weekday,28.14,5.19
B033,R04,55,40,Low,Clear,Afternoon,Weekend,44.72,3.99
B041,R02,47,21,Medium,Clear,Morning,Weekend,65.51,5.7
B041,R08,12,19,Medium,Cloudy,Evening,Weekend,43.92,9.67
B023,R04,9,15,Low,Rain,Afternoon,Weekday,28.89,9.17
B007,R08,56,22,High,Clear,Afternoon,Weekend,90.97,10.6
B003,R05,13,8,Medium,Rain,Afternoon,Weekday,48.23,12.74
B032,R03,51,41,Low,Rain,Evening,Weekday,44.89,8.31
B031,R04,25,32,Low,Cloudy,Afternoon,Weekday,37.44,3.58
B018,R05,32,20,Medium,Cloudy,Night,Weekend,59.17,8.97
B043,R05,50,24,High,Clear,Night,Weekday,77.7,9.63
B007,R05,8,33,Medium,Clear,Morning,Weekend,46.64,7.37
B041,R03,60,23,High,Clear,Morning,Weekday,87.13,9.23
B001,R03,28,41,Medium,Clear,Afternoon,Weekend,58.6,7.05
B014,R07,12,24,Medium,Clear,Afternoon,Weekday,49.28,7.69
B032,R03,56,20,Medium,Clear,Afternoon,Weekday,76.6,6.98
B006,R02,21,31,Medium,Cloudy,Morning,Weekend,40.51,9.66
B039,R03,38,30,Medium,Cloudy,Night,Weekday,60.54,7.95
B010,R03,24,12,High,Rain,Night,Weekday,68.75,15.8
B007,R03,20,37,Low,Clear,Evening,Weekend,40.65,2.55
B026,R08,14,30,Medium,Clear,Morning,Weekend,31.83,7.79
B034,R04,38,28,Medium,Clear,Afternoon,Weekday,61.19,6.97
B030,R03,47,23,Medium,Clear,Night,Weekday,66.29,8.19
B036,R02,14,30,Low,Cloudy,Evening,Weekday,16.31,7.18
B021,R08,34,35,Medium,Clear,Night,Weekday,59.6,4.46
B017,R05,34,28,Medium,Clear,Evening,Weekday,46.91,12.88
B033,R04,55,17,Medium,Clear,Afternoon,Weekday,63.88,12.04
B010,R01,29,34,High,Clear,Afternoon,Weekday,76.54,9.18
B047,R08,50,38,Medium,Clear,Night,Weekday,60.11,5.58
B042,R03,47,34,Low,Clear,Morning,Weekday,43.88,7.03
B012,R08,45,8,High,Clear,Night,Weekday,82.47,11.91
B016,R07,11,17,High,Clear,Morning,Weekday,68.17,9.96
B041,R07,51,46,Low,Clear,Night,Weekday,40.16,6.45
B032,R08,24,46,Low,Cloudy,Morning,Weekday,36.63,5.8
B015,R05,21,22,Low,Clear,Afternoon,Weekend,16.05,4.77
B027,R05,7,36,Medium,Clear,Evening,Weekend,51.09,8.17
B028,R04,51,15,High,Clear,Morning,Weekday,84.22,10.15
B017,R07,50,32,High,Clear,Afternoon,Weekday,84.23,8.65
B046,R01,44,28,High,Clear,Evening,Weekday,83.54,11.75
B050,R06,40,25,Low,Clear,Afternoon,Weekend,40.95,4.28
B002,R07,30,34,Medium,Clear,Afternoon,Weekday,54.99,4.95
B036,R08,14,24,Low,Clear,Afternoon,Weekday,33.24,3.69
B050,R07,38,19,Low,Rain,Morning,Weekday,31.37,10.79
B007,R02,18,10,Medium,Rain,Afternoon,Weekday,44.23,11.41
B013,R06,12,40,Low,Clear,Afternoon,Weekend,28.17,6.53
B015,R05,59,30,Medium,Clear,Afternoon,Weekend,67.67,9.18
B025,R06,31,25,Medium,Cloudy,Morning,Weekday,61.95,7.68
B023,R07,14,14,High,Rain,Night,Weekday,78.19,14.19
B022,R05,54,33,Low,Rain,Afternoon,Weekday,47.03,8.9
B026,R06,19,17,High,Clear,Night,Weekday,60.9,9.58
B033,R05,41,11,High,Clear,Afternoon,Weekday,76.1,10.14
B011,R05,26,17,High,Cloudy,Morning,Weekday,62.79,9.2
B010,R04,49,17,High,Rain,Night,Weekday,87.59,13.51
B025,R01,54,30,Medium,Clear,Afternoon,Weekday,62.27,6.42
B037,R05,35,37,Medium,Cloudy,Night,Weekend,56.7,5.6
B048,R02,6,42,Medium,Clear,Evening,Weekday,41.55,9.22
B043,R07,49,14,Medium,Clear,Night,Weekday,70.15,10.98
B038,R07,35,26,Medium,Clear,Afternoon,Weekday,57.78,7.55
B041,R02,18,24,High,Clear,Night,Weekday,67.65,10.7
B045,R03,14,41,Medium,Cloudy,Afternoon,Weekday,42.4,6.29
B024,R05,34,35,Low,Cloudy,Night,Weekday,40.02,7.61
B040,R08,40,29,Medium,Rain,Night,Weekday,54.49,8.61
B046,R05,51,34,Low,Clear,Morning,Weekday,39.23,7.43
B033,R05,44,25,Medium,Clear,Morning,Weekday,59.03,9.13
B017,R08,19,34,Low,Clear,Night,Weekday,39.92,5.45
B024,R06,18,35,Medium,Clear,Morning,Weekday,48.5,8.54
B037,R05,35,10,High,Cloudy,Morning,Weekday,77.24,12.48
B002,R05,33,16,Medium,Clear,Evening,Weekday,58.09,14.0
B032,R02,31,28,Low,Clear,Afternoon,Weekend,36.66,3.06
B024,R01,25,27,Medium,Clear,Afternoon,Weekday,51.41,6.14
B009,R01,13,47,Low,Clear,Evening,Weekday,21.66,7.01
B004,R03,24,13,Medium,Cloudy,Night,Weekend,49.8,8.09
B017,R02,39,33,Medium,Clear,Morning,Weekday,58.47,7.73
B017,R05,19,19,High,Rain,Afternoon,Weekday,62.42,14.09
B050,R01,28,26,Low,Cloudy,Evening,Weekday,32.92,7.9
B048,R04,53,23,Medium,Clear,Afternoon,Weekday,67.48,8.97
B030,R04,20,30,High,Clear,Night,Weekday,67.32,7.91
B040,R04,40,32,High,Cloudy,Evening,Weekday,86.19,12.1
B011,R05,15,35,Low,Clear,Night,Weekend,28.88,1.82
B021,R05,12,15,Medium,Cloudy,Night,Weekday,42.19,6.68
B021,R08,7,21,Low,Clear,Evening,Weekday,21.43,8.71
B018,R03,23,28,Medium,Clear,Afternoon,Weekend,57.64,2.35
B029,R07,50,29,Low,Rain,Morning,Weekday,41.92,9.58
B024,R03,45,8,High,Cloudy,Morning,Weekend,78.49,12.91
B010,R03,7,35,Low,Clear,Evening,Weekday,19.27,8.45
B045,R06,40,34,Medium,Clear,Morning,Weekday,60.37,9.22
B017,R04,29,38,Medium,Clear,Night,Weekday,55.6,7.95
B018,R05,40,8,High,Cloudy,Afternoon,Weekend,83.4,11.3
B042,R04,15,18,Medium,Clear,Evening,Weekday,43.87,8.71
B048,R03,55,47,Low,Clear,Night,Weekday,55.09,4.65
B020,R05,20,25,Low,Rain,Night,Weekday,32.55,8.25
B037,R02,59,28,Low,Clear,Afternoon,Weekday,47.42,9.9
B045,R08,58,11,High,Clear,Afternoon,Weekday,93.13,12.42
B018,R01,21,12,Medium,Cloudy,Morning,Weekday,60.02,9.78
B017,R01,46,41,Medium,Clear,Afternoon,Weekday,65.43,5.15
B009,R03,28,23,Low,Clear,Evening,Weekday,42.8,7.48
B014,R07,21,24,High,Clear,Evening,Weekday,65.45,10.74
B049,R04,52,11,Medium,Rain,Afternoon,Weekday,56.36,13.29
B029,R02,24,14,High,Clear,Afternoon,Weekday,74.66,9.35
B031,R05,26,19,Medium,Clear,Night,Weekday,58.68,8.25
B004,R07,10,27,Low,Cloudy,Evening,Weekday,18.37,7.32
B018,R04,11,31,Medium,Clear,Morning,Weekend,51.71,7.35
B020,R03,18,49,Low,Cloudy,Night,Weekend,26.82,1.63
B047,R04,15,22,Medium,Clear,Night,Weekday,50.55,6.64
B043,R03,16,18,Medium,Cloudy,Morning,Weekday,49.32,9.78
B044,R06,50,47,Low,Cloudy,Morning,Weekday,47.32,5.64
B009,R01,9,23,Low,Rain,Afternoon,Weekend,27.33,4.24
B013,R07,9,37,Low,Clear,Afternoon,Weekend,24.07,3.48
B015,R01,24,21,High,Rain,Night,Weekday,69.84,9.24
B027,R04,58,41,Low,Clear,Evening,Weekend,50.72,6.6
B015,R02,59,23,Low,Cloudy,Evening,Weekend,48.12,6.72
B028,R05,19,25,Low,Clear,Night,Weekday,26.03,5.13
B037,R03,30,42,Medium,Clear,Evening,Weekday,56.59,11.0
B019,R05,37,18,Medium,Clear,Evening,Weekday,55.51,11.55
B026,R01,34,13,High,Clear,Morning,Weekday,76.03,11.34
B026,R08,28,27,Low,Clear,Afternoon,Weekday,31.34,3.74
B025,R02,27,15,Medium,Cloudy,Afternoon,Weekday,61.3,5.64
B026,R02,13,20,Medium,Clear,Night,Weekday,47.03,5.48
B026,R05,7,9,High,Cloudy,Morning,Weekend,55.58,9.08
B046,R01,40,36,Low,Clear,Evening,Weekend,46.23,4.67
B028,R08,52,38,Low,Clear,Night,Weekday,36.94,6.44
B049,R05,11,25,Medium,Clear,Night,Weekend,56.2,5.88
B018,R04,26,20,Low,Clear,Evening,Weekday,33.2,10.59
B032,R02,18,25,Low,Clear,Afternoon,Weekday,25.88,3.9
B003,R02,52,26,Medium,Rain,Evening,Weekday,64.18,12.54
B002,R04,33,18,Medium,Clear,Night,Weekday,48.54,5.83
B033,R01,54,12,Medium,Cloudy,Afternoon,Weekday,66.48,9.86
B042,R02,20,28,Medium,Clear,Night,Weekend,47.77,3.28
B019,R07,52,25,Medium,Rain,Morning,Weekday,65.69,10.95
B017,R08,38,32,Medium,Clear,Afternoon,Weekday,63.5,7.43
B044,R06,14,21,Medium,Rain,Night,Weekday,48.52,5.42
B033,R06,11,18,Medium,Clear,Night,Weekend,39.72,5.52
B012,R06,29,33,Low,Clear,Morning,Weekday,29.55,6.03
B049,R03,31,26,Low,Clear,Evening,Weekday,36.76,9.2
B003,R07,19,33,Medium,Clear,Afternoon,Weekend,51.95,6.51
B043,R03,36,24,Medium,Clear,Night,Weekday,57.64,8.02
B049,R01,32,26,High,Clear,Night,Weekend,78.78,7.39
B026,R04,13,39,Medium,Cloudy,Night,Weekday,47.21,5.55
B035,R05,11,41,Low,Clear,Night,Weekend,26.36,3.95
B008,R07,60,45,Low,Clear,Evening,Weekend,54.2,7.02
B036,R08,20,37,Low,Clear,Evening,Weekend,39.61,7.68
B007,R01,30,32,Medium,Cloudy,Evening,Weekday,56.49,9.17
B046,R05,39,18,Medium,Clear,Afternoon,Weekday,74.91,8.99
B046,R01,21,13,Medium,Cloudy,Evening,Weekday,51.22,8.63
B036,R03,27,32,Medium,Clear,Afternoon,Weekday,54.14,6.68
B016,R06,12,22,High,Clear,Evening,Weekday,75.77,11.31
B024,R04,6,17,High,Clear,Night,Weekday,62.18,9.1
B001,R03,35,29,Medium,Rain,Morning,Weekday,48.45,14.27
B049,R04,56,29,High,Clear,Afternoon,Weekday,82.53,8.32
B025,R07,36,12,Medium,Clear,Morning,Weekday,62.53,10.0
B010,R05,33,19,High,Cloudy,Morning,Weekday,78.94,14.06
B016,R01,7,10,High,Clear,Night,Weekday,58.86,10.92
B016,R02,12,29,High,Cloudy,Night,Weekday,56.21,8.81
B008,R02,6,20,Medium,Rain,Afternoon,Weekend,41.1,6.81
B029,R04,35,16,High,Rain,Afternoon,Weekend,83.49,12.28
B039,R06,55,23,Medium,Clear,Afternoon,Weekday,66.93,8.6
B028,R06,53,24,Low,Clear,Evening,Weekend,44.72,9.62
B006,R04,41,21,Medium,Rain,Evening,Weekday,55.0,13.2
B016,R03,24,24,High,Clear,Morning,Weekend,70.38,12.28
B020,R02,33,46,Low,Clear,Afternoon,Weekend,39.16,6.4
B016,R03,21,35,Medium,Clear,Morning,Weekday,49.54,8.61
B007,R05,14,24,Medium,Clear,Evening,Weekday,46.15,9.84
B041,R02,45,18,Medium,Rain,Morning,Weekday,68.11,12.74
B014,R05,26,34,High,Cloudy,Morning,Weekday,69.1,7.82
B043,R01,10,25,High,Clear,Afternoon,Weekday,67.35,6.45
B026,R03,47,33,Medium,Rain,Afternoon,Weekday,62.71,11.72
B026,R04,38,35,Low,Clear,Morning,Weekday,47.2,9.12
B014,R02,35,17,Medium,Rain,Evening,Weekday,61.83,12.31
B007,R03,59,29,Medium,Clear,Morning,Weekday,76.19,9.69
B033,R04,16,29,Medium,Clear,Evening,Weekday,51.07,8.5
B026,R01,16,46,Low,Clear,Morning,Weekday,25.55,4.05
B045,R02,20,20,Medium,Clear,Morning,Weekday,57.08,12.65
B020,R05,29,47,Low,Clear,Afternoon,Weekday,36.3,3.64
B003,R01,26,42,Medium,Clear,Morning,Weekday,54.12,9.47
B004,R06,31,13,Low,Rain,Evening,Weekday,31.54,8.12
B026,R04,28,32,Medium,Rain,Morning,Weekday,57.7,12.98
B011,R08,16,21,Low,Cloudy,Morning,Weekday,25.87,10.39
B002,R02,57,8,High,Rain,Evening,Weekday,85.86,17.03
B014,R02,22,35,Medium,Rain,Morning,Weekend,52.49,10.77
B044,R07,49,32,Low,Cloudy,Morning,Weekday,41.41,9.18
B030,R07,51,17,Medium,Clear,Morning,Weekday,61.7,11.62
B049,R01,20,15,High,Rain,Morning,Weekend,65.32,12.76
B012,R02,8,34,High,Cloudy,Evening,Weekend,69.14,7.81
B026,R04,16,30,Medium,Clear,Night,Weekend,55.16,6.99
B044,R01,53,49,Low,Clear,Evening,Weekday,56.06,5.19
B033,R05,37,38,Medium,Clear,Evening,Weekday,63.17,10.07
B013,R01,26,21,High,Rain,Night,Weekend,61.43,9.74
B014,R01,22,13,Medium,Cloudy,Evening,Weekday,52.6,8.77
B024,R08,58,27,High,Rain,Morning,Weekday,87.77,11.47
B034,R05,52,29,Low,Cloudy,Evening,Weekday,57.95,7.8
B044,R06,37,24,Low,Clear,Morning,Weekday,40.46,9.46
B026,R07,31,26,High,Cloudy,Afternoon,Weekday,71.35,10.54
B021,R04,46,33,Medium,Clear,Morning,Weekday,59.37,8.62
B028,R06,23,49,Low,Clear,Morning,Weekend,22.76,3.01
B048,R06,52,8,Medium,Rain,Evening,Weekday,65.65,17.03
B036,R06,18,16,High,Cloudy,Evening,Weekday,61.15,8.57
B040,R07,29,24,Low,Rain,Evening,Weekday,24.4,10.51
B002,R03,38,29,Low,Clear,Afternoon,Weekend,34.34,3.33
B042,R07,28,22,Low,Cloudy,Night,Weekday,28.88,6.4
B009,R06,42,18,High,Clear,Morning,Weekday,81.36,12.34
B023,R03,58,33,High,Clear,Night,Weekday,90.94,11.54
B015,R05,27,16,Medium,Clear,Night,Weekday,53.52,10.22
B013,R07,9,39,Medium,Cloudy,Afternoon,Weekday,43.94,2.93
B023,R04,48,38,Low,Clear,Morning,Weekday,45.96,6.04
B017,R06,40,38,Low,Clear,Morning,Weekend,45.77,5.99
B048,R02,58,24,High,Cloudy,Afternoon,Weekday,84.02,12.44
B002,R05,28,48,Low,Cloudy,Afternoon,Weekday,35.64,4.96
B020,R03,40,24,Medium,Clear,Morning,Weekday,60.13,7.95
B020,R07,9,19,Medium,Clear,Afternoon,Weekday,46.54,7.76
B046,R04,43,38,Low,Rain,Evening,Weekday,40.54,11.21
B003,R01,10,12,Medium,Rain,Morning,Weekday,40.55,10.7
B012,R04,49,41,Medium,Clear,Night,Weekday,63.8,6.19
B040,R04,40,35,Medium,Clear,Evening,Weekend,56.36,7.56
B002,R06,49,25,Low,Cloudy,Night,Weekday,39.55,5.7
B036,R06,8,28,Low,Clear,Afternoon,Weekday,29.93,4.55
B014,R07,14,25,Medium,Clear,Night,Weekday,47.76,7.14
B016,R07,56,8,High,Clear,Evening,Weekday,78.12,13.98
B019,R08,5,35,Low,Clear,Afternoon,Weekday,6.02,4.89
B034,R03,25,17,High,Cloudy,Evening,Weekday,71.74,11.53
B044,R08,44,21,Medium,Clear,Afternoon,Weekday,58.84,7.12
B046,R07,43,26,High,Clear,Morning,Weekday,81.62,10.12
B006,R03,41,29,Low,Rain,Night,Weekday,41.71,9.37
B013,R06,7,43,Low,Rain,Night,Weekday,23.44,5.0
B036,R06,51,28,Low,Rain,Morning,Weekday,41.6,11.18
B022,R02,35,31,Medium,Clear,Morning,Weekday,62.36,9.74
B018,R02,31,20,High,Clear,Night,Weekday,69.68,11.6
B012,R05,21,35,Low,Clear,Morning,Weekday,36.58,4.96
B030,R06,27,21,Medium,Clear,Afternoon,Weekend,56.41,5.75
B040,R01,17,37,Low,Clear,Night,Weekday,25.21,5.82
B007,R02,51,10,Medium,Rain,Evening,Weekend,67.7,10.57
B032,R03,31,29,Low,Rain,Morning,Weekday,33.72,10.65
B048,R04,55,21,Low,Rain,Afternoon,Weekday,54.33,11.4
B019,R07,24,41,Low,Cloudy,Night,Weekday,28.82,1.74
B006,R07,50,11,High,Cloudy,Night,Weekday,89.02,11.73
B020,R05,57,50,Low,Cloudy,Afternoon,Weekday,42.17,4.33
B027,R02,17,38,Low,Rain,Morning,Weekday,30.19,10.68
B043,R04,48,45,Low,Cloudy,Night,Weekday,45.49,7.68
B037,R04,28,11,High,Clear,Morning,Weekday,77.18,15.79
B048,R02,59,23,Medium,Clear,Afternoon,Weekday,71.97,11.35
B007,R01,45,29,Medium,Cloudy,Evening,Weekday,60.98,12.27
B005,R01,7,13,Medium,Clear,Afternoon,Weekday,33.8,11.82
B011,R05,47,15,Low,Rain,Morning,Weekday,36.79,11.7
B015,R08,14,38,Medium,Cloudy,Night,Weekend,36.68,6.07
B003,R01,5,43,Low,Cloudy,Morning,Weekday,21.16,7.43
B005,R05,53,22,Medium,Clear,Morning,Weekday,72.16,10.33
B023,R08,17,35,Medium,Clear,Evening,Weekday,44.8,7.35
B037,R08,18,32,Medium,Clear,Night,Weekday,47.02,5.85
B009,R03,37,49,Low,Cloudy,Evening,Weekday,35.54,5.9
B015,R08,6,32,Low,Clear,Evening,Weekend,24.24,5.42
B003,R02,6,14,High,Rain,Afternoon,Weekend,63.87,10.04
B029,R08,43,22,Medium,Cloudy,Afternoon,Weekday,59.4,6.03
B006,R04,45,33,Low,Cloudy,Night,Weekend,37.65,6.85
B017,R05,60,32,Low,Rain,Evening,Weekday,53.13,14.59
B026,R07,35,8,High,Rain,Evening,Weekday,82.98,13.5
B021,R01,8,26,High,Clear,Morning,Weekday,68.01,8.31
B008,R07,38,8,High,Rain,Morning,Weekday,73.27,14.29
B021,R05,23,29,Low,Clear,Afternoon,Weekday,20.12,3.53
B011,R06,41,33,Medium,Clear,Evening,Weekday,59.31,8.95
B038,R05,13,46,Low,Clear,Night,Weekday,33.38,3.63
B008,R01,28,13,Medium,Cloudy,Evening,Weekday,44.05,11.46
B042,R06,17,50,Low,Clear,Afternoon,Weekday,26.44,2.97
B024,R06,48,50,Low,Cloudy,Night,Weekday,52.05,6.95
B035,R08,34,37,Low,Cloudy,Evening,Weekday,41.9,5.74
B014,R01,23,39,Medium,Cloudy,Morning,Weekend,52.66,6.04
B014,R06,45,22,Medium,Clear,Evening,Weekday,56.53,14.15
B010,R02,14,9,Medium,Rain,Afternoon,Weekday,54.46,11.31
B012,R04,55,20,High,Cloudy,Afternoon,Weekend,86.57,10.7
B038,R07,46,13,Medium,Clear,Evening,Weekday,51.76,10.16
B044,R02,48,8,Medium,Rain,Afternoon,Weekend,71.23,11.66
B046,R02,18,28,High,Clear,Morning,Weekday,63.81,10.47
B034,R01,44,36,Medium,Clear,Morning,Weekday,77.91,9.14
B041,R08,52,26,Low,Cloudy,Morning,Weekday,45.08,8.83
B010,R01,53,32,High,Clear,Evening,Weekday,88.62,13.9
B017,R07,24,40,Low,Clear,Afternoon,Weekday,32.47,2.67
B017,R04,8,8,Medium,Rain,Morning,Weekday,42.67,13.17
B003,R05,42,21,Low,Clear,Night,Weekday,44.97,7.18
B031,R02,48,19,Medium,Clear,Afternoon,Weekday,65.0,10.04
B001,R06,54,27,Medium,Cloudy,Afternoon,Weekday,67.3,10.06
B012,R04,43,22,Low,Cloudy,Night,Weekday,36.35,6.45
B039,R02,9,34,Medium,Cloudy,Afternoon,Weekday,43.75,5.93
B004,R05,46,25,High,Rain,Morning,Weekday,77.12,15.2
B042,R08,36,41,Low,Clear,Afternoon,Weekday,40.03,3.75
B013,R06,10,42,Medium,Cloudy,Morning,Weekend,46.7,5.91
B034,R02,18,48,Low,Cloudy,Morning,Weekday,29.88,5.34
B042,R03,10,9,High,Clear,Morning,Weekend,71.21,12.15
B021,R07,18,23,Medium,Rain,Evening,Weekday,53.01,12.18
B022,R04,16,18,High,Rain,Afternoon,Weekday,78.43,12.38
B004,R07,31,32,Low,Clear,Night,Weekday,40.42,5.14
B018,R01,58,23,Low,Cloudy,Evening,Weekday,49.78,9.73
B005,R02,30,36,Low,Cloudy,Evening,Weekend,33.51,6.39
B019,R06,16,47,Low,Clear,Evening,Weekday,20.94,4.71
B002,R06,12,28,Medium,Rain,Evening,Weekday,52.88,12.28
B012,R04,14,12,High,Cloudy,Morning,Weekend,69.85,8.51
B017,R04,20,41,Medium,Cloudy,Morning,Weekday,47.74,7.77
B010,R07,56,8,High,Clear,Night,Weekday,89.55,14.67
B034,R06,30,46,Low,Clear,Afternoon,Weekday,35.68,2.15
B006,R06,12,8,High,Clear,Night,Weekday,65.54,8.78
B008,R06,45,20,Low,Cloudy,Afternoon,Weekday,47.13,8.8
B011,R02,49,20,High,Cloudy,Morning,Weekend,76.76,12.48
B012,R06,33,44,Low,Clear,Afternoon,Weekday,40.76,3.12
B009,R01,24,29,High,Clear,Afternoon,Weekday,78.59,7.24
B002,R06,21,32,Low,Clear,Evening,Weekday,24.94,3.72
B008,R01,23,24,Low,Cloudy,Night,Weekday,21.71,3.11
B011,R02,21,30,Medium,Cloudy,Evening,Weekday,52.83,8.71
B036,R04,43,37,Medium,Clear,Evening,Weekday,66.33,11.13
B010,R08,5,36,Medium,Clear,Evening,Weekday,38.1,9.51
B021,R01,56,13,High,Clear,Evening,Weekday,81.01,14.79
B020,R02,33,20,Medium,Clear,Morning,Weekday,47.1,7.69
B048,R08,18,17,Medium,Cloudy,Night,Weekday,54.42,10.05
B008,R08,21,40,Low,Clear,Evening,Weekday,29.98,7.39
B036,R06,17,28,Medium,Clear,Night,Weekday,55.02,4.84
B029,R02,33,33,Medium,Cloudy,Evening,Weekday,42.62,7.43
B042,R08,38,17,High,Rain,Morning,Weekend,79.42,14.77
B012,R06,31,29,Medium,Rain,Evening,Weekday,61.07,13.33
B014,R07,50,34,Medium,Rain,Afternoon,Weekday,60.3,9.79
B048,R02,37,26,Low,Cloudy,Morning,Weekend,42.2,5.96
B050,R08,33,35,Low,Cloudy,Night,Weekday,31.23,6.05
B021,R04,41,30,Medium,Cloudy,Afternoon,Weekday,55.76,8.11
B022,R01,43,17,Low,Rain,Afternoon,Weekday,41.85,10.58
B021,R07,23,34,Low,Rain,Morning,Weekday,28.47,6.85
B044,R04,50,46,Low,Clear,Night,Weekend,51.85,4.1
B050,R03,28,21,High,Clear,Morning,Weekday,74.04,11.88
B030,R06,18,26,Low,Clear,Evening,Weekday,36.03,7.73
B039,R08,51,28,High,Cloudy,Morning,Weekday,88.87,11.75
B020,R01,41,45,Low,Cloudy,Morning,Weekday,35.94,5.23
B024,R04,9,37,Low,Rain,Evening,Weekday,25.61,9.2
B023,R01,57,16,Medium,Clear,Evening,Weekend,64.33,7.95
B007,R03,28,19,Medium,Clear,Night,Weekday,59.77,8.55
B009,R05,38,13,Medium,Rain,Morning,Weekday,66.29,15.29
B001,R06,54,33,Medium,Clear,Evening,Weekday,58.36,10.44
B026,R06,35,47,Low,Clear,Night,Weekday,40.33,3.06
B038,R02,34,31,Medium,Cloudy,Night,Weekday,63.05,6.99
B038,R08,60,15,Medium,Clear,Evening,Weekend,74.47,9.57
B044,R06,13,22,Low,Clear,Evening,Weekday,25.98,7.86
B022,R06,31,15,High,Clear,Night,Weekday,89.22,10.48
B044,R04,32,20,Medium,Clear,Afternoon,Weekday,57.18,6.88
B010,R07,46,21,Medium,Cloudy,Evening,Weekday,55.58,12.38
B006,R06,30,14,High,Clear,Afternoon,Weekday,78.47,10.01
B017,R06,22,19,High,Clear,Night,Weekday,76.46,10.41
B050,R08,40,40,Medium,Clear,Morning,Weekday,62.96,10.83
B038,R03,12,50,Low,Cloudy,Afternoon,Weekday,27.03,1.44
B024,R07,22,14,High,Clear,Afternoon,Weekday,64.05,12.51
B010,R03,24,41,Low,Clear,Afternoon,Weekday,23.74,3.56
B008,R08,36,27,Low,Clear,Afternoon,Weekday,33.16,8.07
B021,R01,33,33,Low,Clear,Afternoon,Weekday,24.47,7.27
B006,R01,53,13,Medium,Clear,Afternoon,Weekday,74.15,8.74
B021,R06,52,34,High,Clear,Morning,Weekday,86.35,11.09
B039,R06,22,8,Medium,Rain,Morning,Weekday,49.32,10.02
B024,R02,11,11,High,Rain,Morning,Weekend,58.31,12.45
B033,R01,5,37,Low,Cloudy,Afternoon,Weekend,16.08,1.55
B018,R04,32,30,Low,Clear,Night,Weekday,36.1,4.57
B028,R06,37,38,Medium,Cloudy,Evening,Weekday,57.05,9.14
B032,R04,54,22,High,Clear,Afternoon,Weekday,87.66,11.44
B012,R06,8,29,Medium,Cloudy,Morning,Weekday,37.36,7.15
B048,R08,59,28,Low,Clear,Night,Weekday,51.42,6.97
B042,R04,24,37,Low,Rain,Night,Weekday,38.4,6.57
B027,R05,57,34,Low,Rain,Afternoon,Weekday,47.07,9.53
B010,R04,56,47,Low,Clear,Morning,Weekday,51.92,6.43
B046,R07,40,42,Low,Clear,Evening,Weekday,39.13,5.4
B042,R01,35,33,High,Cloudy,Evening,Weekend,75.58,9.08
B032,R06,42,16,Medium,Clear,Morning,Weekday,63.15,10.09
B042,R01,32,14,Medium,Rain,Morning,Weekday,53.67,13.71
B026,R07,7,36,Low,Clear,Night,Weekday,20.36,6.47
B025,R07,10,39,Low,Clear,Afternoon,Weekday,30.41,3.12
B011,R04,49,24,Medium,Cloudy,Afternoon,Weekday,55.41,6.01
B023,R03,27,8,High,Clear,Afternoon,Weekday,73.95,12.72
B034,R03,11,39,Medium,Clear,Evening,Weekend,40.21,7.77
B040,R07,60,33,High,Cloudy,Evening,Weekday,99.03,12.6
B023,R03,40,17,High,Cloudy,Evening,Weekday,84.53,10.65
B029,R06,5,27,Low,Cloudy,Afternoon,Weekday,28.89,4.73
B031,R02,10,40,Low,Cloudy,Morning,Weekday,25.98,6.56
B007,R05,28,26,Medium,Clear,Morning,Weekday,57.16,7.02
B040,R04,41,14,Medium,Clear,Afternoon,Weekday,61.55,10.5
B033,R02,49,36,Low,Clear,Afternoon,Weekday,41.68,6.5
B021,R03,55,19,Medium,Rain,Morning,Weekend,76.36,14.12
B002,R04,40,12,Medium,Clear,Morning,Weekday,63.52,11.94
B018,R02,28,8,High,Clear,Evening,Weekday,69.88,9.56
B047,R01,42,20,Low,Rain,Night,Weekday,33.17,7.88
B033,R03,49,21,Low,Rain,Night,Weekday,39.42,10.6
B037,R08,33,30,Medium,Rain,Afternoon,Weekday,56.78,8.18
B034,R02,41,37,Medium,Clear,Night,Weekday,57.24,6.11
B020,R08,49,13,Medium,Cloudy,Night,Weekend,69.17,8.28
B035,R06,36,8,High,Clear,Night,Weekday,79.39,10.45
B050,R01,29,26,High,Rain,Evening,Weekend,73.25,9.98
B018,R03,14,15,Medium,Clear,Evening,Weekday,47.01,10.63
B046,R05,39,31,Low,Clear,Morning,Weekday,38.88,7.04
B024,R07,59,30,Medium,Clear,Afternoon,Weekday,68.33,8.92
B008,R03,29,38,Medium,Clear,Night,Weekday,56.43,6.42
B030,R08,31,27,High,Cloudy,Morning,Weekday,72.93,7.57
B044,R06,49,8,High,Rain,Evening,Weekday,78.66,15.25
B010,R05,36,27,Medium,Cloudy,Night,Weekday,61.74,6.5
B023,R05,16,13,Medium,Clear,Afternoon,Weekday,44.02,8.24
B049,R05,8,33,Low,Rain,Night,Weekend,30.2,6.97
B011,R04,46,29,Low,Clear,Evening,Weekday,42.18,7.73
B002,R04,30,45,Low,Clear,Night,Weekday,32.77,5.34
B026,R08,7,29,Low,Clear,Night,Weekday,18.83,6.82
B036,R07,21,28,Medium,Clear,Night,Weekday,48.95,8.08
B033,R05,13,31,Low,Clear,Night,Weekday,28.25,7.65
B047,R07,33,18,Medium,Clear,Evening,Weekend,52.55,7.71
B013,R01,5,13,Medium,Rain,Morning,Weekday,46.18,13.36
B040,R05,22,18,Medium,Rain,Night,Weekday,45.47,9.82
B025,R02,45,29,Medium,Clear,Afternoon,Weekday,67.07,8.55
B004,R05,57,50,Low,Clear,Night,Weekend,49.05,1.81
B042,R08,24,13,High,Clear,Afternoon,Weekday,69.75,13.19
B019,R04,45,35,Low,Clear,Afternoon,Weekend,44.42,3.72
B018,R04,38,8,High,Clear,Night,Weekday,87.01,12.54
B037,R02,55,28,Low,Clear,Night,Weekday,53.27,9.47
B030,R02,32,24,Medium,Cloudy,Afternoon,Weekday,57.82,7.9
B019,R03,52,48,Low,Cloudy,Evening,Weekday,50.68,8.94
B023,R01,39,35,Low,Clear,Morning,Weekday,37.38,5.19
B016,R01,20,27,Medium,Cloudy,Afternoon,Weekday,46.85,8.58
B001,R08,25,13,Medium,Cloudy,Evening,Weekend,56.06,9.78
B012,R08,17,28,Low,Clear,Morning,Weekday,29.69,6.41
B024,R08,39,41,Medium,Clear,Morning,Weekend,58.05,6.43
B034,R08,46,25,Low,Rain,Morning,Weekday,47.03,8.5
B008,R08,58,19,Medium,Cloudy,Night,Weekend,69.22,8.61
B018,R08,36,26,High,Clear,Night,Weekend,84.42,8.14
B048,R01,54,14,High,Cloudy,Afternoon,Weekday,76.43,12.38
B005,R06,42,28,Medium,Clear,Night,Weekend,58.47,7.48
B026,R04,10,39,Low,Cloudy,Evening,Weekend,29.62,5.57
B030,R01,54,50,Low,Clear,Morning,Weekday,55.26,7.4
B013,R08,42,14,High,Clear,Morning,Weekend,87.64,9.88
B019,R03,42,30,Low,Cloudy,Morning,Weekday,37.84,5.34
B029,R03,58,19,High,Cloudy,Night,Weekday,95.34,9.77
B003,R01,17,18,Medium,Clear,Night,Weekday,39.44,7.38
B026,R02,50,25,High,Clear,Night,Weekday,80.4,8.97
B040,R03,57,12,Medium,Clear,Evening,Weekday,67.21,10.05
B012,R07,43,34,Medium,Clear,Night,Weekend,63.77,4.31
B002,R02,17,41,Medium,Clear,Night,Weekend,43.59,4.75
B011,R07,51,18,High,Cloudy,Night,Weekend,84.81,9.62
B044,R04,16,21,High,Clear,Evening,Weekday,74.81,11.33
B028,R06,57,39,Medium,Cloudy,Night,Weekend,62.63,7.94
B018,R03,37,32,High,Cloudy,Afternoon,Weekday,72.23,9.32
B013,R02,32,25,Medium,Clear,Night,Weekend,52.05,7.68
B037,R08,7,16,High,Cloudy,Afternoon,Weekday,75.44,10.33
B022,R07,22,20,High,Rain,Evening,Weekend,73.1,11.34
B012,R01,30,13,Medium,Clear,Afternoon,Weekday,50.71,11.8
B002,R07,58,24,Medium,Rain,Evening,Weekend,73.6,11.23
B037,R07,44,33,Medium,Cloudy,Night,Weekend,52.82,6.55
B007,R04,6,35,Medium,Cloudy,Night,Weekend,42.35,4.14
B026,R05,8,31,High,Clear,Afternoon,Weekday,64.67,8.06
B026,R05,54,22,Medium,Cloudy,Night,Weekend,72.56,9.89
B024,R01,32,38,Low,Clear,Afternoon,Weekend,28.8,5.72
B012,R04,32,39,Medium,Cloudy,Evening,Weekday,62.42,8.06
B016,R04,29,34,Low,Rain,Night,Weekday,39.63,5.61
B023,R08,30,41,Medium,Clear,Night,Weekday,61.68,9.36
B040,R04,49,9,High,Clear,Night,Weekend,78.5,12.81
B009,R04,51,28,Medium,Clear,Morning,Weekday,74.17,6.49
B032,R05,6,25,High,Clear,Morning,Weekend,53.59,9.42
B015,R02,46,13,Low,Rain,Afternoon,Weekday,36.74,7.97
B037,R04,38,28,High,Clear,Morning,Weekday,79.89,10.89
B013,R02,34,31,Medium,Clear,Night,Weekend,55.11,6.74
B005,R07,25,24,Low,Clear,Morning,Weekday,25.8,8.2
B011,R07,48,8,Medium,Rain,Afternoon,Weekday,75.82,9.79
B010,R04,41,16,High,Clear,Morning,Weekend,72.02,13.63
B013,R03,48,13,Low,Rain,Evening,Weekday,35.32,10.68
B041,R06,27,23,Medium,Cloudy,Evening,Weekday,55.13,9.04
B046,R03,37,8,High,Rain,Morning,Weekday,78.23,15.49
B050,R07,6,41,Low,Clear,Evening,Weekend,15.69,3.93
B015,R06,31,40,Medium,Clear,Evening,Weekday,66.4,9.38
B042,R03,52,37,Medium,Clear,Morning,Weekday,66.52,9.79
B007,R04,26,49,Low,Clear,Evening,Weekday,30.15,6.71
B040,R02,38,24,Medium,Cloudy,Afternoon,Weekday,59.0,8.65
B028,R06,20,29,Low,Clear,Afternoon,Weekday,22.14,3.19
B032,R05,24,19,High,Clear,Night,Weekday,77.44,10.54
B035,R01,30,25,Low,Cloudy,Afternoon,Weekday,36.3,8.15
B015,R06,20,40,Low,Clear,Night,Weekend,28.76,2.46
B048,R06,10,33,Medium,Clear,Night,Weekday,44.99,6.27
B036,R05,49,41,Medium,Clear,Morning,Weekday,60.06,10.26
B021,R04,48,27,Low,Cloudy,Evening,Weekday,49.68,10.02
B006,R03,27,26,High,Clear,Morning,Weekday,70.23,9.82
B001,R03,46,10,High,Cloudy,Night,Weekday,80.22,10.14
B004,R07,41,28,High,Clear,Morning,Weekday,81.49,11.31
B011,R02,12,36,Medium,Clear,Evening,Weekday,35.97,8.67
B044,R04,10,9,High,Rain,Evening,Weekday,67.75,15.76
B026,R05,41,28,High,Cloudy,Evening,Weekday,80.36,8.67
B037,R04,56,28,Medium,Cloudy,Night,Weekend,70.66,7.24
B023,R04,26,31,Low,Cloudy,Morning,Weekend,31.79,5.93
B029,R03,10,46,Low,Clear,Morning,Weekday,20.79,2.53
B021,R05,58,15,Medium,Rain,Night,Weekday,69.57,12.53
B048,R08,36,9,High,Cloudy,Night,Weekday,82.96,10.03
B045,R01,21,26,Medium,Cloudy,Afternoon,Weekday,47.73,8.87
B045,R06,42,9,Medium,Rain,Morning,Weekday,65.15,13.06
B049,R03,21,35,Low,Clear,Evening,Weekday,29.01,6.69
B027,R05,41,43,Low,Cloudy,Morning,Weekday,38.22,4.6
B039,R02,27,15,Medium,Rain,Afternoon,Weekday,57.93,12.89
B040,R06,53,13,High,Clear,Evening,Weekday,88.23,14.89
B013,R06,53,40,Medium,Clear,Afternoon,Weekday,59.65,7.6
B023,R08,17,11,High,Cloudy,Night,Weekend,67.49,8.82
B016,R08,36,43,Low,Clear,Night,Weekend,32.19,5.13
B030,R03,26,9,Medium,Rain,Morning,Weekday,55.64,13.96
B004,R07,11,21,Medium,Clear,Night,Weekday,40.95,6.23
B040,R02,26,30,High,Cloudy,Night,Weekday,73.8,7.82
B016,R03,25,29,Low,Clear,Morning,Weekday,35.1,5.65
B031,R04,10,20,Low,Clear,Afternoon,Weekday,27.65,5.48
B042,R07,18,25,Low,Rain,Afternoon,Weekday,26.26,7.45
B025,R05,20,23,High,Cloudy,Evening,Weekday,70.24,13.12
B044,R08,7,42,Low,Clear,Evening,Weekday,20.01,7.35
B012,R02,13,37,Low,Clear,Afternoon,Weekday,24.38,4.18
B026,R06,51,34,Medium,Cloudy,Night,Weekday,60.76,8.88
B037,R03,25,9,Medium,Rain,Evening,Weekday,52.78,14.87
B048,R08,54,19,High,Cloudy,Afternoon,Weekday,89.39,14.5
B033,R06,34,9,High,Cloudy,Night,Weekday,72.78,12.21
B028,R02,34,33,Medium,Clear,Night,Weekday,52.81,8.26
B009,R08,46,27,High,Rain,Afternoon,Weekday,90.98,9.01
B012,R08,46,32,Medium,Cloudy,Morning,Weekday,58.8,11.04
B005,R06,36,29,Low,Clear,Afternoon,Weekend,41.59,5.1
B028,R03,27,10,High,Clear,Night,Weekday,78.54,9.62
B035,R07,7,31,Medium,Cloudy,Evening,Weekday,44.92,7.22
B005,R03,5,33,Medium,Rain,Night,Weekday,44.32,9.23
B034,R01,7,27,Medium,Cloudy,Night,Weekday,43.86,4.65
B046,R08,41,8,Medium,Rain,Afternoon,Weekday,53.68,10.53
B034,R06,11,44,Low,Clear,Night,Weekday,30.85,4.89
B013,R01,7,18,Medium,Cloudy,Morning,Weekend,41.27,9.54
B039,R07,40,21,High,Rain,Evening,Weekend,84.16,16.03
B042,R01,53,23,Medium,Clear,Afternoon,Weekday,66.39,7.23
B045,R06,7,46,Low,Clear,Morning,Weekday,25.89,3.81
B048,R02,59,28,High,Cloudy,Evening,Weekday,90.86,12.79
B014,R04,8,35,Low,Rain,Morning,Weekend,21.67,8.81
B011,R07,35,34,Low,Clear,Night,Weekday,41.46,6.13
B042,R03,6,21,Low,Clear,Night,Weekday,16.32,5.67
B038,R05,18,46,Low,Clear,Morning,Weekday,35.15,4.47
B004,R07,41,29,Medium,Clear,Evening,Weekday,66.01,8.2
B033,R01,35,15,Medium,Clear,Morning,Weekday,56.17,8.05
B007,R02,57,28,High,Cloudy,Morning,Weekday,89.76,11.39
B041,R06,6,9,High,Rain,Morning,Weekday,61.73,12.86
B008,R02,35,26,High,Cloudy,Evening,Weekday,73.35,10.83
B037,R02,51,20,Medium,Clear,Morning,Weekend,65.07,9.74
B010,R06,47,8,Medium,Rain,Night,Weekday,64.86,13.05
B043,R05,26,12,High,Cloudy,Afternoon,Weekday,79.66,9.6
B015,R06,14,34,Medium,Clear,Night,Weekday,46.0,6.92
B038,R05,56,27,High,Clear,Night,Weekend,88.05,10.27
B015,R06,34,12,Medium,Cloudy,Morning,Weekday,63.53,9.72
B005,R01,37,36,Medium,Cloudy,Afternoon,Weekday,61.04,6.34
B029,R05,23,39,Medium,Cloudy,Morning,Weekday,44.52,8.03
B019,R01,50,19,Medium,Clear,Afternoon,Weekend,64.85,6.6
B010,R07,29,8,Medium,Rain,Night,Weekday,58.68,15.56
B012,R05,59,41,Medium,Clear,Evening,Weekday,81.79,10.13
B004,R05,58,40,Medium,Cloudy,Morning,Weekday,69.93,7.55
B031,R06,50,19,High,Cloudy,Night,Weekday,74.59,11.55
B018,R05,5,27,High,Clear,Afternoon,Weekend,53.4,6.74
B016,R01,36,34,Low,Clear,Night,Weekday,34.57,6.95
B040,R08,29,34,Low,Clear,Night,Weekday,29.76,5.7
B036,R07,45,16,Medium,Clear,Night,Weekend,66.64,8.76
B025,R08,21,30,Medium,Clear,Evening,Weekday,59.85,4.98
B023,R06,18,43,Low,Cloudy,Morning,Weekday,32.88,6.0
B012,R03,49,30,Low,Cloudy,Morning,Weekday,49.03,10.22
B034,R07,17,30,High,Cloudy,Morning,Weekday,71.81,12.52
B036,R08,42,22,High,Cloudy,Evening,Weekday,82.81,15.48
B037,R07,43,28,Medium,Rain,Evening,Weekday,57.7,14.68
B003,R08,6,25,Medium,Rain,Afternoon,Weekday,46.94,9.28
B009,R01,36,35,Medium,Clear,Morning,Weekday,56.17,10.15
B018,R08,36,22,Low,Cloudy,Afternoon,Weekday,42.14,6.43
B043,R07,44,37,Medium,Clear,Night,Weekday,64.16,8.3
B035,R03,60,41,Low,Clear,Afternoon,Weekday,50.0,7.36
B034,R02,10,39,Medium,Cloudy,Afternoon,Weekday,41.28,6.01
B041,R06,29,41,Low,Clear,Night,Weekday,34.14,6.09
B014,R02,7,15,Medium,Cloudy,Night,Weekday,40.59,6.86
B004,R06,22,32,Medium,Clear,Afternoon,Weekday,42.37,7.95
B029,R07,54,27,Medium,Clear,Afternoon,Weekend,61.45,7.92
B041,R06,58,24,Low,Rain,Morning,Weekday,50.47,10.46
B045,R08,59,47,Low,Clear,Evening,Weekday,36.48,8.84
B050,R01,42,18,Medium,Clear,Night,Weekend,72.88,5.71
B015,R03,47,20,Low,Clear,Afternoon,Weekend,40.98,5.67
B028,R06,7,36,Low,Rain,Evening,Weekday,27.79,8.71
B042,R03,52,22,Medium,Clear,Afternoon,Weekday,55.19,11.12
B016,R06,9,18,High,Clear,Morning,Weekend,59.6,9.64
B012,R03,28,38,Low,Cloudy,Afternoon,Weekday,39.31,4.7
B005,R02,58,34,Medium,Cloudy,Night,Weekend,71.09,8.86
B034,R01,38,11,High,Rain,Afternoon,Weekend,77.02,12.72
B042,R06,51,12,High,Clear,Afternoon,Weekday,95.44,10.3
B001,R04,52,25,Low,Rain,Night,Weekend,38.94,11.99
B039,R03,43,21,High,Cloudy,Morning,Weekday,86.98,13.32
B032,R03,52,40,Medium,Clear,Night,Weekend,63.85,6.0
B026,R08,28,29,High,Clear,Afternoon,Weekday,69.76,9.01
B017,R04,40,30,Medium,Rain,Morning,Weekday,50.17,10.11
B048,R01,32,26,High,Cloudy,Night,Weekday,66.88,9.99
B027,R03,52,20,High,Cloudy,Evening,Weekday,86.7,14.28
B024,R01,53,16,Medium,Cloudy,Evening,Weekend,66.88,7.74
B035,R03,38,30,High,Cloudy,Evening,Weekday,75.2,11.83
B046,R07,20,35,Low,Clear,Night,Weekday,28.98,2.64
B042,R05,40,26,Low,Clear,Morning,Weekday,39.26,7.34
B039,R07,11,41,Medium,Cloudy,Night,Weekend,43.15,5.0
B026,R03,22,24,High,Clear,Afternoon,Weekday,65.99,9.64
B049,R05,10,16,Medium,Clear,Night,Weekend,47.64,10.29
B038,R06,54,33,Medium,Cloudy,Evening,Weekday,73.23,10.55
B023,R01,32,37,Medium,Clear,Evening,Weekday,57.88,8.08
B022,R03,43,45,Low,Clear,Afternoon,Weekend,43.68,2.5
B004,R08,38,15,Medium,Rain,Night,Weekday,62.78,10.58
B049,R02,55,27,Medium,Cloudy,Evening,Weekday,66.34,11.2
B009,R08,45,33,High,Clear,Night,Weekend,79.29,5.92
B004,R02,33,42,Low,Rain,Evening,Weekday,26.55,7.45
B007,R04,8,38,Medium,Cloudy,Afternoon,Weekday,41.24,6.32
B023,R02,18,41,Low,Clear,Morning,Weekend,25.85,4.46
B002,R05,9,45,Low,Clear,Morning,Weekday,19.24,5.77
B049,R02,29,24,Medium,Clear,Evening,Weekend,55.67,7.64
B024,R02,43,8,Medium,Rain,Evening,Weekday,60.53,13.29
B040,R02,12,31,Low,Clear,Night,Weekday,28.13,6.42
B031,R03,19,31,Low,Cloudy,Morning,Weekday,23.88,7.56
B047,R04,23,8,High,Rain,Night,Weekend,63.88,9.9
B031,R01,15,30,High,Clear,Evening,Weekend,70.84,6.97
B047,R04,24,45,Low,Clear,Morning,Weekday,36.13,4.11
B040,R08,59,24,Medium,Clear,Night,Weekday,65.29,8.16
B048,R05,40,31,Low,Clear,Evening,Weekday,38.22,9.33
B043,R03,22,28,High,Cloudy,Night,Weekday,72.37,7.17
B034,R06,18,30,Medium,Cloudy,Night,Weekend,51.9,7.03
B024,R03,42,20,High,Clear,Evening,Weekday,72.22,11.92
B049,R07,29,46,Low,Clear,Night,Weekend,39.42,3.07
B026,R02,20,27,Medium,Clear,Night,Weekday,43.36,6.58
B016,R08,22,21,Medium,Rain,Morning,Weekday,43.98,12.3
B047,R02,5,44,Low,Cloudy,Night,Weekday,20.43,4.97
B013,R05,44,25,Low,Cloudy,Afternoon,Weekday,39.83,5.48
B015,R06,5,34,Medium,Clear,Evening,Weekday,42.64,9.74
B027,R08,5,29,Medium,Clear,Night,Weekend,43.28,6.75
B004,R07,55,30,Low,Clear,Evening,Weekday,55.98,8.17
B016,R03,25,34,Medium,Rain,Afternoon,Weekday,47.94,8.4
B030,R06,29,31,Low,Cloudy,Evening,Weekday,39.82,9.58
B044,R01,31,36,Low,Cloudy,Afternoon,Weekend,28.11,3.75
B030,R04,14,13,Medium,Cloudy,Afternoon,Weekend,40.81,6.82
B036,R03,54,32,Low,Clear,Morning,Weekday,42.3,8.53
B003,R06,16,30,Medium,Clear,Afternoon,Weekend,38.35,7.0
B022,R01,32,30,Medium,Clear,Morning,Weekday,58.24,11.0
B049,R01,53,35,Medium,Clear,Night,Weekday,72.6,8.7
B022,R07,36,15,Medium,Clear,Morning,Weekend,62.53,9.56
B050,R07,37,8,High,Clear,Morning,Weekday,70.79,13.09
B050,R04,12,13,Medium,Cloudy,Night,Weekday,57.4,6.18
B049,R01,46,29,Medium,Rain,Evening,Weekend,63.56,11.16
B012,R08,30,30,Low,Rain,Evening,Weekday,42.72,8.63
B021,R05,46,23,Medium,Clear,Night,Weekday,62.3,9.84
B004,R01,54,20,Medium,Clear,Afternoon,Weekday,66.36,8.19
B031,R06,45,24,Low,Cloudy,Morning,Weekday,40.62,9.89
B044,R07,6,20,Medium,Rain,Evening,Weekend,53.33,10.02
B031,R05,39,16,Low,Rain,Evening,Weekend,46.44,9.57
B023,R08,38,32,Low,Rain,Afternoon,Weekday,38.71,7.15
B020,R07,10,22,Low,Cloudy,Evening,Weekend,23.39,4.31
B015,R08,35,29,Medium,Clear,Evening,Weekday,61.23,8.43
B023,R07,27,11,High,Clear,Evening,Weekday,64.18,11.49
B028,R07,16,41,Low,Clear,Night,Weekday,17.13,5.64
B016,R01,58,36,Medium,Cloudy,Evening,Weekday,63.82,9.6
B037,R02,55,21,Low,Clear,Evening,Weekend,49.38,8.03
B021,R01,32,31,Low,Cloudy,Night,Weekend,41.31,3.99
B015,R07,19,8,High,Cloudy,Evening,Weekend,63.28,13.07
B017,R05,23,35,Medium,Clear,Afternoon,Weekday,59.19,6.98
B050,R01,16,36,Low,Rain,Morning,Weekend,25.32,6.18
B037,R07,54,40,Low,Clear,Night,Weekday,49.13,3.79
B013,R07,52,14,High,Rain,Night,Weekday,83.3,13.08
B019,R01,6,22,Low,Rain,Evening,Weekend,22.42,10.6
B030,R01,15,40,Low,Clear,Morning,Weekday,36.53,5.48
B045,R05,48,19,Medium,Clear,Afternoon,Weekday,61.32,10.75
B018,R08,41,41,Medium,Clear,Afternoon,Weekday,55.79,9.54
B014,R01,60,41,Medium,Cloudy,Morning,Weekend,73.33,11.15
B036,R04,42,8,High,Clear,Morning,Weekday,85.87,12.46
B036,R06,29,42,Low,Rain,Afternoon,Weekday,26.96,5.83
B020,R04,47,29,Medium,Clear,Evening,Weekday,65.34,11.33
B019,R05,25,22,Low,Cloudy,Morning,Weekday,35.18,5.89
B045,R02,46,8,Medium,Rain,Morning,Weekday,71.73,13.82
B044,R04,40,28,High,Cloudy,Evening,Weekday,77.99,10.41
B007,R08,13,40,Medium,Clear,Night,Weekday,53.23,5.29
B044,R07,16,23,Medium,Cloudy,Morning,Weekday,48.81,8.75
B004,R06,14,22,High,Clear,Evening,Weekday,65.5,10.51
B034,R03,50,36,Low,Clear,Afternoon,Weekday,41.29,7.03
B002,R06,9,34,Medium,Clear,Night,Weekend,46.98,5.6
B005,R04,37,20,High,Clear,Morning,Weekday,72.66,10.32
B010,R03,9,33,Medium,Cloudy,Evening,Weekday,39.04,6.99
B032,R05,20,45,Low,Clear,Night,Weekend,33.02,2.03
B042,R08,41,23,Low,Cloudy,Evening,Weekday,49.74,10.54
B041,R06,41,26,Low,Clear,Afternoon,Weekday,33.41,7.46
B013,R02,33,42,Low,Clear,Morning,Weekday,32.84,3.28
B039,R03,22,42,Medium,Clear,Evening,Weekday,52.46,8.57
B005,R03,33,26,Low,Clear,Morning,Weekday,33.74,11.31
B010,R06,10,49,Low,Clear,Evening,Weekend,15.6,4.75
B010,R04,57,33,Medium,Cloudy,Morning,Weekday,64.23,9.62
B038,R03,22,11,Medium,Rain,Morning,Weekday,53.45,11.65
B027,R05,36,19,Medium,Clear,Night,Weekend,56.6,6.03
B021,R06,46,30,Medium,Clear,Evening,Weekday,64.83,10.44
B008,R05,51,40,Low,Clear,Evening,Weekday,38.68,4.62
B001,R06,35,42,Low,Rain,Morning,Weekday,39.18,7.83
B028,R05,60,45,Low,Cloudy,Morning,Weekday,39.52,7.05
B049,R04,58,38,Medium,Cloudy,Night,Weekday,72.91,9.54
B039,R06,15,28,Low,Clear,Afternoon,Weekday,34.34,2.87
B014,R08,30,35,Medium,Clear,Evening,Weekend,48.03,7.34
B021,R07,32,41,Low,Clear,Morning,Weekday,33.14,7.24
B030,R02,31,25,High,Rain,Night,Weekend,68.09,10.85
B021,R04,23,20,Medium,Clear,Morning,Weekday,51.96,11.36
B049,R05,49,25,Medium,Cloudy,Evening,Weekday,65.26,11.38
B009,R08,31,29,High,Clear,Night,Weekday,68.81,8.11
B017,R06,24,40,Medium,Clear,Night,Weekday,49.11,6.4
B005,R04,7,32,Medium,Clear,Morning,Weekday,48.88,6.61
B031,R05,20,21,High,Cloudy,Morning,Weekend,72.78,9.9
B040,R01,43,42,Medium,Clear,Afternoon,Weekend,62.48,6.22
B038,R01,48,8,High,Rain,Afternoon,Weekday,89.49,15.19
B043,R03,33,41,Medium,Clear,Evening,Weekday,65.53,8.95
B019,R02,19,8,High,Clear,Evening,Weekday,70.19,10.75
B036,R01,34,27,Low,Clear,Night,Weekend,38.54,2.05
B050,R07,44,36,Low,Rain,Evening,Weekday,40.59,10.96
B033,R05,59,15,Medium,Clear,Afternoon,Weekday,70.35,6.6
B013,R04,53,39,Low,Clear,Afternoon,Weekday,42.97,6.05
B014,R06,5,33,Low,Clear,Afternoon,Weekday,14.07,2.94
B033,R04,33,36,Low,Clear,Morning,Weekday,40.49,6.68
B029,R03,57,32,Medium,Cloudy,Afternoon,Weekend,71.99,7.07
B043,R08,34,34,High,Clear,Afternoon,Weekday,77.35,9.47
B049,R04,44,27,Medium,Cloudy,Evening,Weekday,62.63,10.18
B036,R01,50,12,High,Cloudy,Afternoon,Weekend,81.52,11.43
B044,R04,36,32,Medium,Rain,Afternoon,Weekday,64.01,10.34
B010,R01,14,24,Low,Clear,Morning,Weekend,20.93,7.59
B031,R01,31,24,Low,Clear,Afternoon,Weekday,42.54,5.35
B006,R02,55,34,Medium,Rain,Evening,Weekday,70.42,10.93
B001,R03,12,25,Low,Cloudy,Morning,Weekday,27.46,7.15
B007,R07,55,25,Low,Clear,Night,Weekday,49.26,6.83
B027,R07,40,19,Medium,Clear,Afternoon,Weekday,65.07,9.21
B021,R05,46,20,Medium,Rain,Afternoon,Weekday,60.19,11.22
B028,R07,59,25,Medium,Clear,Afternoon,Weekday,73.43,10.47
B016,R01,39,8,High,Rain,Night,Weekend,77.5,13.5
B046,R06,40,27,Medium,Clear,Morning,Weekday,62.33,7.69
B023,R03,52,26,Medium,Clear,Morning,Weekday,58.13,9.47
B020,R05,60,8,High,Clear,Afternoon,Weekday,86.63,12.38
B038,R07,40,28,Low,Clear,Night,Weekend,48.77,4.53
B025,R07,29,42,Medium,Clear,Evening,Weekday,61.16,7.46
B028,R06,24,8,High,Rain,Night,Weekday,80.24,15.12
B005,R04,56,42,Medium,Cloudy,Afternoon,Weekday,73.7,8.59
B021,R03,49,30,High,Cloudy,Night,Weekend,81.33,7.83
B018,R06,57,18,Medium,Cloudy,Morning,Weekend,65.95,11.27
B047,R07,21,18,Medium,Clear,Morning,Weekday,55.45,10.68
B006,R03,27,35,Low,Clear,Morning,Weekend,38.9,6.45
B029,R03,29,24,High,Rain,Evening,Weekday,81.43,11.84
B019,R07,52,31,High,Clear,Night,Weekday,86.97,10.22
B033,R04,53,29,High,Clear,Afternoon,Weekend,86.18,7.71
B001,R04,35,8,Medium,Rain,Afternoon,Weekday,63.48,11.55
B045,R07,10,34,Low,Clear,Morning,Weekday,17.36,7.67
B003,R03,39,19,Low,Rain,Afternoon,Weekday,38.66,8.74
B042,R06,56,8,High,Rain,Evening,Weekend,86.71,15.26
B021,R02,60,27,Medium,Clear,Night,Weekday,68.77,6.72
B035,R01,8,50,Low,Clear,Evening,Weekday,30.63,5.32
B041,R04,44,10,Medium,Rain,Night,Weekday,65.09,14.16
B040,R07,24,19,Medium,Clear,Night,Weekday,52.62,11.15
B003,R08,45,27,Medium,Clear,Night,Weekday,54.87,9.61
B025,R02,58,35,Medium,Clear,Afternoon,Weekend,63.33,6.48
B045,R04,5,17,Medium,Cloudy,Afternoon,Weekday,46.54,8.14
B038,R08,49,19,High,Cloudy,Afternoon,Weekday,85.77,10.14
B045,R03,30,14,Low,Rain,Afternoon,Weekend,41.14,8.62
B020,R07,38,13,Low,Rain,Afternoon,Weekday,35.44,10.56
B044,R02,59,23,Medium,Rain,Afternoon,Weekday,69.71,9.55
B045,R07,14,17,High,Clear,Morning,Weekday,66.16,12.25
B034,R06,27,30,Medium,Cloudy,Morning,Weekend,57.93,8.42
B021,R06,55,34,Medium,Clear,Morning,Weekday,77.81,8.46
B048,R05,53,15,Medium,Clear,Evening,Weekday,63.69,8.53
B023,R01,28,8,Medium,Rain,Evening,Weekday,43.82,13.89
B006,R01,17,8,High,Clear,Evening,Weekday,70.94,13.49
B013,R04,33,8,High,Rain,Night,Weekday,78.57,13.08
B049,R01,50,34,Medium,Clear,Night,Weekday,55.92,7.39
B023,R07,31,28,Medium,Rain,Evening,Weekday,50.57,12.94
B009,R07,35,30,Low,Clear,Morning,Weekday,35.3,6.34
B017,R05,47,32,Medium,Clear,Afternoon,Weekday,69.22,8.95
B002,R08,14,29,Medium,Clear,Afternoon,Weekday,41.85,6.43
B019,R06,35,30,Medium,Clear,Afternoon,Weekday,56.16,7.94
B019,R08,43,36,Low,Clear,Night,Weekday,31.66,6.15
B007,R08,14,27,High,Rain,Evening,Weekday,69.44,15.64
B042,R02,28,37,Medium,Cloudy,Morning,Weekday,47.79,8.67
B042,R02,37,15,Medium,Clear,Afternoon,Weekday,69.37,7.52
B020,R06,18,42,Low,Clear,Evening,Weekday,24.75,5.36
B009,R03,39,37,Medium,Clear,Evening,Weekday,64.25,8.4
B017,R06,49,15,High,Clear,Night,Weekday,87.18,11.94
B027,R02,38,36,Medium,Cloudy,Night,Weekday,54.67,7.15
B047,R08,21,14,Medium,Clear,Night,Weekday,56.05,8.31
B002,R04,25,35,Low,Cloudy,Night,Weekday,22.39,6.78
B036,R05,36,15,Medium,Clear,Evening,Weekday,57.87,12.16
B019,R08,7,31,High,Cloudy,Night,Weekday,67.03,7.77
B017,R06,19,17,Medium,Cloudy,Afternoon,Weekday,48.29,10.58
B005,R03,12,8,High,Clear,Morning,Weekday,60.28,15.12
B039,R08,36,8,High,Rain,Night,Weekday,85.9,12.43
B018,R04,42,13,High,Cloudy,Afternoon,Weekday,80.36,10.24
B007,R06,30,34,High,Cloudy,Morning,Weekday,72.22,8.76
B017,R04,34,33,Low,Clear,Night,Weekend,31.47,6.63
B039,R08,13,8,High,Rain,Night,Weekend,66.98,10.5
B036,R06,36,29,Low,Cloudy,Morning,Weekday,36.93,6.67
B040,R04,15,44,Low,Clear,Afternoon,Weekday,26.05,7.47
B045,R07,26,28,Low,Clear,Afternoon,Weekday,41.26,7.03
B004,R01,38,32,Low,Clear,Evening,Weekday,47.16,7.36
B038,R04,45,28,Medium,Clear,Evening,Weekend,63.75,9.11
B025,R07,22,23,Medium,Rain,Night,Weekday,54.44,7.48
B005,R08,23,48,Low,Clear,Afternoon,Weekday,24.05,3.78
B030,R01,58,24,Medium,Rain,Afternoon,Weekend,69.46,10.85
B012,R02,22,39,Medium,Clear,Night,Weekday,52.34,4.75
B004,R01,41,8,High,Clear,Morning,Weekday,79.41,13.24
B024,R04,22,21,Low,Rain,Morning,Weekday,28.82,13.08
B029,R05,16,37,Low,Clear,Evening,Weekday,24.05,8.69
B009,R05,8,50,Low,Cloudy,Night,Weekday,24.18,5.49
B004,R02,51,17,Low,Rain,Morning,Weekend,51.23,10.04
B024,R04,47,18,Medium,Rain,Night,Weekend,70.06,9.96
B014,R01,31,33,Medium,Rain,Afternoon,Weekday,55.5,10.58
B005,R05,55,31,Low,Rain,Morning,Weekend,52.83,8.71
B018,R06,9,26,Medium,Cloudy,Morning,Weekday,39.84,9.44
B042,R03,10,15,Medium,Clear,Morning,Weekday,47.82,10.76
B019,R04,17,34,High,Cloudy,Afternoon,Weekday,67.94,11.65
B012,R07,27,16,Low,Rain,Evening,Weekday,30.09,9.13
B018,R07,46,30,High,Clear,Night,Weekday,93.78,11.42
B017,R06,60,29,Medium,Clear,Morning,Weekday,67.63,9.46
B030,R06,29,46,Low,Cloudy,Afternoon,Weekday,32.67,6.56
B024,R04,50,21,High,Cloudy,Morning,Weekday,82.7,12.77
B011,R03,8,11,High,Clear,Night,Weekday,65.73,10.06
B035,R05,56,13,Medium,Cloudy,Night,Weekday,74.74,11.24
B023,R03,59,27,Medium,Cloudy,Morning,Weekday,63.74,11.78
B017,R02,36,42,Medium,Cloudy,Afternoon,Weekday,60.38,6.13
B001,R01,48,33,Low,Clear,Morning,Weekend,45.74,6.74
B015,R01,19,45,Low,Clear,Afternoon,Weekday,21.45,3.07
B032,R06,30,26,High,Cloudy,Evening,Weekday,81.75,11.75
B009,R05,46,8,High,Cloudy,Morning,Weekday,84.35,14.52
B015,R03,15,36,Low,Clear,Afternoon,Weekday,31.11,6.85
B028,R06,13,13,High,Clear,Morning,Weekday,56.13,8.64
B024,R04,15,27,Medium,Clear,Night,Weekend,54.82,7.77
B035,R06,6,22,Low,Clear,Night,Weekday,33.3,6.42
B022,R04,49,23,Medium,Rain,Morning,Weekday,63.75,10.96
B027,R04,31,22,Medium,Cloudy,Morning,Weekend,51.88,6.21
B019,R02,58,21,High,Rain,Afternoon,Weekday,76.76,13.57
B045,R02,30,33,High,Clear,Afternoon,Weekend,68.51,7.85
B012,R04,12,34,Low,Clear,Night,Weekend,30.18,3.65
B020,R08,25,29,Medium,Clear,Afternoon,Weekday,52.34,9.58
B001,R05,25,23,High,Cloudy,Night,Weekend,64.91,6.3
B021,R02,12,22,High,Clear,Evening,Weekday,73.63,9.45
B049,R02,5,26,Low,Cloudy,Morning,Weekday,19.15,4.37
B045,R01,42,42,Medium,Clear,Afternoon,Weekday,53.6,8.67
B001,R06,17,9,High,Clear,Night,Weekday,68.72,11.42
B010,R01,13,28,Low,Clear,Night,Weekday,29.05,5.33
B047,R05,32,17,Medium,Rain,Morning,Weekend,49.3,10.75
B032,R02,10,11,High,Clear,Morning,Weekday,63.5,11.12
B039,R07,51,37,Low,Clear,Morning,Weekday,53.19,6.81
B022,R08,27,8,High,Rain,Afternoon,Weekday,66.73,14.28
B018,R02,52,20,Low,Cloudy,Evening,Weekday,47.75,12.16
B048,R03,40,43,Low,Clear,Evening,Weekday,38.41,5.32
B046,R05,21,48,Low,Clear,Evening,Weekday,33.18,5.16
B032,R07,13,37,Low,Clear,Evening,Weekday,21.26,6.02
B027,R06,16,23,Low,Cloudy,Night,Weekend,29.17,0.75
B028,R06,26,29,Medium,Cloudy,Afternoon,Weekday,48.23,8.64
B018,R07,55,35,Low,Clear,Evening,Weekend,37.49,7.32
B039,R06,56,14,High,Rain,Evening,Weekday,80.95,16.61
B049,R08,16,42,Medium,Clear,Afternoon,Weekday,46.91,5.0
B029,R07,58,14,Medium,Clear,Afternoon,Weekday,70.17,10.4
B018,R05,10,18,Medium,Rain,Morning,Weekday,51.05,11.35
B044,R07,48,21,Medium,Clear,Morning,Weekend,65.79,9.45
B008,R07,13,33,Medium,Rain,Evening,Weekday,54.29,12.63
B031,R03,56,24,Low,Cloudy,Night,Weekday,46.99,7.67
B034,R03,41,11,High,Clear,Morning,Weekday,83.26,10.42
B007,R01,57,37,Medium,Clear,Afternoon,Weekend,63.59,6.79
B036,R05,7,37,Low,Clear,Morning,Weekday,25.07,7.42
B018,R05,38,34,Medium,Rain,Morning,Weekday,57.13,11.1
B038,R03,12,40,Medium,Clear,Afternoon,Weekday,43.59,7.02
B009,R04,14,24,Low,Clear,Evening,Weekday,27.35,9.75
B009,R04,51,30,High,Clear,Morning,Weekday,78.41,12.86
B046,R01,45,23,Medium,Cloudy,Morning,Weekend,64.16,9.82
B008,R08,46,40,Medium,Clear,Evening,Weekend,66.52,8.57
B035,R04,47,15,Medium,Clear,Morning,Weekend,59.98,9.45
B018,R04,13,8,High,Rain,Night,Weekend,67.41,11.63
B005,R04,18,32,Low,Clear,Evening,Weekend,35.25,8.05
B014,R08,41,25,Medium,Clear,Night,Weekend,64.27,8.26
B028,R02,31,33,Low,Cloudy,Afternoon,Weekend,34.83,4.17
B030,R01,45,23,Medium,Rain,Night,Weekend,64.48,9.64
B004,R03,36,29,Low,Clear,Afternoon,Weekday,45.46,6.05
B039,R04,8,41,Low,Clear,Evening,Weekday,25.27,6.33
B020,R06,6,12,High,Clear,Afternoon,Weekday,67.73,9.15
B025,R07,55,35,Medium,Clear,Afternoon,Weekday,71.48,6.26
B028,R02,37,37,Low,Cloudy,Afternoon,Weekday,38.97,6.12
B012,R08,25,28,Medium,Cloudy,Afternoon,Weekday,58.95,6.75
B002,R08,5,35,Medium,Cloudy,Night,Weekday,37.44,5.08
B043,R08,48,24,Low,Clear,Afternoon,Weekday,46.14,6.15
B014,R04,15,14,Low,Rain,Afternoon,Weekday,24.74,7.8
B022,R07,5,13,High,Clear,Morning,Weekend,66.96,11.17
B031,R07,50,8,Medium,Rain,Morning,Weekday,64.91,15.38
B023,R02,15,38,Medium,Clear,Morning,Weekday,52.27,8.75
B048,R01,11,11,High,Cloudy,Afternoon,Weekend,69.33,9.31
B020,R08,6,19,Medium,Clear,Morning,Weekday,40.9,6.92
B038,R06,19,25,Low,Clear,Night,Weekday,32.19,6.33
B004,R06,12,33,Low,Rain,Evening,Weekday,28.29,12.11
B015,R06,58,16,Medium,Clear,Evening,Weekend,67.98,10.36
B024,R08,56,25,High,Cloudy,Evening,Weekday,92.33,10.24
B025,R04,51,40,Low,Cloudy,Morning,Weekday,44.95,8.23
B001,R02,30,37,Low,Cloudy,Afternoon,Weekend,31.1,1.38
B007,R08,44,10,High,Cloudy,Evening,Weekend,83.43,10.93
B031,R06,46,23,Low,Clear,Night,Weekday,45.28,6.42
B012,R07,55,34,Medium,Clear,Morning,Weekend,52.61,10.25
B042,R08,39,13,Low,Rain,Morning,Weekday,51.49,11.56
B005,R07,56,33,Medium,Clear,Night,Weekday,82.15,7.3
B044,R05,50,13,Medium,Cloudy,Afternoon,Weekday,60.83,8.69
B050,R08,45,38,Low,Clear,Afternoon,Weekday,45.58,3.93
B042,R05,45,14,Medium,Clear,Night,Weekday,57.16,8.49
B038,R02,25,37,Medium,Clear,Night,Weekend,44.19,5.32
B012,R08,42,12,Medium,Cloudy,Morning,Weekday,58.71,10.92
B039,R04,12,41,Medium,Clear,Night,Weekday,39.07,6.73
B018,R04,47,32,Medium,Clear,Afternoon,Weekday,66.17,8.21
B002,R01,36,24,Medium,Clear,Afternoon,Weekday,62.4,6.34
B010,R01,12,19,Medium,Clear,Afternoon,Weekday,54.8,4.52
B015,R06,48,23,Medium,Clear,Afternoon,Weekend,64.24,6.73
B030,R03,14,41,Medium,Clear,Afternoon,Weekend,51.32,7.94
B044,R07,27,19,Medium,Cloudy,Morning,Weekend,55.45,8.16
B017,R01,8,45,Low,Clear,Night,Weekday,25.44,3.79
B004,R04,52,47,Low,Clear,Night,Weekend,41.01,2.01
B007,R07,56,39,Low,Rain,Evening,Weekday,46.8,9.58
B041,R03,42,10,High,Clear,Morning,Weekday,79.16,13.73
B031,R01,34,19,High,Rain,Morning,Weekday,79.95,15.04
B039,R02,45,19,Medium,Clear,Morning,Weekend,51.96,9.41
B034,R05,27,48,Low,Clear,Morning,Weekday,38.76,6.14
B006,R01,9,43,Low,Clear,Morning,Weekday,23.17,7.17
B050,R08,25,18,High,Clear,Afternoon,Weekend,69.17,9.22
B038,R01,60,33,High,Cloudy,Evening,Weekday,91.72,14.64
B045,R08,10,40,Low,Clear,Afternoon,Weekday,24.88,4.57
B034,R02,53,10,High,Cloudy,Evening,Weekday,87.29,12.76
B044,R04,21,23,Medium,Clear,Morning,Weekend,57.04,6.92
B015,R06,29,37,Low,Clear,Morning,Weekday,25.55,5.99
B014,R02,28,15,Medium,Cloudy,Night,Weekday,47.05,8.35
B006,R06,26,17,Medium,Cloudy,Morning,Weekend,50.23,10.24
B050,R01,17,14,High,Clear,Morning,Weekend,75.49,12.37
B037,R04,21,49,Low,Clear,Morning,Weekday,34.45,4.88
B050,R03,18,22,Low,Rain,Morning,Weekday,28.38,10.49
B032,R01,38,42,Low,Rain,Morning,Weekday,42.03,9.3
B003,R02,30,38,Low,Clear,Evening,Weekday,39.2,6.7
B003,R03,23,22,Medium,Rain,Night,Weekend,54.09,9.86
B022,R05,30,31,Low,Clear,Morning,Weekend,40.42,6.9
B022,R03,7,21,Medium,Rain,Morning,Weekend,44.38,13.33
B010,R02,6,31,Medium,Cloudy,Morning,Weekday,45.45,10.42
B003,R07,32,8,Medium,Rain,Evening,Weekday,58.48,15.7
B012,R03,6,41,Medium,Cloudy,Evening,Weekday,40.95,7.22
B029,R02,26,30,Medium,Clear,Night,Weekday,52.33,5.61
B048,R07,11,31,Low,Clear,Morning,Weekend,28.04,5.95
B017,R01,8,45,Low,Clear,Night,Weekday,19.12,0.85
B007,R07,53,30,Low,Clear,Afternoon,Weekday,42.88,6.38
B013,R04,42,34,Low,Clear,Evening,Weekday,39.69,8.5
B002,R05,43,23,Low,Rain,Morning,Weekday,41.77,9.12
B004,R07,24,30,Low,Clear,Evening,Weekday,31.9,7.81
B010,R04,10,33,Medium,Clear,Night,Weekend,44.91,6.63
B039,R04,13,13,High,Clear,Afternoon,Weekday,67.17,9.77
B024,R04,56,38,Low,Cloudy,Morning,Weekday,46.83,7.62
B017,R07,35,8,High,Clear,Evening,Weekday,74.09,14.27
B006,R02,30,23,Low,Clear,Afternoon,Weekday,35.18,8.75
B019,R08,40,8,Medium,Rain,Night,Weekday,63.19,12.41
B005,R02,30,19,Medium,Rain,Night,Weekday,59.3,11.8
B032,R05,32,9,High,Cloudy,Evening,Weekday,66.05,12.53
B010,R02,9,28,Low,Cloudy,Evening,Weekday,19.54,7.97
B009,R06,55,27,Low,Clear,Morning,Weekend,52.22,8.42
B027,R02,14,21,Low,Cloudy,Night,Weekday,25.6,6.43
B013,R02,22,30,Medium,Clear,Morning,Weekday,41.82,11.17
B019,R02,19,18,High,Clear,Evening,Weekday,75.61,11.33
B021,R01,37,34,High,Clear,Afternoon,Weekday,83.53,9.22
B024,R05,9,19,Medium,Clear,Morning,Weekday,38.59,11.09
B038,R06,41,30,Medium,Clear,Night,Weekday,54.64,7.4
B004,R02,44,8,High,Clear,Evening,Weekday,96.91,14.75
B024,R08,26,23,Medium,Cloudy,Evening,Weekday,48.41,12.58
B035,R05,26,46,Low,Clear,Morning,Weekday,39.08,6.88
B003,R03,26,15,High,Cloudy,Morning,Weekday,80.72,12.42
B004,R01,56,47,Low,Clear,Evening,Weekday,40.74,7.06
B037,R07,19,21,Low,Rain,Morning,Weekend,24.94,10.64
B040,R08,21,37,Low,Clear,Evening,Weekend,35.66,4.19
B048,R02,55,36,Medium,Cloudy,Night,Weekend,60.69,4.77
B035,R08,49,21,Medium,Cloudy,Afternoon,Weekend,59.14,6.56
B031,R06,32,17,Low,Rain,Morning,Weekday,35.02,10.79
B044,R01,26,26,Medium,Clear,Night,Weekday,52.37,5.83
B025,R06,25,28,High,Clear,Night,Weekday,77.95,12.52
B040,R07,46,23,High,Clear,Morning,Weekday,85.81,10.69
B013,R07,21,35,Medium,Clear,Night,Weekday,51.53,8.02
B004,R08,9,27,High,Clear,Evening,Weekend,63.76,8.56
B046,R01,22,15,High,Rain,Morning,Weekday,65.75,14.07
B014,R03,21,40,Low,Clear,Afternoon,Weekday,36.58,4.58
B013,R08,8,29,Low,Clear,Evening,Weekday,24.7,5.2
B027,R05,58,28,Medium,Clear,Night,Weekday,72.28,8.71
B006,R01,11,48,Low,Clear,Night,Weekend,26.61,4.57
B017,R04,29,18,Low,Rain,Afternoon,Weekday,35.06,8.8
B036,R07,41,13,Medium,Rain,Afternoon,Weekend,61.02,11.08
B040,R03,44,47,Low,Clear,Night,Weekday,42.02,5.31
B049,R08,44,49,Low,Clear,Afternoon,Weekend,41.29,4.23
B035,R07,47,21,Medium,Rain,Afternoon,Weekday,60.5,8.67
B017,R04,13,29,Medium,Clear,Night,Weekday,49.16,7.99
B041,R03,23,17,High,Cloudy,Evening,Weekend,77.12,11.81
B002,R07,55,27,Medium,Rain,Morning,Weekday,68.7,12.75
B013,R04,13,17,Medium,Clear,Night,Weekday,54.52,9.82
B002,R04,27,37,Medium,Clear,Afternoon,Weekday,51.2,8.38
B028,R07,35,30,Low,Clear,Afternoon,Weekday,48.23,6.43
B043,R08,36,31,Low,Rain,Evening,Weekday,40.22,9.57
B026,R07,56,19,High,Clear,Night,Weekday,74.14,10.81
B022,R06,35,13,Medium,Clear,Night,Weekday,67.06,8.83
B047,R01,21,10,High,Cloudy,Afternoon,Weekend,65.74,10.36
B043,R01,52,30,Medium,Rain,Night,Weekend,67.05,9.77
B003,R03,43,45,Low,Clear,Afternoon,Weekday,44.06,5.32
B035,R05,26,32,Medium,Clear,Afternoon,Weekend,53.35,4.32
B012,R07,39,17,Medium,Cloudy,Afternoon,Weekday,58.94,10.07
B024,R08,34,26,Medium,Clear,Morning,Weekday,53.79,11.22
B005,R06,57,36,Medium,Clear,Afternoon,Weekend,65.94,6.46
B020,R01,55,9,High,Rain,Evening,Weekday,93.44,15.72
B039,R01,44,10,High,Clear,Night,Weekday,76.92,10.4
B039,R08,41,23,High,Clear,Morning,Weekday,80.77,14.56
B013,R06,30,46,Low,Clear,Night,Weekend,38.55,4.55
B041,R02,10,44,Low,Clear,Evening,Weekday,19.73,5.64
B045,R06,38,22,Low,Cloudy,Morning,Weekday,41.34,7.16
B012,R08,60,34,Low,Cloudy,Night,Weekday,55.24,4.95
B013,R01,36,31,Medium,Cloudy,Morning,Weekday,59.76,10.27
B010,R05,29,37,Medium,Cloudy,Afternoon,Weekday,60.13,6.41
B033,R02,55,14,Medium,Cloudy,Afternoon,Weekend,67.29,9.37
B040,R08,17,29,High,Clear,Night,Weekend,64.26,9.86
B016,R08,42,30,High,Clear,Evening,Weekend,80.23,9.16
B045,R04,42,34,Low,Cloudy,Morning,Weekday,34.18,6.32
B035,R06,6,31,High,Clear,Morning,Weekday,74.88,10.45
B003,R04,60,14,Medium,Clear,Night,Weekday,69.96,9.57
B005,R02,9,39,Medium,Clear,Afternoon,Weekday,35.09,5.6
B026,R02,15,18,High,Clear,Morning,Weekday,64.24,12.31
B011,R02,15,20,Low,Clear,Afternoon,Weekday,26.5,6.92
B007,R03,28,24,High,Cloudy,Afternoon,Weekday,67.61,9.09
B010,R06,18,31,Medium,Clear,Evening,Weekend,42.55,7.03
B042,R08,49,8,High,Rain,Afternoon,Weekday,82.78,14.13
B034,R07,34,28,High,Clear,Afternoon,Weekend,79.7,10.21
B003,R05,44,42,Medium,Clear,Morning,Weekday,66.75,6.06
B008,R05,51,23,Low,Clear,Evening,Weekend,51.08,7.84
B031,R08,48,38,Low,Clear,Evening,Weekday,41.05,8.63
B011,R04,39,34,Low,Rain,Night,Weekend,26.13,6.22
B045,R08,25,47,Low,Clear,Night,Weekday,41.39,1.98
B007,R04,59,31,High,Clear,Night,Weekday,88.41,8.68
B045,R07,9,29,Low,Clear,Evening,Weekday,22.32,7.37
B002,R04,42,30,High,Clear,Afternoon,Weekday,87.2,9.55
B006,R06,6,32,Medium,Clear,Evening,Weekend,41.44,4.44
B041,R01,44,23,Low,Clear,Afternoon,Weekend,44.45,4.98
B032,R04,41,27,Medium,Clear,Night,Weekday,61.73,10.0
B020,R02,58,12,Medium,Cloudy,Night,Weekday,62.81,9.87
B034,R04,53,38,Medium,Cloudy,Afternoon,Weekend,61.06,7.55
B050,R02,38,24,Medium,Clear,Afternoon,Weekday,57.89,8.06
B016,R03,15,38,Low,Cloudy,Night,Weekday,27.42,5.58
B025,R01,40,25,Medium,Cloudy,Afternoon,Weekday,56.89,9.08
B012,R01,15,24,Medium,Cloudy,Evening,Weekday,44.35,9.31
B007,R07,13,32,High,Clear,Night,Weekday,66.14,7.03
B039,R06,10,8,High,Clear,Evening,Weekday,61.48,12.82
B017,R08,60,29,Low,Clear,Night,Weekday,54.46,4.81
B045,R06,38,46,Low,Clear,Morning,Weekday,40.51,6.88
B011,R05,51,19,Medium,Clear,Evening,Weekday,62.86,12.44
B006,R03,41,12,High,Clear,Morning,Weekend,83.44,10.84
B023,R07,36,18,Medium,Rain,Night,Weekday,64.65,9.37
B027,R06,16,27,Low,Clear,Evening,Weekday,28.89,8.76
B046,R02,49,44,Low,Clear,Evening,Weekday,37.27,7.26
B006,R03,36,45,Low,Cloudy,Evening,Weekday,45.86,6.38
B038,R01,21,20,Low,Cloudy,Afternoon,Weekend,38.85,5.32
B002,R08,8,22,Medium,Clear,Evening,Weekend,50.2,7.46
B022,R08,46,27,Medium,Clear,Evening,Weekend,66.15,6.95
B020,R02,37,20,Low,Clear,Morning,Weekday,41.04,7.34
B025,R07,47,49,Low,Cloudy,Evening,Weekday,44.21,6.79
B015,R07,52,30,Medium,Clear,Afternoon,Weekend,66.48,7.32
B049,R03,47,32,High,Clear,Evening,Weekday,77.69,9.08
B029,R01,13,31,Medium,Clear,Morning,Weekday,40.79,7.74
B008,R06,38,21,High,Cloudy,Evening,Weekday,74.6,14.71
B037,R02,43,37,Medium,Cloudy,Evening,Weekend,51.46,8.43
B049,R02,55,26,Low,Clear,Morning,Weekday,41.26,9.73
B033,R01,34,28,Low,Clear,Night,Weekday,36.97,6.79
B022,R02,54,38,Medium,Cloudy,Evening,Weekday,55.83,8.75
B050,R08,24,10,Medium,Rain,Night,Weekday,47.24,10.34
B047,R06,43,31,Medium,Cloudy,Morning,Weekday,60.34,9.94
B005,R06,27,8,High,Rain,Morning,Weekday,69.67,14.02
B039,R06,45,12,Medium,Clear,Night,Weekday,60.83,11.16
B018,R01,48,25,Low,Clear,Afternoon,Weekday,45.43,6.26
B038,R04,39,19,High,Clear,Afternoon,Weekday,84.31,11.68
B037,R04,27,15,Medium,Clear,Morning,Weekday,49.81,10.55
B030,R07,58,14,Medium,Clear,Afternoon,Weekend,67.48,9.52
B031,R07,52,33,Medium,Clear,Afternoon,Weekday,54.94,7.12
B010,R08,43,20,Medium,Clear,Morning,Weekday,64.46,11.84
B015,R02,27,43,Low,Clear,Evening,Weekend,29.19,8.94
B042,R06,41,28,Medium,Rain,Evening,Weekend,62.21,10.1
B048,R02,27,44,Low,Clear,Evening,Weekday,31.92,7.77
B044,R01,43,33,Medium,Clear,Afternoon,Weekday,72.66,7.69
B018,R02,32,27,Low,Clear,Night,Weekday,45.15,4.71
B023,R05,23,19,Low,Rain,Afternoon,Weekday,34.64,7.11
B033,R04,53,31,Low,Cloudy,Evening,Weekday,48.63,7.15
B016,R02,52,12,Medium,Clear,Morning,Weekday,67.27,10.13
B038,R02,34,25,High,Clear,Morning,Weekend,74.7,8.52
B035,R03,25,31,Low,Cloudy,Morning,Weekday,28.64,8.47
B034,R08,28,27,Medium,Clear,Afternoon,Weekday,49.3,7.55
B028,R02,25,26,Low,Rain,Night,Weekday,29.33,8.84
B002,R05,30,33,High,Clear,Evening,Weekday,77.1,9.23
B030,R04,55,30,Low,Clear,Morning,Weekday,46.31,9.9
B013,R03,54,32,Low,Rain,Evening,Weekend,36.77,9.1
B041,R08,55,38,Low,Clear,Evening,Weekend,60.33,8.91
B016,R01,40,22,High,Clear,Afternoon,Weekend,79.18,9.91
B005,R07,30,24,Medium,Clear,Morning,Weekday,65.75,7.95
B028,R01,37,31,Low,Cloudy,Afternoon,Weekday,36.49,6.35
B039,R04,40,29,Low,Clear,Evening,Weekday,38.77,8.03
B045,R07,8,34,Low,Clear,Evening,Weekday,28.64,4.94
B020,R01,13,48,Low,Clear,Evening,Weekday,25.0,3.88
B024,R08,12,25,High,Rain,Morning,Weekday,68.01,14.11
B027,R05,6,39,Medium,Clear,Morning,Weekday,41.36,9.03
B030,R02,33,24,Medium,Clear,Morning,Weekend,54.11,6.93
B045,R04,27,32,Low,Cloudy,Evening,Weekday,41.18,7.48
B027,R07,10,35,Medium,Cloudy,Evening,Weekend,38.97,4.99
B026,R03,59,27,Low,Rain,Night,Weekend,46.95,9.76
B007,R02,47,36,Low,Clear,Morning,Weekend,52.63,6.42
B042,R01,40,35,Medium,Rain,Evening,Weekend,58.35,8.9
B047,R01,50,42,Low,Clear,Evening,Weekday,37.64,6.77
B038,R03,25,22,Medium,Clear,Night,Weekday,55.57,7.02
B005,R05,26,8,High,Rain,Night,Weekday,72.82,12.01
B023,R08,13,23,Low,Clear,Evening,Weekend,28.75,7.91
B028,R08,38,34,High,Cloudy,Morning,Weekend,79.33,8.44
B034,R03,30,29,Low,Rain,Afternoon,Weekend,29.47,9.7
B015,R04,5,33,Low,Cloudy,Afternoon,Weekday,23.69,5.65
B032,R03,40,41,Medium,Clear,Afternoon,Weekday,66.33,6.43
B026,R01,48,8,Medium,Rain,Morning,Weekend,61.49,16.31
B048,R05,9,50,Low,Clear,Evening,Weekend,20.07,3.61
B031,R05,45,10,High,Clear,Afternoon,Weekday,81.63,9.32
B019,R06,26,19,High,Clear,Afternoon,Weekday,71.95,11.41
B009,R03,8,45,Low,Clear,Morning,Weekend,22.39,2.73
B029,R04,52,20,High,Cloudy,Evening,Weekday,92.18,14.75
B039,R01,6,33,Medium,Clear,Evening,Weekend,44.21,5.12
B004,R02,20,8,High,Cloudy,Morning,Weekday,78.29,10.79
B003,R08,20,15,Low,Rain,Afternoon,Weekday,31.14,8.09
B029,R08,57,26,High,Clear,Evening,Weekday,90.3,13.46
B011,R08,60,44,Low,Cloudy,Evening,Weekday,60.9,6.96
B033,R05,60,8,High,Cloudy,Afternoon,Weekday,91.72,11.35
B038,R08,26,17,Medium,Cloudy,Morning,Weekday,51.72,10.77
B011,R03,47,34,Medium,Clear,Afternoon,Weekend,58.79,8.52
B027,R06,5,45,Low,Clear,Night,Weekday,18.23,2.96
B033,R04,19,32,High,Clear,Evening,Weekday,67.41,9.11
B021,R04,28,39,Medium,Clear,Morning,Weekend,52.75,9.28
B039,R07,8,17,Medium,Clear,Afternoon,Weekday,33.68,7.34
B031,R08,22,17,Medium,Cloudy,Afternoon,Weekend,50.92,7.75
B038,R01,21,22,High,Clear,Morning,Weekday,56.86,10.27
B046,R05,11,23,Low,Rain,Evening,Weekend,31.88,8.32
B002,R01,54,38,Low,Cloudy,Morning,Weekday,37.56,6.71
B027,R08,49,17,High,Clear,Night,Weekend,85.42,11.25
B036,R06,56,26,Medium,Clear,Morning,Weekday,68.73,12.04
B011,R02,56,50,Low,Cloudy,Night,Weekday,54.71,4.27
B047,R08,14,24,Low,Cloudy,Evening,Weekend,27.68,5.85
B018,R02,5,19,High,Rain,Afternoon,Weekday,62.0,13.42
B001,R02,6,31,Low,Clear,Night,Weekend,24.58,6.41
B035,R04,53,24,Medium,Clear,Night,Weekday,63.86,9.66
B035,R05,26,18,High,Rain,Morning,Weekday,70.44,14.52
B031,R08,36,37,Low,Clear,Morning,Weekday,39.07,9.67
B028,R01,33,8,High,Cloudy,Afternoon,Weekday,75.03,11.45
B039,R01,39,23,Medium,Clear,Evening,Weekday,62.71,10.69
B001,R06,21,16,Medium,Cloudy,Night,Weekend,46.09,6.46
B025,R02,16,42,Medium,Clear,Afternoon,Weekday,52.76,6.93
B043,R05,28,24,Medium,Cloudy,Night,Weekday,56.35,6.87
B038,R05,34,42,Low,Clear,Afternoon,Weekday,37.13,4.17
B020,R06,48,41,Low,Rain,Morning,Weekend,36.3,8.03
B003,R03,34,16,High,Clear,Morning,Weekday,81.19,12.85
B002,R05,24,25,Low,Clear,Evening,Weekday,41.81,7.33
B018,R05,46,32,High,Clear,Morning,Weekend,80.68,11.53
B044,R01,11,28,Low,Rain,Afternoon,Weekday,29.8,6.06
B010,R06,46,37,Medium,Cloudy,Night,Weekday,62.43,6.98
B005,R08,54,8,High,Clear,Afternoon,Weekday,81.52,12.1
B009,R05,58,26,Low,Clear,Evening,Weekday,45.16,9.33
B002,R05,42,24,High,Clear,Morning,Weekday,80.46,12.77
B034,R01,11,21,Medium,Clear,Morning,Weekday,47.77,7.52
B038,R08,53,41,Medium,Clear,Night,Weekday,59.2,7.53
B031,R08,34,42,Medium,Cloudy,Evening,Weekday,53.47,7.16
B010,R05,16,23,Low,Clear,Evening,Weekday,28.16,8.57
B050,R01,53,31,Low,Cloudy,Morning,Weekday,40.2,7.26
B012,R03,35,10,Medium,Rain,Evening,Weekday,59.46,14.94
B036,R04,22,30,Low,Rain,Afternoon,Weekday,39.62,7.81
B021,R07,50,26,Low,Cloudy,Evening,Weekday,44.49,8.91
B049,R01,47,8,High,Clear,Afternoon,Weekend,87.18,14.63
B047,R01,6,26,High,Cloudy,Afternoon,Weekday,56.62,10.08
B006,R05,57,19,Medium,Clear,Afternoon,Weekend,65.35,9.4
B048,R01,37,29,Medium,Clear,Morning,Weekend,63.47,8.28
B049,R06,15,35,Medium,Cloudy,Afternoon,Weekday,40.68,5.88
B003,R02,38,32,Medium,Rain,Night,Weekday,55.45,9.36
B010,R02,20,24,Medium,Clear,Evening,Weekday,55.71,11.57
B005,R03,58,26,High,Clear,Afternoon,Weekday,85.95,9.75
B046,R08,39,50,Low,Cloudy,Night,Weekend,29.5,4.23
B026,R01,56,14,Medium,Clear,Morning,Weekday,65.18,10.4
B021,R08,37,16,High,Cloudy,Morning,Weekday,87.22,10.83
B045,R06,25,18,Medium,Clear,Morning,Weekday,59.7,9.08
B026,R05,24,8,High,Clear,Morning,Weekend,71.61,12.32
B038,R05,12,37,Low,Clear,Evening,Weekday,24.83,7.94
B044,R07,55,33,Low,Rain,Morning,Weekend,59.3,9.73
B026,R04,30,19,High,Cloudy,Evening,Weekday,70.32,11.93
B008,R03,37,15,Medium,Rain,Night,Weekday,55.29,12.27
B005,R06,30,40,Medium,Clear,Morning,Weekday,60.3,7.89
B015,R08,41,37,Low,Rain,Morning,Weekday,36.17,8.96
B016,R06,34,20,High,Clear,Night,Weekend,78.83,7.87
B001,R07,35,9,Medium,Rain,Night,Weekday,51.32,13.46
B016,R07,37,25,Low,Clear,Evening,Weekday,45.95,7.54
B037,R05,15,25,Medium,Clear,Afternoon,Weekday,45.34,5.81
B003,R08,57,25,Medium,Clear,Evening,Weekday,65.25,10.61
B047,R04,45,38,Low,Cloudy,Afternoon,Weekday,38.28,6.93
B031,R05,9,16,Medium,Clear,Evening,Weekend,38.75,9.82
B013,R04,6,22,Medium,Rain,Afternoon,Weekend,41.25,8.35
B016,R02,17,30,Low,Clear,Morning,Weekday,16.71,5.96
B043,R06,22,27,High,Clear,Afternoon,Weekday,65.55,12.5
B021,R07,30,31,Low,Clear,Night,Weekend,35.08,3.43
B002,R02,29,38,Low,Clear,Night,Weekday,34.94,5.0
B027,R08,48,32,Medium,Cloudy,Afternoon,Weekday,63.65,7.04
B038,R05,18,40,Medium,Cloudy,Morning,Weekday,45.21,8.98
B026,R03,9,24,High,Rain,Morning,Weekday,72.07,14.23
B038,R01,60,36,Low,Clear,Afternoon,Weekday,54.35,4.83
B046,R03,46,25,Medium,Rain,Afternoon,Weekday,62.48,11.32
B025,R03,56,36,Low,Clear,Night,Weekend,47.42,1.7
B011,R01,6,21,High,Rain,Night,Weekday,60.63,11.7
B008,R06,8,13,Medium,Clear,Evening,Weekday,40.78,5.81
B008,R02,16,17,Medium,Cloudy,Morning,Weekday,47.22,9.93
B033,R02,15,44,Low,Cloudy,Morning,Weekday,32.23,4.98
B007,R06,8,22,High,Clear,Morning,Weekday,61.77,8.4
B038,R01,47,17,Medium,Clear,Evening,Weekday,69.9,11.97
B021,R04,13,8,High,Cloudy,Evening,Weekday,63.25,12.4
B008,R03,14,33,Low,Clear,Night,Weekday,34.46,3.39
B021,R05,31,42,Medium,Clear,Night,Weekday,54.01,7.61
B020,R02,10,26,High,Cloudy,Afternoon,Weekday,68.4,8.64
B008,R06,19,13,Medium,Cloudy,Evening,Weekday,60.88,10.96
B046,R05,46,33,Low,Rain,Evening,Weekday,55.09,10.05
B031,R07,35,24,High,Clear,Evening,Weekend,70.79,10.67
B050,R01,26,31,Low,Clear,Morning,Weekday,38.17,9.22
B029,R05,57,36,Low,Clear,Night,Weekday,43.78,5.37
B048,R08,10,38,Medium,Cloudy,Afternoon,Weekday,46.88,6.41
B009,R05,37,35,Medium,Rain,Evening,Weekday,60.94,12.24
B015,R08,33,19,High,Rain,Evening,Weekday,80.81,12.98
B030,R03,25,8,Medium,Rain,Evening,Weekday,46.1,13.94
B026,R01,58,8,Medium,Rain,Morning,Weekday,63.11,11.9
B010,R05,60,11,Medium,Rain,Afternoon,Weekday,65.86,15.68
B029,R02,56,37,Medium,Clear,Afternoon,Weekend,70.92,9.02
B016,R01,34,9,High,Rain,Evening,Weekend,78.23,11.61
B036,R02,25,20,High,Cloudy,Afternoon,Weekday,74.56,11.5
B020,R06,40,25,Medium,Clear,Morning,Weekday,54.12,9.84
B045,R06,59,41,Low,Clear,Evening,Weekday,50.34,5.67
B037,R07,26,20,High,Clear,Night,Weekday,69.71,7.16
B022,R04,50,48,Low,Cloudy,Night,Weekday,41.92,4.9
B007,R06,24,35,Low,Cloudy,Afternoon,Weekday,31.36,7.45
B023,R05,26,35,Low,Clear,Night,Weekday,25.42,8.59
B041,R01,56,25,Low,Cloudy,Night,Weekend,50.65,6.47
B040,R06,44,29,High,Clear,Evening,Weekday,74.83,10.34
B029,R02,15,35,Medium,Rain,Morning,Weekday,45.44,13.17
B016,R05,51,8,High,Cloudy,Evening,Weekday,89.21,12.41
B038,R06,35,38,Low,Rain,Morning,Weekday,29.94,8.66
B028,R08,55,38,Medium,Clear,Evening,Weekday,60.49,10.78
B048,R08,44,13,High,Rain,Night,Weekday,87.18,15.6
B038,R03,17,27,High,Clear,Evening,Weekday,63.13,9.21
B031,R02,22,34,Medium,Clear,Afternoon,Weekday,55.84,6.73
B014,R07,26,21,Low,Clear,Afternoon,Weekday,35.2,7.14
B033,R07,60,21,High,Cloudy,Morning,Weekend,83.3,8.0
B009,R07,21,33,Low,Rain,Morning,Weekday,31.36,6.22
B027,R02,42,31,Medium,Cloudy,Morning,Weekday,63.26,6.84
B024,R07,29,16,Medium,Rain,Afternoon,Weekday,47.53,11.38
B013,R04,36,15,Medium,Clear,Evening,Weekend,58.3,10.74
B026,R03,19,20,Medium,Clear,Night,Weekday,53.68,9.57
B029,R04,17,22,Medium,Clear,Morning,Weekend,48.09,8.52
B049,R08,30,36,Low,Clear,Evening,Weekend,35.75,9.67
B043,R06,54,34,Medium,Rain,Evening,Weekday,66.3,13.49
B028,R03,15,24,Medium,Cloudy,Afternoon,Weekday,52.62,9.29
B028,R02,17,45,Low,Clear,Afternoon,Weekday,28.01,5.31
B008,R04,37,44,Low,Cloudy,Night,Weekday,35.01,5.17
B023,R05,54,47,Low,Clear,Evening,Weekday,45.88,9.61
B029,R03,41,30,Medium,Clear,Morning,Weekday,52.68,10.34
B005,R02,42,11,High,Clear,Afternoon,Weekday,65.93,10.32
B042,R01,5,24,Low,Cloudy,Evening,Weekday,18.36,7.38
B007,R03,43,14,Medium,Rain,Afternoon,Weekday,69.12,11.22
B042,R03,31,26,Medium,Clear,Evening,Weekday,60.59,8.6
B036,R06,40,38,Low,Clear,Afternoon,Weekend,31.78,3.33
B041,R05,36,28,High,Clear,Morning,Weekday,72.75,12.04
B027,R06,45,20,Medium,Clear,Night,Weekend,59.38,5.73
B046,R07,19,19,High,Cloudy,Morning,Weekday,68.54,11.55
B002,R03,35,35,Low,Clear,Afternoon,Weekday,32.35,4.63
B025,R08,10,27,Low,Cloudy,Afternoon,Weekend,21.94,2.54
B009,R03,29,22,Low,Clear,Afternoon,Weekend,39.62,5.06
B027,R07,53,22,Low,Clear,Morning,Weekday,41.5,8.88
B001,R05,56,13,High,Clear,Afternoon,Weekday,90.81,14.66
B023,R05,22,50,Low,Clear,Morning,Weekday,34.81,3.64
B010,R08,26,16,Medium,Rain,Afternoon,Weekday,64.99,11.32
B042,R08,35,34,Low,Clear,Night,Weekend,34.06,5.18
B025,R04,40,18,High,Clear,Night,Weekday,74.41,10.42
B003,R02,13,30,High,Cloudy,Afternoon,Weekday,57.9,10.68
B006,R02,50,30,Medium,Rain,Evening,Weekday,68.3,13.08
B006,R04,7,31,Low,Rain,Morning,Weekday,25.64,9.92
B002,R02,37,25,Medium,Clear,Afternoon,Weekday,57.98,7.13
B018,R03,31,30,Low,Clear,Morning,Weekday,37.12,5.28
B023,R04,47,25,Low,Cloudy,Evening,Weekday,43.91,8.4
B002,R04,5,16,Medium,Rain,Night,Weekday,40.46,9.71
B012,R02,48,21,High,Clear,Morning,Weekday,82.32,11.61
B022,R01,13,28,High,Clear,Morning,Weekend,66.02,9.6
B037,R08,9,13,Medium,Clear,Morning,Weekend,56.76,7.73
B020,R02,19,37,Medium,Clear,Morning,Weekday,54.05,7.25
B039,R06,54,27,High,Cloudy,Morning,Weekday,81.17,14.07
B024,R01,13,37,Medium,Clear,Night,Weekday,48.49,4.71
B048,R04,49,27,Medium,Clear,Morning,Weekend,64.46,10.9
B020,R01,32,8,High,Clear,Morning,Weekday,85.03,13.82
B001,R03,17,23,Low,Clear,Night,Weekend,34.79,6.35
B001,R05,28,40,Low,Clear,Afternoon,Weekday,33.5,6.43
B017,R01,49,41,Medium,Clear,Afternoon,Weekend,64.36,6.11
B001,R06,14,29,Low,Rain,Morning,Weekday,21.32,8.02
B045,R05,46,31,Medium,Clear,Night,Weekday,66.27,7.49
B030,R03,26,33,Medium,Cloudy,Morning,Weekday,58.73,8.49
B041,R06,43,32,Medium,Rain,Afternoon,Weekend,62.11,7.5
B047,R07,26,13,High,Clear,Night,Weekday,74.32,11.01
B003,R05,41,37,Low,Clear,Evening,Weekday,38.87,6.86
B046,R07,56,41,Medium,Clear,Night,Weekend,72.41,6.83
B011,R03,43,46,Low,Cloudy,Afternoon,Weekday,34.79,4.55
B024,R05,24,30,Medium,Cloudy,Night,Weekday,46.41,8.55
B022,R05,14,22,Medium,Clear,Evening,Weekday,51.65,10.2
B044,R02,14,18,Medium,Rain,Night,Weekday,39.95,9.3
B045,R06,30,23,Low,Cloudy,Morning,Weekday,31.83,7.79
B026,R08,29,27,Medium,Clear,Morning,Weekend,53.11,4.84
B013,R06,57,14,Medium,Cloudy,Afternoon,Weekday,70.86,9.09
B001,R01,60,44,Low,Clear,Night,Weekday,50.77,6.09
B024,R07,32,33,Medium,Cloudy,Afternoon,Weekday,40.61,5.8
B010,R07,17,22,Medium,Clear,Night,Weekday,51.4,8.66
B035,R06,19,8,High,Cloudy,Afternoon,Weekday,68.4,8.57
B024,R06,10,24,High,Clear,Night,Weekday,70.33,9.34
B028,R05,56,13,Medium,Cloudy,Morning,Weekday,63.15,11.07
B036,R07,16,15,High,Clear,Afternoon,Weekday,75.88,11.48
B016,R04,23,41,Medium,Cloudy,Afternoon,Weekday,45.62,5.4
B040,R08,36,16,High,Clear,Evening,Weekday,75.69,12.29
B016,R02,15,44,Low,Clear,Night,Weekday,33.8,5.87
B017,R08,42,13,Medium,Clear,Morning,Weekday,72.27,12.75
B015,R01,37,16,Medium,Clear,Morning,Weekend,52.63,6.45
B016,R08,6,34,Medium,Cloudy,Morning,Weekday,55.47,5.4
B015,R02,59,31,Low,Rain,Afternoon,Weekday,37.6,11.28
B034,R01,19,48,Low,Cloudy,Morning,Weekday,33.28,6.97
B011,R03,40,36,Low,Rain,Afternoon,Weekday,48.81,9.24
B001,R05,9,24,Low,Clear,Evening,Weekday,19.34,7.08
B015,R06,19,45,Low,Clear,Morning,Weekday,35.64,5.42
B026,R06,47,39,Medium,Cloudy,Evening,Weekday,60.94,7.16
B004,R04,14,8,High,Rain,Night,Weekday,63.25,12.17
B043,R08,21,30,Medium,Cloudy,Night,Weekend,43.72,7.38
B005,R07,38,34,High,Clear,Evening,Weekend,78.61,10.03
B035,R07,56,22,High,Clear,Night,Weekday,88.72,12.26
B013,R02,28,22,Medium,Clear,Morning,Weekday,48.03,11.04
B010,R02,14,31,Low,Clear,Morning,Weekday,34.12,7.82
B011,R02,56,38,Low,Cloudy,Afternoon,Weekday,44.96,6.68
B018,R07,34,23,High,Clear,Evening,Weekday,76.81,11.52
B034,R06,7,22,Low,Rain,Evening,Weekday,24.66,10.18
B039,R07,55,21,Medium,Rain,Afternoon,Weekday,82.48,10.14
B041,R02,41,16,Medium,Rain,Morning,Weekday,66.91,10.52
B042,R05,7,8,High,Rain,Evening,Weekday,67.58,14.84
B050,R01,44,37,Medium,Clear,Afternoon,Weekday,59.79,6.51
B023,R06,9,22,High,Rain,Evening,Weekday,66.37,12.47
B007,R05,32,40,Low,Clear,Evening,Weekend,38.39,5.64
B039,R03,48,41,Low,Rain,Afternoon,Weekday,43.85,9.26
B003,R08,18,19,Medium,Clear,Evening,Weekday,53.79,11.55
B012,R05,43,11,High,Clear,Night,Weekend,97.16,8.84
B007,R08,15,36,Medium,Clear,Afternoon,Weekday,41.95,9.27
B049,R05,12,28,High,Clear,Afternoon,Weekday,68.07,9.25
B026,R03,41,9,High,Rain,Night,Weekday,82.46,14.65
B033,R05,12,18,High,Rain,Evening,Weekend,64.81,11.47
B037,R01,16,24,Medium,Clear,Night,Weekend,44.65,6.24
B048,R06,19,21,Medium,Clear,Evening,Weekday,45.89,9.53
B015,R08,23,34,Low,Cloudy,Morning,Weekday,42.71,3.87
B002,R04,52,26,High,Clear,Night,Weekday,86.79,10.34
B041,R07,50,31,High,Cloudy,Night,Weekday,90.07,11.12
B007,R03,32,27,Medium,Clear,Night,Weekday,54.6,6.93
B032,R08,11,32,Low,Cloudy,Morning,Weekend,27.66,4.05
B004,R06,44,23,Low,Rain,Evening,Weekend,44.58,11.81
B020,R02,11,15,High,Clear,Morning,Weekend,64.3,10.44
B050,R08,34,33,Low,Clear,Night,Weekday,38.32,5.42
B036,R01,22,16,High,Rain,Morning,Weekend,77.42,13.25
B032,R04,28,8,Medium,Rain,Night,Weekday,48.44,12.44
B028,R01,10,19,Medium,Rain,Afternoon,Weekday,46.13,11.29
B013,R08,55,14,High,Cloudy,Evening,Weekday,90.36,14.98
B001,R01,8,22,Low,Clear,Night,Weekend,27.99,5.0
B035,R02,59,29,Medium,Clear,Morning,Weekday,74.3,12.09
B048,R04,7,11,High,Clear,Morning,Weekend,67.12,7.57
B030,R07,53,34,Medium,Cloudy,Morning,Weekday,72.47,11.14
B036,R01,58,11,High,Clear,Evening,Weekday,86.97,13.54
B025,R02,55,16,High,Cloudy,Afternoon,Weekday,94.79,9.59
B016,R03,51,18,Low,Rain,Evening,Weekday,46.12,13.48
B019,R02,10,41,Low,Rain,Afternoon,Weekday,29.37,6.49
B001,R05,30,21,Medium,Clear,Morning,Weekday,48.45,11.03
B005,R08,48,26,Medium,Clear,Evening,Weekday,67.32,10.08
B022,R06,55,32,Medium,Rain,Afternoon,Weekday,68.27,11.29
B024,R08,42,29,High,Clear,Morning,Weekend,79.5,10.03
B043,R08,15,17,Low,Rain,Morning,Weekday,33.97,10.09
B045,R02,56,8,Medium,Rain,Evening,Weekday,69.12,13.86
B037,R02,33,27,Low,Clear,Afternoon,Weekday,37.51,4.19
B036,R02,24,21,Low,Clear,Morning,Weekday,24.86,6.05
B036,R08,14,12,Medium,Clear,Morning,Weekend,43.57,9.05
B004,R07,30,28,High,Cloudy,Morning,Weekday,75.92,10.04
B036,R01,52,49,Low,Clear,Night,Weekday,42.63,5.78
B018,R07,31,38,Medium,Cloudy,Afternoon,Weekend,62.76,5.6
B050,R04,54,31,Medium,Rain,Afternoon,Weekend,65.53,9.07
B016,R02,18,43,Low,Clear,Night,Weekend,24.18,5.71
B041,R02,40,31,Medium,Rain,Morning,Weekday,54.42,10.81
B018,R05,16,19,High,Cloudy,Night,Weekend,67.33,8.79
B022,R05,56,29,Medium,Rain,Night,Weekday,72.26,13.63
B002,R03,27,24,Low,Clear,Night,Weekday,28.8,7.36
B021,R03,25,30,Medium,Clear,Afternoon,Weekday,47.27,7.67
B036,R05,12,41,Medium,Clear,Morning,Weekday,43.12,6.28
B044,R04,43,30,Low,Clear,Morning,Weekend,41.16,3.57
B039,R03,13,27,Low,Clear,Afternoon,Weekend,21.21,0.27
B047,R06,28,16,Low,Rain,Afternoon,Weekend,34.61,7.56
B039,R06,35,33,Low,Clear,Night,Weekday,45.28,8.15
B029,R04,29,29,Low,Rain,Night,Weekend,34.43,5.99
B026,R05,21,20,Medium,Cloudy,Evening,Weekday,48.46,8.32
B021,R03,46,38,Medium,Clear,Evening,Weekday,68.59,9.04
B017,R02,33,8,High,Clear,Afternoon,Weekday,70.74,11.28
B016,R05,7,32,Medium,Rain,Night,Weekday,46.15,9.24
B031,R03,25,8,High,Cloudy,Afternoon,Weekday,72.63,12.5
B009,R04,12,21,Medium,Clear,Night,Weekend,54.46,5.09
B031,R06,18,31,Low,Rain,Night,Weekday,35.27,9.45
B014,R08,43,33,Medium,Clear,Afternoon,Weekend,51.72,7.66
B049,R04,20,12,High,Cloudy,Afternoon,Weekday,71.05,9.35
B037,R08,22,41,Low,Clear,Morning,Weekday,23.7,4.53
B002,R03,35,47,Low,Clear,Morning,Weekday,43.2,3.95
B048,R04,15,35,Low,Clear,Evening,Weekend,22.74,7.35
B046,R03,42,32,Medium,Rain,Afternoon,Weekday,64.94,9.76
B014,R03,24,32,Low,Rain,Evening,Weekday,37.76,9.23
B033,R08,57,36,Low,Clear,Afternoon,Weekday,39.39,6.56
B035,R04,50,50,Low,Clear,Afternoon,Weekday,52.37,3.13
B039,R01,57,13,Medium,Clear,Afternoon,Weekday,74.11,12.12
B047,R02,49,34,Medium,Clear,Morning,Weekday,59.23,9.83
B020,R05,8,30,Medium,Clear,Evening,Weekday,49.81,8.97
B002,R06,24,13,Medium,Clear,Afternoon,Weekday,46.01,8.38
B041,R02,35,27,Medium,Clear,Evening,Weekday,62.04,7.78
B019,R05,24,35,Low,Clear,Evening,Weekend,31.54,7.55
B037,R05,15,39,Medium,Cloudy,Morning,Weekday,40.4,10.98
B018,R06,54,34,Low,Rain,Morning,Weekday,54.38,8.97
B016,R02,5,25,Medium,Cloudy,Afternoon,Weekday,49.87,5.41
B004,R06,48,31,Medium,Cloudy,Night,Weekend,64.96,5.76
B012,R03,22,20,Low,Clear,Evening,Weekday,31.11,6.98
B029,R06,43,50,Low,Clear,Morning,Weekday,39.49,8.21
B007,R08,48,28,Low,Cloudy,Evening,Weekend,46.77,5.96
B014,R08,37,34,Low,Cloudy,Night,Weekend,40.54,8.1
B012,R04,58,34,Low,Clear,Evening,Weekday,56.63,11.21
B035,R01,40,28,High,Clear,Afternoon,Weekend,81.05,9.97
B005,R01,22,15,Medium,Rain,Evening,Weekday,58.0,13.68
B017,R01,51,16,Medium,Cloudy,Morning,Weekend,56.2,11.18
B042,R02,35,19,Medium,Cloudy,Afternoon,Weekday,61.55,7.68
B032,R08,39,33,Medium,Cloudy,Afternoon,Weekday,60.39,5.81
B010,R02,43,10,High,Clear,Night,Weekend,83.29,10.52
B043,R03,42,32,High,Clear,Afternoon,Weekday,90.09,7.5
B017,R07,19,8,High,Rain,Morning,Weekday,75.04,13.42
B005,R01,51,34,High,Clear,Night,Weekday,83.75,10.9
B045,R03,10,50,Low,Clear,Afternoon,Weekday,20.74,3.83
B042,R08,12,18,Medium,Cloudy,Night,Weekday,36.42,9.77
B009,R07,44,22,High,Clear,Evening,Weekday,84.25,11.98
B049,R01,26,25,Medium,Cloudy,Afternoon,Weekday,59.15,10.31
B033,R02,5,14,High,Clear,Morning,Weekday,68.84,10.0
B036,R07,17,38,Low,Cloudy,Morning,Weekday,26.48,7.32
B036,R04,59,37,Medium,Cloudy,Afternoon,Weekday,75.75,8.26
B018,R04,28,17,High,Clear,Evening,Weekday,80.35,13.83
B009,R04,25,30,Medium,Clear,Night,Weekday,57.33,6.12
B029,R06,49,37,Medium,Clear,Morning,Weekend,64.76,9.44
B050,R04,47,25,Low,Clear,Morning,Weekday,43.27,8.91
B014,R05,8,12,Medium,Clear,Night,Weekday,46.68,6.69
B025,R01,11,17,High,Clear,Night,Weekday,68.91,12.89
B015,R04,16,23,Medium,Cloudy,Morning,Weekend,45.63,7.74
B006,R07,17,48,Low,Cloudy,Night,Weekday,26.69,4.94
B042,R08,58,31,Low,Clear,Afternoon,Weekday,50.35,7.6
B029,R05,48,32,High,Clear,Morning,Weekend,80.91,8.45
B015,R05,20,20,Medium,Clear,Morning,Weekday,47.46,10.8
B029,R05,10,48,Low,Cloudy,Morning,Weekend,16.2,2.11
B004,R03,18,28,Low,Clear,Afternoon,Weekday,23.95,4.69
B018,R07,55,17,High,Clear,Morning,Weekday,91.22,13.28
B050,R03,52,23,High,Clear,Night,Weekday,91.04,10.75
B049,R05,35,14,Low,Rain,Morning,Weekday,37.3,12.06
B044,R06,40,33,Low,Cloudy,Afternoon,Weekday,43.95,2.3
B039,R04,41,19,High,Rain,Afternoon,Weekday,69.34,10.92
B016,R08,45,41,Medium,Clear,Evening,Weekday,64.64,10.17
B011,R01,60,32,High,Clear,Morning,Weekend,82.7,10.52
B014,R07,39,18,Medium,Clear,Afternoon,Weekend,55.3,8.3
B003,R06,58,19,Medium,Rain,Evening,Weekday,72.25,14.59
B050,R02,14,33,Medium,Clear,Morning,Weekday,51.1,6.59
B042,R03,21,11,High,Clear,Afternoon,Weekday,60.97,8.47
B038,R04,55,30,Medium,Clear,Afternoon,Weekday,59.16,9.62
B045,R04,46,21,Low,Cloudy,Morning,Weekday,39.65,7.46
B042,R02,34,45,Low,Clear,Morning,Weekday,28.04,6.46
B018,R02,48,8,High,Clear,Evening,Weekday,81.93,13.59
B020,R07,59,32,Medium,Rain,Morning,Weekday,73.83,10.79
B048,R04,11,30,Medium,Clear,Morning,Weekday,37.74,7.48
B025,R02,22,35,Medium,Cloudy,Night,Weekday,61.06,8.3
B038,R04,23,47,Low,Clear,Morning,Weekend,30.2,4.84
B013,R06,19,20,Low,Rain,Afternoon,Weekday,31.36,8.06
B004,R07,43,50,Low,Clear,Evening,Weekday,36.36,7.23
B014,R08,48,18,Medium,Clear,Evening,Weekday,69.21,13.25
B033,R02,26,39,Medium,Cloudy,Evening,Weekday,54.17,8.6
B028,R06,43,21,High,Clear,Afternoon,Weekday,82.77,13.73
B037,R06,46,15,High,Rain,Morning,Weekday,84.93,15.64
B008,R02,60,24,Medium,Cloudy,Afternoon,Weekday,63.53,8.75
B044,R07,58,27,Medium,Cloudy,Night,Weekday,71.05,9.43
B034,R04,34,42,Low,Clear,Evening,Weekday,40.52,10.31
B044,R08,24,30,Low,Cloudy,Morning,Weekday,24.35,9.04
B005,R05,36,43,Low,Cloudy,Morning,Weekend,36.65,3.3
B005,R04,46,36,Medium,Cloudy,Evening,Weekday,61.46,7.42
B031,R01,29,41,Low,Clear,Night,Weekday,34.71,4.37
B045,R02,27,22,Low,Rain,Night,Weekend,37.11,11.05
B009,R03,9,30,Medium,Clear,Morning,Weekday,48.59,8.41
B042,R07,54,36,Medium,Clear,Afternoon,Weekday,66.5,6.91
B032,R02,45,9,Medium,Rain,Evening,Weekday,67.28,17.34
B033,R01,34,23,Medium,Cloudy,Afternoon,Weekday,50.11,9.73
B003,R06,52,23,Low,Clear,Morning,Weekend,47.31,7.16
B030,R03,43,37,Low,Rain,Evening,Weekday,31.43,9.25
B050,R03,31,45,Low,Clear,Night,Weekday,33.01,6.02
B012,R04,46,47,Low,Clear,Night,Weekday,45.41,3.51
B029,R05,41,27,Medium,Cloudy,Night,Weekday,64.07,7.39
B003,R04,11,8,High,Clear,Morning,Weekday,66.97,11.97
B026,R07,9,38,Low,Rain,Night,Weekend,32.37,4.95
B030,R03,19,8,Medium,Rain,Evening,Weekday,50.04,11.92
B009,R08,55,32,High,Clear,Evening,Weekday,78.98,12.65
B026,R08,46,28,Low,Rain,Evening,Weekday,31.63,11.19
B002,R03,12,41,Low,Clear,Evening,Weekday,21.04,6.41
B003,R08,60,22,Medium,Clear,Night,Weekday,65.01,6.29
B046,R08,13,10,Medium,Rain,Evening,Weekend,46.69,13.53
B004,R05,15,32,Medium,Rain,Morning,Weekend,44.74,6.82
B025,R07,26,22,Medium,Clear,Evening,Weekday,48.24,10.37
B013,R02,38,29,Low,Clear,Night,Weekday,36.09,9.45
B039,R05,39,26,Medium,Clear,Night,Weekend,57.81,8.47
B044,R06,17,40,Low,Clear,Afternoon,Weekend,24.32,2.87
B035,R04,15,29,High,Cloudy,Evening,Weekend,67.69,8.94
B023,R08,36,10,High,Clear,Night,Weekday,82.74,10.9
B009,R02,46,40,Low,Clear,Afternoon,Weekday,39.76,7.2
B002,R04,19,27,Low,Rain,Morning,Weekday,29.91,10.34
B041,R08,42,41,Low,Clear,Evening,Weekday,51.35,7.27
B044,R05,5,49,Low,Clear,Night,Weekday,23.73,4.65
B031,R02,50,42,Low,Rain,Night,Weekday,50.45,6.02
B044,R05,54,12,Medium,Clear,Evening,Weekday,64.64,10.93
B047,R06,28,11,High,Cloudy,Afternoon,Weekday,79.85,9.91
B002,R01,47,41,Medium,Clear,Evening,Weekday,59.48,10.89
B032,R03,44,24,Low,Clear,Morning,Weekday,45.01,8.56
B018,R07,26,40,Low,Clear,Morning,Weekday,38.39,9.86
B013,R02,7,49,Low,Clear,Evening,Weekend,31.21,5.42
B046,R03,18,45,Low,Clear,Afternoon,Weekday,29.63,2.89
B005,R01,6,9,High,Clear,Morning,Weekday,61.65,12.88
B042,R02,36,41,Low,Clear,Evening,Weekday,31.09,5.93
B044,R03,52,27,High,Clear,Afternoon,Weekend,85.63,8.7
B010,R03,42,15,Medium,Clear,Afternoon,Weekday,65.02,8.96
B043,R02,37,19,Medium,Rain,Night,Weekday,61.99,11.56
B025,R03,50,8,Medium,Rain,Morning,Weekend,64.9,13.29
B034,R03,46,35,Medium,Rain,Evening,Weekend,64.85,11.47
B037,R02,10,14,Medium,Cloudy,Morning,Weekday,53.35,7.92
B030,R07,45,44,Low,Clear,Afternoon,Weekday,45.91,5.08
B007,R03,43,35,Low,Cloudy,Night,Weekend,40.33,5.19
B006,R03,29,12,High,Rain,Morning,Weekend,74.49,14.9
B003,R07,38,27,Low,Clear,Evening,Weekday,42.38,7.46
B013,R04,15,32,Medium,Clear,Morning,Weekday,50.47,4.01
B003,R06,50,38,Medium,Clear,Afternoon,Weekday,76.29,9.24
B026,R04,41,43,Low,Clear,Night,Weekday,48.75,5.85
B024,R08,45,25,Low,Clear,Morning,Weekday,37.37,6.1
B006,R01,11,33,Low,Rain,Afternoon,Weekday,22.25,4.89
B043,R04,50,24,Medium,Cloudy,Afternoon,Weekend,71.39,8.67
B049,R04,52,20,Medium,Clear,Night,Weekday,62.12,8.63
B042,R01,26,12,High,Cloudy,Afternoon,Weekend,73.84,7.35
B012,R03,52,42,Medium,Clear,Morning,Weekend,74.12,6.22
B049,R03,43,30,Low,Cloudy,Evening,Weekend,43.06,6.91
B036,R04,14,12,Medium,Rain,Night,Weekday,51.91,9.56
B002,R01,25,39,Medium,Cloudy,Afternoon,Weekday,53.61,5.73
B011,R03,10,24,Medium,Cloudy,Morning,Weekday,44.65,8.7
B039,R05,53,37,Medium,Clear,Night,Weekend,57.29,8.33
B034,R02,5,30,Medium,Clear,Afternoon,Weekday,43.78,7.26
B026,R02,38,48,Low,Cloudy,Morning,Weekday,36.35,6.32
B018,R06,18,35,Medium,Rain,Afternoon,Weekday,55.71,11.14
B021,R02,40,44,Low,Cloudy,Morning,Weekday,27.37,4.97
B036,R04,31,26,Medium,Rain,Afternoon,Weekend,52.96,9.17
B040,R02,13,37,Low,Rain,Night,Weekday,33.44,5.96
B046,R02,59,8,High,Cloudy,Night,Weekday,99.28,11.92
B044,R05,10,21,Medium,Rain,Night,Weekday,50.76,9.75
B022,R03,35,17,Medium,Clear,Afternoon,Weekend,60.85,6.68
B030,R05,21,15,High,Clear,Afternoon,Weekday,61.88,9.48
B050,R04,57,8,High,Cloudy,Night,Weekend,83.2,12.05
B043,R02,47,32,Medium,Clear,Night,Weekday,68.14,7.76
B030,R07,40,28,Low,Rain,Evening,Weekday,33.55,6.31
B008,R03,25,24,High,Clear,Morning,Weekday,71.33,12.03
B034,R06,31,14,Medium,Clear,Evening,Weekday,53.94,11.54
B047,R06,45,29,Medium,Rain,Morning,Weekday,64.6,10.17
B009,R08,32,34,High,Clear,Afternoon,Weekday,79.35,11.24
B020,R08,20,36,Low,Clear,Morning,Weekday,17.31,5.85
B040,R02,39,41,Low,Clear,Morning,Weekday,40.92,8.1
B025,R02,40,29,Medium,Cloudy,Afternoon,Weekday,56.6,7.94
B019,R06,60,21,High,Cloudy,Afternoon,Weekday,92.78,10.39
B005,R06,39,29,Medium,Rain,Afternoon,Weekday,50.6,10.92
B011,R07,49,37,Medium,Clear,Night,Weekday,69.58,6.82
B015,R04,23,22,Medium,Rain,Night,Weekday,47.93,10.03
B008,R02,25,36,Medium,Clear,Morning,Weekday,50.57,5.86
B019,R06,37,31,High,Clear,Afternoon,Weekday,86.65,8.94
B023,R07,27,47,Low,Clear,Night,Weekday,32.82,2.27
B027,R01,59,19,Medium,Clear,Afternoon,Weekday,74.44,9.43
B040,R06,10,26,High,Clear,Morning,Weekday,64.88,10.97
B032,R03,36,19,Medium,Clear,Night,Weekend,66.32,7.6
B026,R03,26,32,Low,Clear,Night,Weekend,34.7,5.67
B027,R01,7,24,Low,Rain,Evening,Weekday,26.08,12.63
B019,R08,39,28,High,Clear,Morning,Weekday,80.4,11.05
B050,R04,20,27,Low,Rain,Night,Weekday,28.52,8.05
B042,R08,46,14,Medium,Rain,Morning,Weekday,67.38,12.34
B029,R02,29,28,Low,Clear,Morning,Weekday,30.76,4.38
B039,R08,21,14,Medium,Clear,Afternoon,Weekday,54.14,8.52
B041,R02,43,42,Medium,Cloudy,Morning,Weekday,66.31,9.48
B033,R06,17,8,High,Rain,Evening,Weekday,71.18,14.97
B019,R03,32,21,Medium,Rain,Night,Weekday,51.29,9.47
B037,R04,15,26,Medium,Cloudy,Morning,Weekend,49.74,6.17
B019,R04,14,35,Medium,Clear,Morning,Weekday,52.24,5.96
B033,R04,43,48,Low,Clear,Afternoon,Weekday,35.16,4.52
B047,R06,28,41,Low,Rain,Afternoon,Weekday,26.37,5.64
B016,R02,42,13,High,Cloudy,Evening,Weekday,85.23,14.78
B023,R04,28,24,Medium,Rain,Morning,Weekday,50.77,12.93
B007,R06,37,32,Medium,Cloudy,Morning,Weekday,62.23,10.59
B026,R06,21,33,Low,Clear,Morning,Weekday,39.06,8.41
B032,R01,48,23,High,Rain,Morning,Weekday,76.64,13.91
B012,R05,40,20,Medium,Rain,Night,Weekday,52.21,12.35
B008,R08,39,25,High,Clear,Morning,Weekend,83.51,10.07
B005,R04,10,9,High,Clear,Morning,Weekday,71.56,11.21
B042,R05,20,10,High,Clear,Night,Weekday,78.57,10.1
B028,R02,49,33,High,Cloudy,Afternoon,Weekend,88.53,7.49
B005,R06,32,29,Low,Clear,Evening,Weekday,35.33,7.55
B049,R07,45,22,High,Clear,Morning,Weekday,82.98,11.75
B026,R08,36,37,Low,Clear,Night,Weekday,39.68,6.29
B005,R08,30,31,High,Clear,Morning,Weekday,83.42,10.29
B022,R04,15,28,Low,Clear,Afternoon,Weekday,28.96,4.35
B015,R07,56,41,Medium,Cloudy,Night,Weekday,64.55,8.6
B013,R03,29,14,Low,Rain,Night,Weekday,35.62,7.98
B028,R02,35,12,High,Cloudy,Night,Weekday,69.69,10.64
B033,R01,25,45,Low,Cloudy,Morning,Weekend,29.72,5.69
B043,R01,49,42,Medium,Cloudy,Afternoon,Weekday,62.96,8.44
B023,R05,59,8,High,Cloudy,Evening,Weekday,87.55,16.09
B033,R06,55,22,Medium,Clear,Night,Weekend,59.57,8.64
B043,R05,7,36,Low,Clear,Morning,Weekday,17.57,5.87
B018,R03,16,14,Medium,Clear,Evening,Weekend,47.9,11.51
B050,R03,55,38,Low,Rain,Night,Weekend,51.69,6.21
B030,R08,44,19,Medium,Rain,Morning,Weekend,59.91,13.02
B026,R01,50,33,High,Cloudy,Evening,Weekday,85.38,11.95
B016,R07,58,8,Medium,Rain,Evening,Weekday,73.39,11.55
B013,R04,45,28,Low,Rain,Night,Weekday,55.85,11.26
B039,R01,29,8,Medium,Rain,Morning,Weekday,52.92,11.91
B033,R01,60,21,High,Clear,Evening,Weekday,85.79,17.39
B026,R07,21,47,Low,Cloudy,Afternoon,Weekday,34.45,4.11
B048,R08,42,21,Medium,Cloudy,Afternoon,Weekday,65.26,7.17
B001,R08,40,17,Medium,Cloudy,Evening,Weekday,53.46,12.04
B049,R07,40,14,High,Clear,Night,Weekday,74.41,10.3
B038,R03,23,13,High,Cloudy,Night,Weekday,64.65,10.38
B002,R07,48,20,Low,Clear,Night,Weekday,40.42,7.95
B049,R05,6,20,Medium,Rain,Evening,Weekday,47.32,11.9
B006,R03,21,16,Medium,Cloudy,Night,Weekday,52.29,8.18
B046,R07,34,28,Low,Clear,Night,Weekday,37.84,5.17
B050,R06,51,50,Low,Clear,Afternoon,Weekday,40.59,1.61
B038,R03,14,28,Medium,Cloudy,Morning,Weekday,41.7,9.0
B042,R03,39,23,Low,Cloudy,Afternoon,Weekday,39.87,7.37
B024,R01,56,8,High,Cloudy,Evening,Weekend,87.76,16.09
B018,R04,40,46,Low,Cloudy,Afternoon,Weekday,42.45,5.97
B027,R01,58,43,Low,Rain,Morning,Weekend,55.94,7.15
B041,R02,37,21,Low,Clear,Afternoon,Weekend,32.81,2.53
B008,R03,5,24,Low,Cloudy,Night,Weekday,21.75,1.58
B028,R07,22,8,Medium,Rain,Morning,Weekday,51.57,12.91
B010,R07,8,17,Medium,Rain,Evening,Weekend,44.97,12.0
B017,R07,59,16,Medium,Clear,Afternoon,Weekday,69.87,10.32
B029,R03,58,8,High,Clear,Afternoon,Weekend,88.82,11.58
B006,R07,51,24,High,Clear,Night,Weekday,86.45,12.6
B014,R02,31,41,Low,Rain,Morning,Weekend,38.08,8.35
B022,R03,29,33,High,Clear,Night,Weekend,70.97,6.51
B006,R07,59,26,Medium,Clear,Afternoon,Weekend,71.85,7.04
B026,R03,32,42,Medium,Clear,Afternoon,Weekday,58.57,7.21
B039,R06,57,30,Medium,Clear,Morning,Weekday,69.67,10.3
B012,R03,26,33,Low,Cloudy,Afternoon,Weekend,40.88,4.14
B035,R02,46,15,High,Cloudy,Morning,Weekend,84.08,10.84
B014,R01,29,21,Low,Cloudy,Evening,Weekday,36.32,6.93
B022,R03,21,38,Medium,Clear,Afternoon,Weekday,45.61,8.93
B023,R04,58,39,Low,Clear,Morning,Weekday,54.2,6.12
B048,R02,48,8,High,Rain,Morning,Weekday,93.57,14.8
B007,R05,56,8,High,Clear,Night,Weekday,88.78,12.08
B040,R06,16,23,Low,Rain,Afternoon,Weekday,17.68,8.65
B050,R02,20,28,Medium,Clear,Night,Weekend,55.38,6.52
B025,R01,41,35,Medium,Clear,Morning,Weekday,67.35,6.54
B013,R07,20,16,Medium,Clear,Evening,Weekday,51.08,10.68
B021,R07,21,21,Medium,Rain,Evening,Weekend,47.91,12.94
B041,R02,59,29,Medium,Clear,Afternoon,Weekday,75.87,9.05
B010,R05,35,44,Low,Cloudy,Evening,Weekday,43.49,9.79
B009,R07,19,34,Medium,Cloudy,Afternoon,Weekend,50.76,7.78
B015,R06,17,14,Medium,Clear,Afternoon,Weekday,54.2,7.67
B002,R04,44,26,Medium,Clear,Morning,Weekday,58.37,9.0
B025,R05,31,12,High,Rain,Morning,Weekend,81.96,12.17
B013,R08,25,34,Low,Clear,Morning,Weekend,33.87,5.66
B034,R08,6,36,Low,Cloudy,Night,Weekend,21.47,3.69
B034,R02,12,30,Low,Rain,Morning,Weekday,26.58,10.67
B035,R05,46,42,Low,Clear,Afternoon,Weekday,47.04,5.27
B038,R07,11,27,Low,Clear,Morning,Weekday,27.04,5.45
B003,R07,14,24,High,Clear,Night,Weekday,76.18,10.74
B042,R02,8,48,Low,Clear,Morning,Weekday,30.07,3.04
B006,R07,47,39,Medium,Clear,Evening,Weekday,57.64,10.06
B048,R07,45,33,Low,Cloudy,Afternoon,Weekday,47.12,6.3
B049,R04,40,15,Medium,Cloudy,Evening,Weekday,65.03,11.19
B019,R04,39,13,High,Cloudy,Evening,Weekday,82.58,12.52
B003,R01,47,32,Low,Rain,Night,Weekend,38.75,9.44
B018,R04,7,24,High,Clear,Evening,Weekday,69.1,11.29
B039,R03,22,34,High,Clear,Morning,Weekday,72.3,10.73
B009,R05,55,18,Medium,Clear,Afternoon,Weekday,62.44,10.42
B012,R05,50,49,Low,Clear,Evening,Weekday,46.78,4.79
B005,R02,60,40,Medium,Clear,Evening,Weekday,75.66,8.24
B003,R04,47,26,High,Clear,Afternoon,Weekday,79.29,9.06
B011,R01,28,32,Low,Rain,Morning,Weekday,29.79,9.49
B030,R07,36,8,Medium,Rain,Evening,Weekday,61.64,12.66
B004,R01,38,40,Low,Clear,Afternoon,Weekend,40.84,2.96
B005,R01,6,19,Low,Rain,Morning,Weekday,27.11,9.22
B001,R06,6,8,High,Rain,Morning,Weekday,63.36,15.47
B027,R07,14,15,Medium,Clear,Morning,Weekday,59.54,10.9
B028,R03,27,26,Low,Clear,Night,Weekday,31.74,6.77
B029,R04,19,28,Medium,Rain,Morning,Weekday,52.85,12.0
B018,R07,58,34,Low,Cloudy,Morning,Weekend,46.72,6.91
B012,R01,16,14,Low,Rain,Afternoon,Weekday,21.0,9.24
B013,R07,47,13,Medium,Clear,Night,Weekday,62.89,9.48
B041,R03,21,16,Medium,Clear,Morning,Weekday,49.12,9.85
B002,R05,22,22,Low,Clear,Evening,Weekday,39.93,8.29
B037,R02,18,28,Low,Rain,Night,Weekday,31.2,7.35
B045,R04,21,15,Medium,Clear,Afternoon,Weekday,46.66,5.3
B016,R04,19,18,High,Clear,Night,Weekend,69.83,9.8
B048,R06,16,20,High,Clear,Evening,Weekday,63.52,11.61
B024,R05,20,30,Low,Clear,Night,Weekend,28.79,1.81
B035,R04,36,15,Medium,Clear,Evening,Weekday,63.22,11.93
B022,R06,27,30,High,Cloudy,Morning,Weekday,75.9,11.14
B036,R06,42,15,Medium,Clear,Morning,Weekend,52.78,7.31
B011,R06,38,8,High,Clear,Night,Weekday,75.07,13.92
B046,R08,38,22,High,Clear,Night,Weekday,74.87,10.08
B029,R04,20,21,Low,Cloudy,Afternoon,Weekday,26.58,9.38
B035,R04,38,35,Low,Clear,Afternoon,Weekday,40.48,7.25
B048,R04,44,39,Low,Clear,Evening,Weekday,47.24,9.86
B015,R03,11,32,Low,Cloudy,Morning,Weekday,23.82,6.26
B031,R06,37,11,High,Clear,Night,Weekday,75.36,11.32
B042,R03,8,22,High,Clear,Morning,Weekend,68.18,10.45
B041,R02,47,41,Low,Cloudy,Night,Weekday,45.07,5.88
B043,R04,56,13,Medium,Clear,Evening,Weekday,65.4,12.82
B016,R08,11,28,Medium,Clear,Morning,Weekday,43.56,8.19
B010,R07,22,34,Medium,Cloudy,Afternoon,Weekend,49.55,3.19
B049,R05,8,23,Medium,Cloudy,Evening,Weekday,49.56,8.43
B032,R08,53,17,High,Cloudy,Morning,Weekday,88.71,13.36
B002,R01,15,31,Low,Clear,Evening,Weekend,36.67,6.5
B024,R02,47,41,Low,Clear,Night,Weekday,46.24,8.4
B023,R07,24,32,Low,Cloudy,Morning,Weekday,27.57,6.17
B002,R01,15,21,Medium,Clear,Morning,Weekday,39.16,9.62
B038,R01,19,23,Low,Clear,Morning,Weekday,26.39,8.27
B031,R04,50,18,Medium,Cloudy,Afternoon,Weekday,56.84,9.89
B040,R05,21,33,Medium,Clear,Evening,Weekend,46.61,6.62
B026,R01,38,8,High,Cloudy,Afternoon,Weekday,79.1,11.94
B029,R06,54,26,Medium,Clear,Afternoon,Weekday,60.5,7.21
B003,R07,52,23,Low,Clear,Evening,Weekday,49.93,8.39
B014,R08,16,26,High,Rain,Evening,Weekday,65.47,13.22
B025,R08,46,12,High,Clear,Morning,Weekday,87.0,12.51
B048,R01,32,43,Low,Cloudy,Morning,Weekend,31.27,2.84
B001,R02,52,25,Low,Clear,Evening,Weekend,49.62,7.82
B003,R05,39,32,High,Clear,Morning,Weekday,76.98,11.1
B026,R05,12,36,Low,Clear,Night,Weekday,24.82,4.75
B018,R08,31,26,Low,Clear,Morning,Weekday,32.32,7.08
B009,R01,26,20,Medium,Rain,Evening,Weekend,52.25,14.5
B038,R05,58,29,Low,Rain,Afternoon,Weekday,51.88,9.58
B023,R02,28,49,Low,Cloudy,Evening,Weekday,27.11,5.36
B021,R08,6,12,Medium,Rain,Evening,Weekday,54.11,12.85
B001,R07,35,8,High,Cloudy,Afternoon,Weekend,88.67,9.21
B021,R02,26,28,High,Clear,Night,Weekday,70.5,10.65
B027,R02,5,32,High,Clear,Morning,Weekday,67.48,10.31
B042,R06,18,40,Low,Cloudy,Night,Weekday,23.02,6.74
B006,R04,29,41,Low,Clear,Afternoon,Weekday,26.3,6.18
B044,R01,40,23,High,Clear,Night,Weekday,89.66,12.41
B036,R07,40,10,Medium,Rain,Afternoon,Weekday,63.97,8.65
B028,R08,45,44,Low,Clear,Evening,Weekday,43.28,5.55
B045,R05,7,42,Low,Clear,Night,Weekday,27.27,4.78
B017,R02,9,37,Low,Clear,Morning,Weekday,21.17,4.83
B040,R08,5,22,Medium,Cloudy,Morning,Weekend,43.04,9.84
B003,R01,58,25,Low,Clear,Afternoon,Weekend,50.22,5.76
B012,R07,23,30,High,Clear,Evening,Weekend,64.3,11.61
B039,R07,37,46,Low,Clear,Night,Weekend,44.29,4.33
B012,R01,46,16,High,Clear,Night,Weekday,80.77,10.83
B002,R04,58,32,High,Clear,Afternoon,Weekday,83.15,9.11
B046,R06,34,32,Medium,Rain,Night,Weekday,65.46,10.39
B022,R05,16,20,Medium,Clear,Morning,Weekday,54.19,8.88
B023,R06,14,19,Medium,Cloudy,Morning,Weekday,45.97,7.94
B030,R07,38,32,Low,Cloudy,Night,Weekday,32.75,3.63
B005,R05,20,46,Low,Clear,Night,Weekday,32.67,4.06
B009,R07,44,40,Medium,Clear,Evening,Weekday,62.39,10.65
B021,R02,50,25,Medium,Clear,Evening,Weekend,76.0,10.04
B011,R02,33,12,Medium,Cloudy,Night,Weekend,63.25,9.04
B005,R01,19,16,Medium,Clear,Night,Weekday,47.25,7.9
B035,R05,52,17,Medium,Clear,Afternoon,Weekday,73.34,8.13
B027,R05,15,20,Medium,Clear,Evening,Weekday,54.31,10.73
B049,R07,48,31,Medium,Clear,Night,Weekend,55.3,6.69
B002,R06,38,24,Medium,Clear,Afternoon,Weekday,61.97,8.28
B024,R02,40,8,High,Rain,Evening,Weekend,86.12,15.97
B031,R03,34,41,Medium,Clear,Afternoon,Weekend,55.0,6.81
B033,R01,39,33,Medium,Clear,Night,Weekday,53.37,7.67
B039,R08,13,36,Medium,Cloudy,Morning,Weekend,61.6,8.06
B030,R05,22,10,Medium,Rain,Morning,Weekday,59.01,13.49
B046,R04,23,18,Medium,Clear,Morning,Weekend,52.97,9.42
B037,R04,43,29,Low,Clear,Morning,Weekday,30.99,9.73
B028,R03,8,8,High,Clear,Night,Weekday,62.14,10.97
B031,R02,10,48,Low,Clear,Morning,Weekday,35.05,7.61
B011,R02,55,29,Medium,Clear,Morning,Weekday,74.43,7.96
B023,R02,37,48,Low,Clear,Night,Weekend,37.38,2.08
B002,R06,36,35,Low,Clear,Evening,Weekend,35.72,5.72
B040,R07,20,15,High,Rain,Evening,Weekend,77.55,11.9
B041,R04,15,22,Medium,Clear,Evening,Weekday,46.54,12.16
B027,R02,26,20,High,Clear,Afternoon,Weekday,72.64,12.23
B035,R04,40,14,Low,Rain,Evening,Weekday,42.43,12.9
B002,R03,54,26,Low,Cloudy,Night,Weekday,50.22,7.42
B039,R01,27,28,Low,Clear,Evening,Weekday,28.27,6.09
B037,R07,30,36,Medium,Clear,Afternoon,Weekday,58.37,7.63
B021,R06,35,27,High,Rain,Afternoon,Weekday,72.78,12.35
B005,R05,33,36,Medium,Clear,Morning,Weekday,63.27,9.83
B045,R03,9,38,Medium,Cloudy,Night,Weekday,43.08,5.26
B021,R07,58,27,High,Rain,Evening,Weekday,90.74,15.93
B029,R04,42,33,Low,Clear,Evening,Weekday,26.91,9.36
B020,R03,29,28,Medium,Cloudy,Night,Weekend,58.97,7.9
B038,R05,38,19,Medium,Rain,Night,Weekday,64.17,11.34
B020,R07,16,26,Low,Cloudy,Night,Weekday,25.69,7.41
B050,R06,26,49,Low,Clear,Night,Weekday,26.42,2.62
B025,R08,13,19,Low,Rain,Night,Weekday,19.76,8.72
B002,R01,24,17,High,Cloudy,Night,Weekend,72.29,9.87
B032,R05,33,42,Medium,Cloudy,Night,Weekday,51.2,6.56
B026,R07,48,12,High,Cloudy,Afternoon,Weekend,83.95,11.5
B006,R06,33,20,Medium,Clear,Morning,Weekday,57.37,11.37
B041,R04,49,28,Medium,Clear,Evening,Weekday,65.93,7.64
B003,R05,31,37,Medium,Clear,Afternoon,Weekend,62.98,8.2
B033,R08,58,24,High,Clear,Afternoon,Weekday,95.83,10.02
B001,R03,59,21,Low,Clear,Evening,Weekday,50.57,11.25
B005,R02,21,31,Low,Clear,Afternoon,Weekend,34.14,3.17
B013,R03,9,33,Medium,Clear,Night,Weekday,46.79,7.07
B019,R04,56,12,High,Rain,Afternoon,Weekday,95.64,14.97
B012,R07,49,8,High,Cloudy,Evening,Weekend,85.54,12.5
B048,R08,17,26,Medium,Cloudy,Morning,Weekday,53.45,8.04
B025,R01,46,25,Low,Clear,Evening,Weekday,54.37,12.99
B035,R05,19,42,Low,Clear,Morning,Weekend,31.96,3.95
B012,R07,19,33,High,Clear,Night,Weekday,67.46,10.79
B030,R01,22,33,Medium,Cloudy,Afternoon,Weekday,49.17,11.16
B005,R04,54,47,Low,Cloudy,Evening,Weekend,43.68,5.7
B034,R05,6,14,High,Clear,Evening,Weekend,67.17,8.16
B022,R06,27,50,Low,Cloudy,Morning,Weekday,35.68,5.41
B039,R06,47,40,Medium,Cloudy,Afternoon,Weekend,62.07,5.6
B013,R07,17,28,Medium,Cloudy,Evening,Weekday,56.58,10.08
B047,R03,47,23,Low,Clear,Evening,Weekday,41.9,8.18
B003,R07,8,38,Low,Clear,Afternoon,Weekend,24.85,2.81
B020,R03,51,24,Low,Clear,Night,Weekend,41.96,5.87
B031,R08,58,34,Medium,Clear,Morning,Weekday,68.82,7.92
B005,R04,59,23,Medium,Clear,Evening,Weekday,65.85,10.84
B024,R06,29,38,Low,Clear,Afternoon,Weekday,34.35,4.82
B040,R08,15,8,High,Clear,Night,Weekday,62.62,9.33
B033,R05,54,46,Low,Clear,Evening,Weekend,44.81,6.82
B008,R06,52,30,Low,Clear,Night,Weekend,42.81,7.21
B024,R03,46,44,Low,Clear,Evening,Weekend,40.06,5.78
B050,R07,16,41,Low,Clear,Evening,Weekday,23.83,6.15
B020,R04,17,9,High,Clear,Night,Weekday,67.14,9.99
B016,R06,13,23,Low,Cloudy,Morning,Weekend,14.23,8.68
B050,R08,57,31,Medium,Rain,Night,Weekday,72.16,9.98
B012,R04,49,20,High,Clear,Afternoon,Weekday,86.2,9.78
B013,R08,42,23,Medium,Clear,Evening,Weekend,62.77,8.65
B045,R06,10,29,Medium,Rain,Night,Weekend,44.39,10.11
B042,R07,47,13,High,Cloudy,Night,Weekday,90.02,13.3
B039,R01,55,34,Medium,Clear,Evening,Weekday,64.16,8.85
B025,R07,47,47,Low,Cloudy,Evening,Weekday,35.23,8.15
B046,R06,14,37,Medium,Clear,Night,Weekday,48.55,5.63
B032,R03,27,17,High,Cloudy,Morning,Weekday,83.22,9.59
B024,R07,19,11,Medium,Rain,Evening,Weekday,56.91,10.95
B048,R05,49,38,Medium,Clear,Night,Weekend,69.26,6.32
B047,R03,27,19,High,Rain,Afternoon,Weekday,85.02,13.75
B044,R03,44,34,Medium,Clear,Morning,Weekday,60.12,9.21
B009,R03,41,43,Low,Clear,Afternoon,Weekend,38.38,4.23
B040,R04,38,30,Low,Clear,Evening,Weekday,37.87,5.28
B050,R02,20,35,Medium,Cloudy,Evening,Weekend,37.67,7.11
B023,R02,49,22,Low,Clear,Morning,Weekend,51.95,7.15
B050,R01,55,11,High,Cloudy,Evening,Weekday,87.63,13.18
B013,R08,45,31,Medium,Cloudy,Afternoon,Weekend,59.48,5.46
B032,R08,51,34,Medium,Clear,Night,Weekday,64.61,10.84
B050,R03,36,16,Medium,Clear,Night,Weekend,53.35,8.68
B015,R02,42,39,Medium,Clear,Afternoon,Weekday,61.32,8.48
B036,R01,44,15,Medium,Cloudy,Afternoon,Weekday,59.5,9.36
B049,R04,60,25,Low,Rain,Evening,Weekday,47.73,13.76
B005,R03,50,15,Medium,Clear,Evening,Weekday,60.63,10.04
B022,R05,9,9,High,Cloudy,Morning,Weekday,64.72,12.89
B016,R04,21,13,Medium,Clear,Night,Weekend,48.0,5.68
B041,R01,26,40,Medium,Clear,Morning,Weekday,59.8,8.09
B010,R04,43,24,Low,Clear,Afternoon,Weekday,44.2,6.68
B024,R05,45,18,High,Cloudy,Afternoon,Weekend,75.96,9.97
B018,R08,52,8,High,Rain,Morning,Weekday,89.07,15.92
B049,R04,22,8,Medium,Rain,Morning,Weekend,52.71,8.64
B018,R01,32,32,Medium,Clear,Night,Weekday,56.35,6.78
B007,R08,17,34,Medium,Cloudy,Afternoon,Weekday,47.71,6.51
B004,R08,54,16,Medium,Clear,Morning,Weekend,72.88,9.29
B026,R08,46,29,High,Clear,Night,Weekday,77.47,7.64
B005,R05,5,28,Low,Clear,Evening,Weekday,22.16,6.29
B016,R05,57,36,Medium,Clear,Evening,Weekday,60.12,10.99
B035,R08,54,27,Low,Cloudy,Night,Weekend,49.67,8.11
B026,R04,23,33,Low,Clear,Morning,Weekday,31.18,6.42
B018,R05,38,20,Medium,Rain,Night,Weekday,54.1,10.72
B029,R07,8,44,Low,Clear,Night,Weekend,24.92,1.49
B023,R04,47,13,Medium,Clear,Morning,Weekend,70.32,12.32
B014,R03,7,22,Low,Clear,Evening,Weekend,24.06,5.28
B015,R05,45,15,Medium,Clear,Night,Weekday,54.63,8.74
B049,R04,14,27,Low,Rain,Evening,Weekday,26.91,10.41
B033,R03,32,16,Medium,Clear,Night,Weekday,57.47,10.07
B025,R05,38,19,Medium,Rain,Afternoon,Weekday,55.54,10.36
B021,R03,43,29,High,Clear,Morning,Weekday,92.6,11.03
B017,R06,51,31,High,Clear,Evening,Weekday,78.25,11.64
B023,R05,23,37,Low,Clear,Morning,Weekend,18.78,3.25
B043,R06,46,25,Low,Rain,Evening,Weekday,38.31,11.82
B017,R01,60,22,Medium,Clear,Evening,Weekday,60.26,10.35
B014,R01,56,14,Medium,Rain,Morning,Weekday,72.72,13.08
B029,R04,50,23,Low,Clear,Night,Weekday,50.31,7.47
B020,R02,40,49,Low,Clear,Night,Weekday,31.95,4.62
B030,R06,47,31,Medium,Cloudy,Afternoon,Weekday,58.06,10.66
B019,R06,7,8,High,Clear,Evening,Weekday,57.43,14.7
B039,R01,27,34,High,Clear,Morning,Weekday,73.39,12.45
B013,R06,21,34,Low,Rain,Evening,Weekend,32.85,11.44
B018,R02,11,12,Medium,Clear,Night,Weekend,52.98,9.5
B023,R08,30,32,Low,Clear,Morning,Weekday,37.12,4.48
B046,R03,47,25,Medium,Clear,Morning,Weekend,61.82,9.81
B033,R03,22,25,High,Clear,Evening,Weekday,69.09,11.76
B039,R02,50,19,High,Clear,Afternoon,Weekday,85.49,11.29
B040,R06,50,24,Medium,Clear,Night,Weekday,65.79,7.96
B018,R06,10,34,Low,Cloudy,Night,Weekend,24.39,0.86
B009,R06,35,20,Medium,Clear,Evening,Weekday,57.99,9.58
B033,R07,33,8,High,Cloudy,Evening,Weekday,76.38,12.07
B032,R04,13,21,Low,Clear,Afternoon,Weekday,19.24,6.68
B017,R05,58,31,Low,Clear,Night,Weekday,49.74,6.21
B019,R02,39,35,Medium,Clear,Afternoon,Weekday,55.13,9.22
B027,R02,21,29,Medium,Cloudy,Morning,Weekday,51.53,11.29
B006,R07,16,27,High,Cloudy,Morning,Weekend,70.45,8.15
B035,R02,40,37,Medium,Clear,Afternoon,Weekday,65.89,5.65
B037,R08,56,15,Medium,Clear,Afternoon,Weekday,67.83,10.38
B034,R08,52,36,Medium,Cloudy,Evening,Weekday,62.81,10.71
B020,R02,28,16,High,Rain,Night,Weekend,78.22,11.91
B025,R07,14,18,High,Cloudy,Night,Weekday,67.32,7.78
B004,R02,34,8,High,Clear,Night,Weekday,86.82,11.63
B010,R06,33,27,Low,Cloudy,Afternoon,Weekend,29.41,4.64
B010,R07,43,20,High,Cloudy,Evening,Weekend,78.6,12.57
B024,R04,14,16,Medium,Clear,Evening,Weekend,43.43,8.54
B021,R01,43,26,Low,Clear,Evening,Weekday,50.72,9.68
B011,R06,59,22,Low,Clear,Afternoon,Weekday,51.77,8.65
B027,R08,32,17,Medium,Clear,Afternoon,Weekend,46.65,6.65
B016,R06,22,17,Medium,Rain,Evening,Weekend,42.03,12.73
B026,R05,45,12,High,Rain,Afternoon,Weekend,86.79,13.53
B030,R07,58,38,Medium,Clear,Morning,Weekday,63.71,9.13
B049,R08,54,36,Low,Clear,Night,Weekday,47.03,7.87
B016,R01,21,17,Medium,Cloudy,Night,Weekend,49.47,5.17
B007,R02,15,49,Low,Clear,Night,Weekday,37.39,2.83
B016,R01,5,16,Medium,Clear,Morning,Weekday,41.32,10.77
B035,R04,21,29,Medium,Clear,Evening,Weekend,48.39,8.39
B016,R03,40,8,High,Clear,Night,Weekday,82.82,11.16
B040,R06,40,23,Medium,Clear,Afternoon,Weekday,65.56,7.95
B012,R07,50,31,High,Cloudy,Morning,Weekday,85.61,10.23
B035,R07,13,19,High,Clear,Evening,Weekend,55.02,12.47
B049,R01,49,15,Medium,Rain,Morning,Weekend,68.54,12.64
B021,R05,32,32,Medium,Rain,Night,Weekday,49.21,9.87
B050,R08,52,38,Medium,Cloudy,Evening,Weekend,58.32,10.29
B043,R04,37,30,Low,Clear,Night,Weekday,36.04,7.55
B036,R03,7,26,High,Clear,Evening,Weekend,64.13,9.95
B048,R04,55,9,High,Cloudy,Night,Weekday,94.79,15.58
B017,R07,12,39,Low,Rain,Evening,Weekday,15.81,6.59
B032,R02,54,29,High,Clear,Morning,Weekday,87.77,14.23
B041,R03,10,35,Low,Clear,Evening,Weekday,32.39,7.13
B006,R08,56,9,High,Clear,Evening,Weekday,87.49,15.06
B024,R08,10,28,Low,Clear,Morning,Weekday,28.85,4.62
B027,R07,33,21,High,Clear,Evening,Weekend,79.93,9.55
B020,R05,41,8,Medium,Rain,Morning,Weekday,57.65,13.45
B025,R03,16,29,Medium,Clear,Night,Weekday,51.04,7.42
B002,R07,13,38,Low,Clear,Night,Weekend,27.09,3.77
B009,R05,45,21,Low,Rain,Night,Weekday,40.91,9.18
B028,R02,53,33,Low,Clear,Evening,Weekend,54.48,6.33
B038,R05,23,8,High,Rain,Afternoon,Weekend,70.63,12.38
B003,R04,21,29,Low,Clear,Afternoon,Weekday,38.05,2.6
B020,R01,58,13,Medium,Rain,Night,Weekday,67.3,15.6
B006,R04,52,15,High,Clear,Morning,Weekday,85.36,12.55
B039,R08,48,8,High,Rain,Evening,Weekend,82.84,13.99
B033,R07,36,42,Low,Clear,Morning,Weekday,43.25,5.3
B001,R07,39,22,High,Clear,Evening,Weekday,75.18,10.52
B037,R06,18,29,Low,Clear,Morning,Weekend,31.31,7.26
B006,R04,53,13,Medium,Clear,Night,Weekday,68.48,10.46
B045,R03,58,17,Medium,Clear,Afternoon,Weekday,71.01,9.38
B034,R08,20,34,Low,Rain,Morning,Weekend,40.25,7.66
B047,R02,25,24,Low,Clear,Night,Weekend,31.44,4.28
B015,R08,16,12,Medium,Cloudy,Afternoon,Weekday,61.66,5.24
B045,R06,28,37,Medium,Clear,Afternoon,Weekday,59.61,7.93
B026,R06,38,14,High,Rain,Afternoon,Weekday,71.77,13.31
B014,R06,12,34,Medium,Clear,Morning,Weekday,40.3,8.76
B007,R07,48,22,High,Rain,Morning,Weekday,89.14,15.92
B046,R01,25,42,Medium,Clear,Afternoon,Weekend,48.78,6.81
B031,R05,52,18,High,Clear,Morning,Weekend,87.23,11.77
B024,R03,12,13,Medium,Clear,Night,Weekday,42.53,8.25
B031,R08,32,24,High,Cloudy,Evening,Weekday,73.69,13.44
B029,R07,20,34,Low,Cloudy,Afternoon,Weekday,28.73,4.72
B042,R08,14,22,Medium,Cloudy,Evening,Weekday,51.93,11.38
B032,R02,56,45,Low,Clear,Afternoon,Weekday,46.87,7.07
B017,R07,19,32,Low,Cloudy,Evening,Weekday,36.63,6.2
B014,R01,8,24,Medium,Rain,Afternoon,Weekday,39.12,8.48
B040,R08,30,26,Medium,Clear,Night,Weekend,58.97,5.05
B036,R07,19,29,Low,Clear,Afternoon,Weekday,30.57,6.58
B048,R07,40,28,Medium,Cloudy,Night,Weekday,53.83,3.94
B024,R04,36,16,Medium,Clear,Afternoon,Weekday,55.05,4.77
B045,R02,47,20,Low,Cloudy,Morning,Weekday,42.91,9.14
B027,R06,42,30,Medium,Clear,Evening,Weekday,67.2,7.62
B025,R02,8,16,Medium,Rain,Night,Weekday,43.37,8.56
B032,R02,45,37,Low,Rain,Afternoon,Weekday,52.84,8.41
B018,R04,13,10,High,Cloudy,Morning,Weekday,64.91,9.35
B046,R05,39,13,Medium,Clear,Afternoon,Weekday,59.99,7.11
B018,R07,59,24,High,Clear,Evening,Weekday,96.11,15.22
B037,R03,32,27,Low,Rain,Afternoon,Weekend,29.7,8.01
B026,R06,41,23,High,Cloudy,Morning,Weekend,86.51,12.1
B009,R08,51,32,Low,Cloudy,Afternoon,Weekday,42.25,5.39
B035,R05,13,18,Medium,Clear,Afternoon,Weekday,45.33,10.26
B008,R01,6,33,Low,Clear,Night,Weekday,24.25,0.0
B020,R07,7,34,High,Clear,Night,Weekend,59.46,4.54
B042,R06,57,31,Medium,Clear,Afternoon,Weekday,81.81,5.81
B022,R03,48,35,Low,Cloudy,Afternoon,Weekday,45.11,4.54
B019,R07,52,49,Low,Cloudy,Morning,Weekday,46.69,8.23
B030,R01,9,28,Low,Clear,Afternoon,Weekday,21.55,7.86
B028,R04,14,38,Low,Cloudy,Evening,Weekday,20.29,6.53
B035,R05,32,26,Medium,Rain,Night,Weekday,61.68,11.14
B043,R07,19,16,Medium,Cloudy,Evening,Weekday,48.15,6.46
B011,R06,18,13,High,Clear,Afternoon,Weekday,70.65,10.85
B031,R02,50,11,High,Clear,Morning,Weekday,80.12,12.02
B049,R08,27,33,Medium,Rain,Evening,Weekday,57.57,9.92
B048,R08,17,33,Low,Clear,Afternoon,Weekday,26.93,4.19
B039,R08,20,15,Medium,Rain,Night,Weekday,41.74,10.44
B036,R03,34,41,Medium,Cloudy,Afternoon,Weekday,55.55,8.61
B030,R07,44,8,Medium,Rain,Night,Weekday,65.89,9.84
B023,R08,12,14,Medium,Rain,Morning,Weekend,48.94,9.4
B019,R06,21,8,High,Cloudy,Night,Weekday,72.42,12.41
B012,R02,34,10,High,Clear,Afternoon,Weekend,76.82,8.09
B015,R06,21,36,Low,Clear,Morning,Weekend,30.69,2.45
B031,R07,39,24,Low,Clear,Night,Weekday,36.72,9.97
B043,R01,5,27,High,Clear,Night,Weekend,68.31,5.75
B037,R02,53,13,High,Clear,Evening,Weekday,86.25,13.23
B037,R02,28,24,Low,Clear,Night,Weekday,31.37,5.67
B015,R06,52,16,Medium,Clear,Afternoon,Weekend,74.96,10.47
B029,R04,53,20,Medium,Clear,Morning,Weekday,72.69,10.74
B050,R07,29,15,Medium,Rain,Afternoon,Weekday,54.99,11.53
B043,R08,6,34,Low,Cloudy,Night,Weekday,21.24,5.43
B026,R04,29,23,High,Rain,Afternoon,Weekend,72.9,12.48
B044,R05,18,16,Medium,Clear,Evening,Weekday,44.18,11.44
B002,R08,43,50,Low,Clear,Afternoon,Weekday,46.26,6.57
B020,R01,55,28,Medium,Clear,Morning,Weekday,76.69,9.04
B015,R04,37,30,Medium,Clear,Morning,Weekend,61.37,6.75
B004,R06,21,17,High,Cloudy,Night,Weekday,78.26,9.17
B022,R07,35,40,Low,Clear,Morning,Weekday,41.81,5.36
B050,R04,14,27,High,Clear,Afternoon,Weekday,59.65,9.99
B038,R05,10,45,Low,Cloudy,Night,Weekday,32.32,0.51
B023,R03,43,13,Medium,Cloudy,Afternoon,Weekday,60.38,11.23
B026,R05,29,25,Medium,Cloudy,Evening,Weekday,55.6,10.47
B011,R02,42,31,Medium,Clear,Afternoon,Weekday,56.45,5.3
B028,R08,41,39,Medium,Clear,Morning,Weekend,51.73,7.67
B002,R07,34,8,High,Clear,Morning,Weekday,73.89,13.12
B008,R02,38,8,Medium,Rain,Evening,Weekday,60.37,15.31
B029,R04,22,19,Medium,Rain,Night,Weekday,51.64,10.38
B011,R04,28,41,Low,Clear,Morning,Weekend,37.98,5.14
B037,R05,53,35,Low,Clear,Morning,Weekday,47.95,7.43
B018,R05,60,29,Low,Cloudy,Morning,Weekday,50.76,10.08
B050,R06,31,21,High,Clear,Evening,Weekday,72.78,14.79
B014,R01,31,15,High,Rain,Evening,Weekend,85.62,14.39
B010,R06,59,8,High,Cloudy,Morning,Weekday,99.35,12.74
B035,R02,43,29,Low,Clear,Night,Weekend,42.84,5.77
B009,R06,25,40,Medium,Clear,Morning,Weekday,45.57,10.72
B035,R05,23,43,Low,Cloudy,Afternoon,Weekend,33.35,3.29
B011,R07,43,8,High,Clear,Afternoon,Weekday,75.2,10.42
B044,R06,27,27,Medium,Cloudy,Night,Weekday,46.51,9.92
B012,R03,43,24,Low,Clear,Morning,Weekday,46.5,8.45
B003,R08,52,15,Medium,Clear,Night,Weekday,61.73,9.63
B039,R01,48,36,Low,Cloudy,Afternoon,Weekday,41.54,3.62
B014,R05,51,24,Medium,Clear,Morning,Weekend,70.09,9.39
B028,R07,19,34,Medium,Clear,Morning,Weekend,51.87,8.45
B011,R04,47,33,Medium,Clear,Afternoon,Weekday,67.0,7.09
B039,R08,6,29,High,Cloudy,Night,Weekday,72.0,7.97
B025,R06,39,23,Medium,Cloudy,Night,Weekend,56.83,7.38
B021,R05,55,28,Medium,Clear,Evening,Weekday,69.2,10.67
B010,R04,24,12,High,Cloudy,Evening,Weekend,79.51,11.71
B043,R04,32,39,Medium,Clear,Evening,Weekend,51.38,10.38
B015,R02,19,39,Low,Clear,Night,Weekday,28.84,3.73
B019,R02,20,8,High,Cloudy,Morning,Weekday,74.32,11.07
B048,R07,37,43,Low,Cloudy,Morning,Weekday,32.34,5.12
B022,R05,51,20,Low,Clear,Evening,Weekend,46.65,7.76
B021,R08,16,21,Low,Clear,Night,Weekend,26.56,3.13
B044,R07,43,33,Low,Clear,Evening,Weekday,36.97,7.55
B032,R05,43,17,Low,Rain,Night,Weekday,47.52,10.87
B050,R03,47,48,Low,Clear,Night,Weekday,48.09,6.36
B023,R01,24,12,Medium,Clear,Evening,Weekend,54.67,8.02
B013,R01,33,20,Low,Clear,Morning,Weekday,40.04,7.46
B005,R08,47,34,Low,Clear,Morning,Weekday,41.5,8.27
B004,R05,53,33,Medium,Cloudy,Night,Weekend,66.77,6.18
B028,R02,7,49,Low,Clear,Afternoon,Weekend,19.39,3.58
B014,R08,52,46,Low,Clear,Afternoon,Weekday,49.87,4.94
B008,R06,9,12,Medium,Clear,Afternoon,Weekday,39.98,5.55
B009,R07,6,40,Low,Clear,Evening,Weekday,20.51,6.4
B035,R03,27,35,Low,Clear,Morning,Weekday,28.39,7.76
B037,R01,30,21,Medium,Clear,Afternoon,Weekday,56.08,6.81
B021,R05,30,38,Medium,Clear,Afternoon,Weekday,53.7,5.99
B018,R02,11,16,Medium,Cloudy,Afternoon,Weekend,47.51,5.83
B033,R02,14,8,High,Cloudy,Afternoon,Weekend,63.68,9.78
B008,R02,9,41,Medium,Clear,Evening,Weekend,40.73,5.46
B049,R07,51,25,Medium,Clear,Morning,Weekday,67.69,9.88
B017,R06,16,30,Low,Clear,Morning,Weekday,27.33,4.95
B043,R04,36,22,High,Clear,Morning,Weekday,92.21,11.26
B031,R08,46,31,Low,Rain,Afternoon,Weekday,46.26,8.58
B034,R07,35,23,Medium,Rain,Night,Weekday,58.2,9.92
B006,R06,26,14,Medium,Cloudy,Evening,Weekday,59.49,7.91
B022,R02,21,22,Medium,Clear,Evening,Weekday,55.51,12.6
B014,R05,24,23,High,Cloudy,Evening,Weekday,72.92,12.09
B003,R08,24,33,High,Clear,Morning,Weekday,87.23,9.28
B012,R03,47,45,Low,Cloudy,Morning,Weekday,49.28,7.11
B036,R06,12,48,Low,Clear,Evening,Weekday,20.43,6.63
B012,R05,51,19,High,Clear,Afternoon,Weekday,83.83,11.63
B045,R07,38,28,Medium,Clear,Night,Weekday,50.05,8.95
B002,R07,53,40,Medium,Clear,Morning,Weekday,59.18,10.57
B002,R08,27,31,Medium,Cloudy,Morning,Weekday,68.42,7.48
B015,R02,42,15,Medium,Cloudy,Afternoon,Weekday,67.76,8.6
B023,R03,57,11,High,Rain,Afternoon,Weekday,80.08,14.42
B029,R01,32,28,Medium,Rain,Morning,Weekday,55.97,12.25
B017,R01,17,22,Medium,Clear,Afternoon,Weekday,46.72,7.99
B032,R07,33,27,Medium,Clear,Afternoon,Weekend,69.76,3.59
B007,R05,12,23,High,Clear,Afternoon,Weekday,54.23,13.3
B030,R03,15,25,Medium,Rain,Night,Weekday,44.33,12.2
B028,R05,51,15,Medium,Clear,Night,Weekday,62.38,8.61
B014,R03,49,8,High,Clear,Night,Weekday,80.93,12.73
B044,R03,22,30,Medium,Clear,Afternoon,Weekday,52.29,6.03
B030,R07,54,20,Medium,Rain,Afternoon,Weekday,71.44,10.13
B017,R05,29,23,Medium,Rain,Night,Weekday,51.89,9.09
B032,R07,53,35,Medium,Clear,Night,Weekend,66.12,6.21
B046,R08,26,40,Low,Rain,Evening,Weekend,28.23,8.82
B006,R03,49,41,Medium,Clear,Morning,Weekend,60.13,8.53
B024,R06,39,27,Medium,Clear,Night,Weekday,61.56,7.68
B006,R02,33,12,Medium,Cloudy,Evening,Weekday,59.39,8.55
B027,R08,25,8,High,Clear,Evening,Weekday,63.28,13.43
B018,R03,60,13,Medium,Clear,Night,Weekday,66.36,12.05
B024,R06,11,8,High,Rain,Evening,Weekday,63.89,14.37
B037,R03,16,50,Low,Cloudy,Night,Weekday,26.07,3.34
B024,R06,40,39,Low,Rain,Morning,Weekday,38.68,12.42
B038,R05,28,17,Medium,Clear,Morning,Weekday,41.46,11.17
B034,R01,36,19,Medium,Clear,Morning,Weekday,63.36,8.61
B040,R04,31,25,Low,Clear,Night,Weekend,35.11,3.37
B047,R08,36,32,Low,Rain,Evening,Weekday,52.04,8.34
B015,R03,36,30,Medium,Clear,Night,Weekday,61.14,8.21
B011,R04,36,27,Medium,Clear,Morning,Weekday,59.91,11.78
B022,R03,30,15,Medium,Clear,Evening,Weekend,50.71,10.46
B024,R05,15,19,High,Cloudy,Afternoon,Weekend,64.59,7.04
B001,R05,50,32,High,Clear,Morning,Weekday,89.01,12.62
B018,R06,22,35,Medium,Clear,Night,Weekday,49.62,5.49
B044,R03,43,20,Medium,Clear,Night,Weekend,58.03,11.46
B012,R05,9,35,Medium,Clear,Night,Weekday,53.95,5.32
B043,R05,20,12,High,Clear,Afternoon,Weekend,71.86,7.64
B028,R03,15,11,High,Clear,Evening,Weekday,71.47,12.58
B040,R06,58,41,Low,Rain,Night,Weekend,47.46,8.67
B007,R06,39,24,Low,Clear,Night,Weekday,45.6,6.99
B023,R06,52,40,Low,Clear,Night,Weekday,43.35,6.17
B021,R06,15,28,Medium,Clear,Morning,Weekday,53.45,9.47
B034,R01,46,28,Medium,Rain,Morning,Weekday,60.76,12.33
B011,R03,27,38,Medium,Clear,Afternoon,Weekday,61.67,7.25
B022,R07,59,28,Low,Rain,Evening,Weekday,56.05,12.62
B042,R01,38,22,Medium,Rain,Evening,Weekday,56.91,11.02
B035,R05,52,25,High,Clear,Night,Weekday,97.38,10.11
B029,R01,21,17,Medium,Clear,Night,Weekday,51.23,9.16
B042,R08,14,47,Low,Cloudy,Morning,Weekday,35.62,2.82
B028,R07,22,21,Medium,Cloudy,Morning,Weekend,45.4,8.82
B018,R07,48,31,Medium,Cloudy,Morning,Weekend,67.53,7.81
B014,R07,12,21,High,Rain,Morning,Weekend,68.01,11.82
B018,R06,30,27,Medium,Clear,Night,Weekday,53.07,7.69
B028,R05,7,30,Medium,Cloudy,Morning,Weekday,48.32,5.62
B024,R01,56,19,Medium,Clear,Evening,Weekend,74.53,9.47
B008,R01,28,29,Medium,Clear,Morning,Weekday,56.7,10.87
B042,R08,7,16,Medium,Cloudy,Afternoon,Weekday,45.48,4.66
B045,R03,42,48,Low,Clear,Morning,Weekend,42.34,7.56
B008,R01,6,24,Medium,Clear,Night,Weekday,45.63,6.06
B004,R08,39,50,Low,Clear,Night,Weekday,43.51,3.49
B027,R05,21,34,Low,Clear,Night,Weekday,34.26,5.07
B036,R06,13,35,Medium,Rain,Morning,Weekend,49.55,11.48
B005,R03,40,25,Low,Clear,Evening,Weekday,37.79,6.38
B033,R08,26,21,Low,Cloudy,Night,Weekday,38.06,5.36
B049,R01,35,34,Medium,Clear,Evening,Weekday,60.39,10.38
B034,R03,59,26,Medium,Clear,Night,Weekday,71.45,10.04
B030,R04,38,46,Low,Clear,Night,Weekday,37.91,7.35
B008,R03,28,22,Medium,Clear,Evening,Weekday,58.95,8.33
B039,R07,13,24,Low,Clear,Afternoon,Weekday,16.31,3.63
B047,R06,50,22,Low,Rain,Night,Weekday,44.73,10.79
B026,R07,47,40,Medium,Clear,Evening,Weekday,61.56,8.29
B037,R04,6,39,Low,Clear,Night,Weekday,20.63,4.59
B034,R07,25,23,High,Clear,Morning,Weekday,71.19,12.13
B007,R04,38,37,Low,Clear,Evening,Weekend,33.84,3.9
B040,R03,31,15,High,Clear,Night,Weekday,73.78,13.2
B028,R05,41,28,High,Cloudy,Afternoon,Weekday,74.62,10.33
B039,R06,11,20,High,Clear,Morning,Weekday,67.57,9.87
B039,R05,26,28,Medium,Clear,Night,Weekday,57.71,7.56
B028,R06,8,8,High,Cloudy,Morning,Weekend,69.26,10.88
B014,R08,18,22,High,Clear,Afternoon,Weekend,71.74,8.74
B050,R06,38,44,Low,Clear,Evening,Weekday,36.2,8.12
B038,R07,27,40,Medium,Cloudy,Night,Weekday,47.97,5.63
B004,R07,48,42,Low,Cloudy,Evening,Weekday,40.74,7.61
B042,R05,46,38,Medium,Clear,Night,Weekday,61.42,6.94
B018,R02,29,29,Medium,Cloudy,Night,Weekend,51.35,6.97
B044,R08,5,39,Low,Clear,Evening,Weekday,34.64,6.12
B048,R04,55,24,High,Cloudy,Evening,Weekday,91.02,9.63
B025,R07,59,22,Low,Rain,Night,Weekend,52.4,7.91
B007,R08,52,31,High,Clear,Afternoon,Weekend,87.55,6.3
B038,R07,19,33,Low,Clear,Afternoon,Weekend,26.99,6.59
B028,R07,36,31,Medium,Clear,Night,Weekday,58.69,8.95
B005,R03,18,32,Low,Clear,Evening,Weekday,32.48,5.07
B003,R05,45,33,Low,Clear,Afternoon,Weekday,47.32,7.22
B044,R05,25,15,Medium,Cloudy,Night,Weekday,53.99,7.72
B031,R07,59,23,Low,Clear,Morning,Weekday,53.31,9.08
B047,R03,51,35,Medium,Clear,Night,Weekend,63.1,3.8
B042,R07,11,26,High,Cloudy,Evening,Weekday,57.65,11.38
B020,R04,40,23,Low,Cloudy,Night,Weekday,46.58,7.18
B019,R03,25,14,High,Clear,Morning,Weekend,69.53,8.09
B048,R07,54,20,Low,Cloudy,Morning,Weekday,44.0,10.79
B011,R06,44,18,Low,Rain,Night,Weekday,37.61,11.36
B040,R02,16,24,Low,Clear,Morning,Weekday,29.54,7.31
B003,R06,19,30,High,Clear,Night,Weekday,66.81,8.17
B023,R02,19,24,Low,Cloudy,Evening,Weekend,36.94,6.2
B007,R03,21,30,High,Cloudy,Evening,Weekend,77.81,12.31
B023,R06,38,34,High,Clear,Evening,Weekend,80.94,12.94
B007,R04,48,23,Medium,Clear,Afternoon,Weekday,60.51,7.85
B046,R08,39,26,Medium,Cloudy,Night,Weekday,68.8,5.47
B034,R06,43,8,High,Rain,Evening,Weekend,87.27,14.77
B042,R05,42,23,Medium,Cloudy,Night,Weekend,57.67,9.36
B019,R08,18,36,Low,Rain,Morning,Weekday,31.12,7.66
B009,R08,59,33,Medium,Cloudy,Evening,Weekday,70.94,8.76
B048,R02,9,10,High,Rain,Afternoon,Weekday,67.45,15.3
B018,R02,34,25,High,Cloudy,Evening,Weekend,77.74,8.57
B041,R07,8,35,Low,Rain,Afternoon,Weekday,24.12,8.93
B048,R04,19,30,Low,Clear,Morning,Weekday,44.19,6.71
B045,R02,43,8,High,Rain,Night,Weekend,84.49,12.88
B042,R02,39,39,Low,Clear,Morning,Weekend,36.26,6.4
B025,R07,49,18,Medium,Clear,Morning,Weekday,62.56,10.48
B014,R04,14,43,Low,Clear,Morning,Weekend,36.48,4.31
B044,R06,59,9,High,Clear,Morning,Weekday,88.09,12.23
B025,R03,6,28,High,Clear,Morning,Weekday,58.63,9.36
B019,R06,48,25,Low,Rain,Night,Weekday,44.61,10.24
B039,R05,28,25,Low,Cloudy,Afternoon,Weekday,33.42,4.13
B015,R05,32,24,Medium,Rain,Morning,Weekday,63.37,13.27
B016,R02,26,42,Low,Rain,Evening,Weekday,41.32,8.7
B027,R08,48,33,Medium,Clear,Afternoon,Weekday,62.91,6.08
B040,R05,36,13,Medium,Clear,Afternoon,Weekday,62.54,8.81
B010,R03,35,30,Low,Clear,Evening,Weekday,37.26,8.43
B004,R02,23,19,Medium,Clear,Evening,Weekday,47.89,8.82
B019,R07,55,33,High,Cloudy,Evening,Weekday,96.9,14.08
B028,R05,25,38,Medium,Clear,Evening,Weekday,62.7,9.92
B021,R08,7,41,Low,Clear,Evening,Weekday,25.72,6.75
B047,R07,10,15,Medium,Clear,Morning,Weekday,42.33,8.93
B014,R01,36,10,High,Clear,Afternoon,Weekday,73.58,12.31
B033,R01,6,26,Medium,Clear,Evening,Weekday,46.8,10.49
B048,R01,28,36,Low,Rain,Evening,Weekday,41.16,8.63
B010,R07,49,38,Low,Clear,Night,Weekday,45.76,5.71
B019,R01,31,13,High,Clear,Afternoon,Weekday,81.54,10.36
B030,R06,13,8,High,Clear,Afternoon,Weekend,66.01,8.97
B022,R01,17,21,Medium,Cloudy,Morning,Weekday,46.29,11.2
B003,R02,59,38,Low,Clear,Afternoon,Weekday,51.39,7.91
B037,R04,18,14,Medium,Clear,Evening,Weekday,39.57,11.74
B041,R06,55,21,High,Clear,Night,Weekend,85.7,10.82
B018,R08,15,9,Medium,Rain,Afternoon,Weekday,52.24,11.05
B011,R04,18,34,Low,Rain,Night,Weekday,17.51,7.05
B048,R02,20,12,Medium,Clear,Evening,Weekday,44.23,11.11
B002,R08,14,9,High,Cloudy,Night,Weekday,66.99,7.9
B012,R02,24,26,Low,Clear,Afternoon,Weekday,26.7,7.02
B006,R03,20,13,Medium,Clear,Afternoon,Weekday,48.29,9.81
B043,R08,38,28,Medium,Clear,Morning,Weekend,49.49,7.0
B040,R06,20,34,Medium,Clear,Evening,Weekday,53.87,6.66
B044,R04,18,33,Medium,Cloudy,Morning,Weekday,55.14,9.0
B029,R01,57,34,Medium,Rain,Morning,Weekday,61.58,9.86
B030,R02,32,22,Low,Clear,Evening,Weekend,37.74,7.77
B002,R01,22,48,Low,Clear,Afternoon,Weekday,30.67,2.69
B009,R08,30,13,Medium,Clear,Night,Weekday,57.98,6.64
B047,R04,42,48,Low,Cloudy,Morning,Weekday,49.04,7.23
B002,R07,11,22,Medium,Rain,Afternoon,Weekday,40.46,11.89
B029,R06,49,18,Medium,Rain,Afternoon,Weekend,71.47,10.03
B033,R05,38,35,Low,Cloudy,Morning,Weekday,48.13,8.27
B010,R07,51,23,Medium,Clear,Morning,Weekday,57.5,9.16
B034,R08,53,29,Medium,Cloudy,Morning,Weekday,72.12,11.24
B044,R08,49,27,Low,Clear,Afternoon,Weekday,40.88,5.87
B008,R07,11,8,Medium,Rain,Evening,Weekday,49.37,15.05
B037,R05,37,31,High,Clear,Evening,Weekday,75.25,8.03
B033,R08,39,14,Medium,Cloudy,Morning,Weekday,57.41,9.76
B047,R08,56,35,Medium,Clear,Night,Weekday,65.43,7.5
B006,R02,54,41,Low,Clear,Afternoon,Weekday,42.86,3.33
B044,R03,43,26,Low,Cloudy,Night,Weekday,45.92,7.51
B040,R08,25,21,Low,Cloudy,Morning,Weekday,35.59,7.56
B045,R01,53,19,High,Cloudy,Afternoon,Weekday,89.72,12.17
B019,R02,32,41,Medium,Cloudy,Evening,Weekend,54.83,6.49
B032,R03,36,28,Low,Clear,Evening,Weekday,37.34,6.35
B027,R01,48,27,Medium,Rain,Night,Weekend,66.55,9.03
B001,R04,20,15,Low,Rain,Morning,Weekday,26.64,8.59
B043,R07,60,44,Low,Clear,Night,Weekday,48.22,5.18
B033,R07,14,23,Medium,Rain,Morning,Weekday,52.29,13.33
B040,R05,27,26,Low,Rain,Evening,Weekday,36.11,10.71
B032,R03,52,37,Medium,Cloudy,Afternoon,Weekday,72.45,8.72
B005,R01,56,43,Low,Clear,Evening,Weekday,36.02,6.93
B017,R08,54,26,Medium,Cloudy,Night,Weekend,75.0,6.27
B008,R02,19,26,High,Clear,Afternoon,Weekday,74.79,9.36
B042,R01,59,34,High,Cloudy,Morning,Weekday,94.88,11.62
B034,R02,47,32,High,Clear,Evening,Weekend,76.09,12.35
B009,R07,54,12,High,Rain,Morning,Weekday,84.89,17.5
B023,R05,10,30,Medium,Cloudy,Evening,Weekend,43.53,9.03
B035,R08,37,26,Medium,Clear,Morning,Weekday,60.0,12.64
B050,R05,59,25,Medium,Cloudy,Evening,Weekday,79.04,11.05
B007,R01,43,8,High,Clear,Evening,Weekend,83.18,13.44
B015,R01,16,18,Medium,Clear,Morning,Weekday,54.52,11.13
B020,R02,56,22,Low,Clear,Evening,Weekday,55.62,10.53
B050,R02,40,32,High,Clear,Evening,Weekend,84.11,11.94
B025,R03,35,8,High,Rain,Evening,Weekend,79.28,14.77
B003,R07,14,28,High,Clear,Night,Weekend,73.85,7.62
B046,R03,57,35,Low,Cloudy,Evening,Weekday,41.27,7.83
B024,R03,38,21,Low,Clear,Morning,Weekday,42.81,7.85
B034,R01,45,22,Low,Cloudy,Morning,Weekday,50.81,8.41
B046,R06,14,42,Medium,Cloudy,Night,Weekend,48.37,3.8
B022,R06,56,31,Low,Clear,Evening,Weekday,51.58,6.89
B011,R06,15,8,Medium,Rain,Night,Weekday,53.25,9.33
B048,R06,18,34,Low,Clear,Night,Weekend,27.74,5.72
B008,R03,7,48,Low,Cloudy,Evening,Weekend,39.18,3.6
B039,R01,37,12,Medium,Clear,Morning,Weekend,53.08,10.52
B043,R06,11,8,High,Clear,Evening,Weekday,56.71,11.98
B035,R08,8,27,Low,Rain,Night,Weekday,28.08,9.45
B049,R05,43,37,Medium,Cloudy,Afternoon,Weekend,58.95,4.48
B046,R04,52,22,Low,Clear,Night,Weekday,47.41,6.86
B038,R05,14,26,Low,Rain,Morning,Weekend,28.88,7.51
B008,R01,19,33,Medium,Clear,Evening,Weekday,52.22,8.71
B037,R01,20,21,Medium,Cloudy,Afternoon,Weekend,43.91,8.09
B027,R04,42,8,High,Clear,Night,Weekday,77.74,11.29
B028,R02,8,31,Medium,Cloudy,Night,Weekend,50.16,4.54
B040,R02,8,21,High,Clear,Night,Weekday,61.74,9.04
B034,R08,60,42,Low,Clear,Evening,Weekend,49.83,6.37
B032,R02,59,16,Low,Rain,Evening,Weekday,47.0,13.08
B015,R03,40,46,Low,Clear,Night,Weekday,42.76,0.89
B044,R02,31,20,High,Clear,Evening,Weekday,73.69,11.52
B017,R07,26,39,Low,Clear,Afternoon,Weekday,41.4,4.81
B033,R03,26,23,Low,Clear,Afternoon,Weekday,29.34,7.18
B047,R03,21,26,Medium,Clear,Morning,Weekday,43.58,10.21
B046,R08,49,30,Low,Clear,Evening,Weekend,38.72,6.35
B016,R02,38,22,Low,Clear,Evening,Weekend,44.97,6.93
B029,R02,36,43,Low,Cloudy,Night,Weekday,32.17,2.27
B009,R08,56,26,Low,Cloudy,Afternoon,Weekday,41.41,7.13
B033,R04,10,14,Medium,Rain,Evening,Weekday,49.04,16.11
B049,R06,58,37,Medium,Cloudy,Evening,Weekend,78.22,9.25
B029,R08,37,38,Low,Clear,Evening,Weekend,49.44,5.2
B013,R04,12,39,Low,Clear,Night,Weekday,25.59,4.42
B021,R03,54,11,High,Cloudy,Afternoon,Weekday,71.83,8.61
B021,R04,57,26,Medium,Cloudy,Evening,Weekday,67.78,11.93
B005,R03,40,24,Medium,Clear,Evening,Weekday,66.35,12.25
B010,R01,9,37,Medium,Clear,Night,Weekday,39.47,5.68
B006,R03,9,22,Low,Cloudy,Morning,Weekday,21.91,5.65
B013,R03,51,24,High,Cloudy,Night,Weekday,87.32,9.87
B001,R04,14,32,Medium,Cloudy,Evening,Weekday,53.23,8.04
B020,R06,44,34,Low,Clear,Afternoon,Weekday,37.41,6.61
B047,R01,11,32,Medium,Cloudy,Afternoon,Weekday,51.16,6.88
B046,R05,16,40,Low,Cloudy,Evening,Weekday,31.84,6.1
B008,R05,34,37,Low,Rain,Morning,Weekend,36.01,8.2
B010,R06,29,13,High,Cloudy,Night,Weekday,78.66,9.54
B009,R05,32,32,High,Cloudy,Evening,Weekday,81.34,12.04
B049,R01,47,40,Low,Cloudy,Evening,Weekday,52.08,7.5
B041,R02,17,26,Medium,Clear,Evening,Weekday,56.37,6.86
B003,R01,51,30,High,Clear,Night,Weekday,80.11,11.14
B011,R04,53,42,Low,Rain,Afternoon,Weekday,49.2,7.62
B012,R08,26,38,Medium,Clear,Night,Weekday,53.09,5.99
B010,R07,58,25,Medium,Cloudy,Evening,Weekday,71.14,13.65
B025,R03,22,13,Medium,Rain,Afternoon,Weekday,51.54,11.57
B049,R03,31,33,Medium,Rain,Morning,Weekday,56.61,12.2
B049,R08,12,36,Medium,Cloudy,Evening,Weekday,46.24,7.31
B025,R04,10,18,High,Clear,Afternoon,Weekday,62.18,8.48
B011,R04,15,33,Low,Clear,Afternoon,Weekday,29.02,6.9
B036,R07,33,11,High,Rain,Afternoon,Weekday,81.41,17.05
B039,R07,45,46,Low,Clear,Evening,Weekday,41.87,8.34
B026,R03,9,26,Low,Rain,Morning,Weekday,22.22,5.27
B014,R07,11,29,Low,Clear,Afternoon,Weekday,26.87,3.8
B039,R07,26,23,Medium,Cloudy,Evening,Weekday,55.18,9.71
B040,R07,51,39,Low,Clear,Afternoon,Weekend,42.36,4.49
B001,R08,57,17,High,Clear,Night,Weekend,86.79,10.08
B004,R06,58,29,Medium,Rain,Afternoon,Weekday,63.67,8.96
B030,R02,8,46,Low,Cloudy,Evening,Weekday,25.97,8.32
B012,R07,36,26,Medium,Clear,Afternoon,Weekday,56.67,8.8
B035,R02,23,15,High,Clear,Afternoon,Weekday,78.69,8.97
B013,R02,49,40,Medium,Cloudy,Night,Weekday,67.43,6.49
B031,R04,37,21,Low,Clear,Night,Weekday,42.27,7.51
B038,R07,5,15,High,Rain,Evening,Weekend,63.62,12.52
B043,R03,58,28,Medium,Clear,Morning,Weekday,73.73,10.37
B023,R06,50,26,Medium,Clear,Morning,Weekday,57.21,10.66
B004,R03,45,46,Low,Clear,Morning,Weekend,42.73,4.65
B016,R07,60,34,Medium,Clear,Morning,Weekday,68.77,12.37
B007,R03,48,13,High,Clear,Evening,Weekend,90.05,8.76
B022,R07,54,42,Low,Rain,Evening,Weekend,40.95,7.94
B029,R06,45,30,Low,Clear,Night,Weekday,43.96,7.42
B011,R01,12,17,High,Clear,Night,Weekday,72.78,8.49
B033,R06,36,28,Low,Clear,Morning,Weekend,37.87,6.26
B029,R08,34,32,High,Cloudy,Night,Weekday,76.84,11.07
B039,R01,50,22,Low,Cloudy,Evening,Weekday,46.75,9.76
B012,R05,32,35,Medium,Cloudy,Morning,Weekday,55.29,8.76
B007,R01,45,20,Low,Clear,Afternoon,Weekday,44.88,8.76
B039,R02,56,9,High,Cloudy,Afternoon,Weekday,93.91,11.06
B042,R08,36,17,Medium,Cloudy,Afternoon,Weekday,59.98,9.33
B048,R02,29,8,High,Clear,Night,Weekday,74.75,11.69
B026,R08,38,15,Medium,Clear,Morning,Weekday,63.32,8.67
B040,R06,37,22,Low,Cloudy,Afternoon,Weekday,46.5,5.24
B009,R02,17,32,Low,Clear,Morning,Weekday,25.63,3.85
B041,R02,29,41,Medium,Clear,Evening,Weekday,64.36,8.89
B034,R05,46,15,Medium,Clear,Afternoon,Weekday,60.47,11.1
B045,R02,44,26,High,Clear,Afternoon,Weekend,84.24,7.88
B013,R04,43,41,Medium,Clear,Afternoon,Weekday,63.49,3.51
B036,R04,60,18,Medium,Cloudy,Evening,Weekday,72.29,11.49
B025,R04,48,15,High,Rain,Morning,Weekday,76.14,16.92
B024,R01,53,30,Low,Cloudy,Afternoon,Weekday,40.65,5.99
B044,R06,48,13,High,Clear,Afternoon,Weekend,82.36,11.07
B017,R06,52,30,Medium,Cloudy,Morning,Weekday,63.05,6.46
B002,R03,14,30,Medium,Cloudy,Night,Weekday,49.91,7.62
B013,R05,35,24,Low,Clear,Night,Weekend,43.8,7.57
B031,R04,48,20,Low,Cloudy,Afternoon,Weekday,34.05,9.89
B029,R04,15,45,Low,Cloudy,Afternoon,Weekday,22.03,5.29
B050,R02,29,14,High,Clear,Night,Weekend,72.11,13.27
B028,R04,50,16,High,Clear,Night,Weekend,79.65,11.42
B027,R02,58,49,Low,Clear,Afternoon,Weekend,47.59,4.06
B015,R02,56,27,High,Rain,Morning,Weekday,83.96,13.78
B031,R03,49,41,Medium,Clear,Night,Weekend,67.2,3.82
B040,R01,38,26,High,Clear,Afternoon,Weekday,92.82,8.88
B015,R02,24,48,Low,Clear,Evening,Weekday,27.97,4.27
B033,R02,11,12,Medium,Rain,Morning,Weekday,52.02,13.27
B020,R06,37,34,Medium,Clear,Afternoon,Weekday,71.92,5.6
B042,R03,39,35,Low,Cloudy,Evening,Weekday,36.39,6.01
B012,R02,33,35,Medium,Cloudy,Night,Weekday,67.53,8.56
B037,R05,56,20,Medium,Cloudy,Evening,Weekday,63.85,10.43
B009,R01,16,16,Low,Rain,Evening,Weekday,34.41,11.93
B023,R08,9,38,Low,Clear,Evening,Weekend,20.71,7.76
B008,R05,16,8,High,Rain,Night,Weekday,58.92,11.51
B032,R04,33,24,Low,Rain,Evening,Weekday,41.9,11.17
B048,R01,39,21,Low,Rain,Night,Weekday,42.3,13.56
B014,R04,24,24,Medium,Cloudy,Afternoon,Weekday,51.79,8.63
B027,R06,41,16,Medium,Rain,Evening,Weekday,52.42,14.86
B025,R07,5,20,Medium,Clear,Morning,Weekday,49.26,8.52
B013,R07,20,15,High,Clear,Afternoon,Weekday,75.61,10.28
B021,R07,34,43,Low,Clear,Night,Weekday,28.04,5.9
B045,R02,13,41,Medium,Clear,Afternoon,Weekday,47.78,4.08
B031,R03,46,19,High,Cloudy,Evening,Weekday,85.9,10.71
B037,R05,14,16,High,Clear,Night,Weekday,61.46,10.28
B048,R04,17,14,Medium,Clear,Evening,Weekday,53.66,9.81
B043,R02,52,25,Low,Cloudy,Afternoon,Weekday,58.64,4.9
B005,R07,24,18,Medium,Rain,Morning,Weekday,57.52,9.8
B013,R05,33,21,Low,Cloudy,Afternoon,Weekday,45.41,7.99
B028,R05,8,26,Medium,Rain,Afternoon,Weekend,48.65,8.29
B043,R06,50,40,Low,Cloudy,Evening,Weekend,39.48,5.96
B025,R06,53,43,Low,Rain,Morning,Weekday,50.83,9.45
B035,R07,32,31,Medium,Clear,Evening,Weekday,49.57,9.46
B047,R04,41,8,Medium,Rain,Evening,Weekday,58.0,13.78
B039,R07,17,27,Medium,Clear,Evening,Weekday,47.3,6.65
B007,R07,7,12,Medium,Rain,Night,Weekend,41.73,10.0
B038,R02,41,37,Medium,Cloudy,Evening,Weekend,56.56,6.8
B032,R03,52,17,Medium,Cloudy,Morning,Weekday,64.75,10.21
B003,R07,23,36,Medium,Cloudy,Evening,Weekday,50.9,9.31
B045,R04,32,15,Low,Rain,Evening,Weekday,42.45,12.55
B039,R05,23,9,Medium,Rain,Morning,Weekday,53.65,13.28
B037,R05,21,15,Medium,Clear,Afternoon,Weekday,55.47,8.42
B050,R08,22,17,Medium,Clear,Evening,Weekday,49.83,11.47
B022,R01,22,13,Medium,Clear,Afternoon,Weekday,55.84,9.09
B008,R07,27,33,Medium,Clear,Evening,Weekend,43.87,6.63
B017,R08,44,8,High,Clear,Evening,Weekday,75.61,14.86
B027,R08,54,19,Medium,Cloudy,Night,Weekend,72.05,9.47
B033,R02,13,26,Medium,Clear,Morning,Weekday,43.53,8.79
B046,R01,33,21,Medium,Cloudy,Morning,Weekend,57.04,9.69
B017,R06,55,34,Low,Clear,Afternoon,Weekday,35.81,6.65
B042,R03,46,37,Medium,Cloudy,Night,Weekday,61.09,2.57
B012,R04,33,38,Medium,Clear,Evening,Weekday,50.26,8.28
B048,R07,6,50,Low,Cloudy,Night,Weekday,19.6,2.8
B046,R05,21,17,Medium,Cloudy,Morning,Weekday,51.12,9.3
B027,R02,60,23,Medium,Clear,Evening,Weekday,70.51,10.42
B048,R05,49,11,High,Clear,Evening,Weekday,83.29,13.43
B008,R07,35,26,High,Clear,Afternoon,Weekend,82.02,9.87
B023,R06,32,18,Low,Rain,Night,Weekday,33.8,9.51
B042,R01,47,36,Medium,Cloudy,Evening,Weekday,62.18,9.33
B049,R07,52,46,Low,Cloudy,Morning,Weekday,40.02,3.81
B029,R01,56,44,Low,Clear,Afternoon,Weekday,54.07,7.11
B050,R04,43,29,High,Clear,Morning,Weekend,77.44,9.59
B020,R02,34,35,Low,Clear,Afternoon,Weekend,29.94,6.96
B016,R06,39,45,Low,Clear,Night,Weekday,33.43,3.45
B017,R02,52,18,High,Clear,Afternoon,Weekday,86.98,12.11
B016,R04,55,23,High,Clear,Night,Weekday,87.02,10.56
B019,R06,24,18,High,Cloudy,Night,Weekday,70.88,8.15
B008,R08,20,11,High,Clear,Evening,Weekday,75.02,13.73
B038,R06,38,30,Medium,Clear,Night,Weekday,54.08,5.3
B038,R01,18,33,Low,Cloudy,Afternoon,Weekend,31.47,4.13
B029,R01,30,38,Medium,Cloudy,Afternoon,Weekend,55.47,5.94
B041,R01,24,32,Medium,Cloudy,Evening,Weekday,54.04,7.9
B036,R05,46,35,Low,Clear,Afternoon,Weekend,43.57,6.64
B026,R08,55,8,High,Rain,Night,Weekend,83.75,13.81
B031,R03,28,8,Medium,Rain,Afternoon,Weekday,42.87,14.21
B044,R07,47,45,Low,Clear,Morning,Weekday,47.56,6.99
B012,R01,22,39,Low,Clear,Morning,Weekend,30.96,5.87
B017,R03,47,17,Low,Rain,Evening,Weekday,44.11,8.62
B015,R03,13,9,High,Rain,Night,Weekday,66.35,13.74
B009,R02,23,26,Medium,Clear,Afternoon,Weekday,44.09,8.12
B039,R04,24,19,Medium,Clear,Evening,Weekday,53.13,9.28
B042,R05,46,18,Medium,Rain,Evening,Weekday,63.15,12.4
B048,R03,34,37,Medium,Clear,Night,Weekday,56.64,6.67
B012,R07,30,11,High,Rain,Evening,Weekday,83.58,16.52
B032,R05,35,35,Medium,Clear,Morning,Weekday,58.11,6.96
B025,R02,39,26,High,Rain,Evening,Weekend,78.88,11.44
B039,R01,7,22,High,Clear,Afternoon,Weekday,62.74,10.13
B018,R06,60,11,High,Clear,Morning,Weekday,84.65,12.81
B015,R03,44,14,Medium,Rain,Morning,Weekday,62.7,13.03
B032,R04,33,16,High,Clear,Morning,Weekday,77.85,11.75
B006,R06,10,15,Medium,Clear,Afternoon,Weekday,41.69,8.29
B044,R02,56,8,High,Rain,Night,Weekday,91.72,16.38
B043,R05,5,8,High,Clear,Evening,Weekday,64.93,10.37
B035,R07,56,33,High,Clear,Evening,Weekday,87.43,12.64
B034,R08,28,22,High,Clear,Morning,Weekday,78.14,11.22
B038,R01,42,35,Medium,Cloudy,Morning,Weekend,59.08,8.44
B005,R05,38,47,Low,Cloudy,Evening,Weekday,42.99,9.92
B018,R04,55,33,Low,Rain,Afternoon,Weekend,45.06,6.01
B016,R03,11,21,High,Clear,Morning,Weekend,73.4,10.57
B008,R04,15,42,Low,Clear,Morning,Weekend,24.58,6.19
B025,R05,15,32,Medium,Clear,Afternoon,Weekday,46.71,5.14
B032,R05,40,10,Medium,Rain,Night,Weekday,55.67,11.53
B026,R06,24,25,Medium,Cloudy,Morning,Weekend,54.75,7.28
B022,R04,20,14,High,Rain,Night,Weekday,64.31,14.69
B031,R04,9,15,Medium,Rain,Afternoon,Weekday,43.91,10.27
B043,R04,28,10,High,Clear,Evening,Weekend,67.09,9.31
B010,R01,34,26,Medium,Clear,Evening,Weekday,59.69,13.29
